Transaction_ID,Transaction_Date,Warehouse_Name,City,Product_Category,Product_Name,Supplier_Name,Batch_Number,Inventory_Type,Quantity_Received,Quantity_Dispatched,Damaged_Units,Missing_Units,Unit_Cost_GBP,Selling_Price_GBP,Storage_Section,Employee_Handling,Dispatch_Status,Delivery_Days,Temperature_Controlled,Stock_Audit_Status,Customer_Returns
TXN100000,14-02-2025,London Central Hub,London,Electronics,Laptop,ASDA Distribution,BATCH-4582,Inbound,809,301,15,7,171.75,201.25,A1,Noah Wilson,Delayed,9,No,Passed,7
TXN100001,22-02-2025,Manchester Storage,Glasgow,Fashion,Handbag,London Trade Corp,BATCH-5333,Inbound,334,23,10,13,411.6,497.56,D2,Harry Johnson,Slightly Delayed,6,No,Passed,2
TXN100002,05-12-2025,Leeds Fulfillment,Manchester,Home Appliances,Microwave,UK Retail Goods,BATCH-2654,Outbound,899,663,39,11,694.94,1107.18,C1,Emily Harris,On Time,1,No,Passed,5
TXN100003,09-01-2026,Newcastle Depot,Bristol,Pharma,Cough Syrup,Britannia Pharma,BATCH-4598,Outbound,264,191,17,20,90.33,139.51,A1,Noah Wilson,Delayed,9,Yes,Passed,25
TXN100004,22-07-2025,Newcastle Depot,Birmingham,Pharma,Bandages,Britannia Pharma,BATCH-3287,Inbound,324,53,13,18,1052.26,1389.27,C1,Amelia Clark,Delayed,8,No,Failed,11
TXN100005,10-02-2026,Manchester Storage,Bristol,Grocery,Cooking Oil,Northern Supply Chain,BATCH-8668,Outbound,571,525,5,1,1034.02,1248.05,A1,Harry Johnson,On Time,3,No,Passed,24
TXN100006,13-05-2026,Birmingham Distribution,Manchester,Pharma,Paracetamol,Britannia Pharma,BATCH-9317,Inbound,350,242,10,14,8.88,14.26,B1,Charlie Davies,Slightly Delayed,5,Yes,Passed,17
TXN100007,03-05-2025,Manchester Storage,Manchester,Home Appliances,Mixer,Prime Wholesale UK,BATCH-2133,Inbound,663,351,31,0,138.68,187.78,B1,Emily Harris,Slightly Delayed,5,Yes,Passed,8
TXN100008,13-08-2025,Newcastle Depot,Manchester,Home Appliances,Air Fryer,UK Retail Goods,BATCH-4681,Inbound,266,257,34,6,856.97,1182.01,C2,Oliver Smith,Slightly Delayed,6,Yes,Failed,18
TXN100009,06-02-2025,Leeds Fulfillment,Newcastle,Grocery,Rice Pack,UK Retail Goods,BATCH-9834,Inbound,122,110,40,1,278.59,483.02,D2,Noah Wilson,Slightly Delayed,6,No,Passed,25
TXN100010,11-12-2025,Manchester Storage,London,Fashion,Jeans,Northern Supply Chain,BATCH-6559,Inbound,146,32,27,11,511.18,729.41,B2,Noah Wilson,On Time,1,Yes,Passed,17
TXN100011,18-02-2026,Manchester Storage,London,Fashion,Jeans,Tesco Supply Ltd,BATCH-2528,Inbound,482,113,17,14,303.52,530.03,B1,Amelia Clark,Delayed,8,No,Failed,15
TXN100012,27-05-2025,Newcastle Depot,Birmingham,Grocery,Tea Bags,UK Retail Goods,BATCH-5861,Inbound,974,80,10,12,7.58,10.41,A1,Oliver Smith,Delayed,8,No,Passed,1
TXN100013,05-02-2025,Liverpool Logistics,Bristol,Electronics,Keyboard,ASDA Distribution,BATCH-5033,Inbound,538,534,33,5,72.97,106.21,A2,Amelia Clark,On Time,3,No,Passed,8
TXN100014,21-04-2026,Manchester Storage,London,Grocery,Coffee,Prime Wholesale UK,BATCH-2638,Inbound,294,155,25,4,807.67,1058.05,B2,Jack Taylor,Slightly Delayed,6,Yes,Passed,11
TXN100015,18-02-2026,London Central Hub,Leeds,Electronics,Tablet,ASDA Distribution,BATCH-3200,Outbound,428,165,10,14,1001.33,1594.6,A2,Harry Johnson,Delayed,10,Yes,Passed,8
TXN100016,09-04-2026,London Central Hub,Manchester,Pharma,Vitamin Tablets,Northern Supply Chain,BATCH-5533,Inbound,784,371,13,20,1024.23,1489.01,A1,Charlie Davies,Slightly Delayed,5,Yes,Failed,20
TXN100017,07-10-2025,Glasgow Warehouse,Birmingham,Pharma,Vitamin Tablets,Northern Supply Chain,BATCH-3088,Inbound,809,472,35,13,675.28,795.69,C1,Charlie Davies,On Time,3,Yes,Passed,11
TXN100018,19-01-2026,Liverpool Logistics,Birmingham,Grocery,Cooking Oil,Sainsbury Logistics,BATCH-7755,Inbound,732,125,22,17,1061.54,1469.66,B1,Charlie Davies,Delayed,10,No,Passed,25
TXN100019,13-04-2025,Newcastle Depot,Glasgow,Grocery,Coffee,Britannia Pharma,BATCH-4728,Inbound,213,199,6,12,1047.24,1781.37,A1,Noah Wilson,Slightly Delayed,4,No,Passed,10
TXN100020,19-06-2025,Manchester Storage,Leeds,Pharma,Paracetamol,Sainsbury Logistics,BATCH-5349,Inbound,841,305,22,20,613.74,967.05,A2,Amelia Clark,Delayed,9,No,Failed,23
TXN100021,29-12-2025,Liverpool Logistics,Glasgow,Pharma,Bandages,Northern Supply Chain,BATCH-2146,Outbound,670,543,7,12,1079.91,1331.59,C2,Harry Johnson,On Time,1,No,Passed,16
TXN100022,13-12-2025,Birmingham Distribution,Leeds,Pharma,Bandages,Northern Supply Chain,BATCH-9977,Inbound,384,226,18,17,157.11,219.06,C1,Jack Taylor,Delayed,7,Yes,Passed,13
TXN100023,04-12-2025,Glasgow Warehouse,Manchester,Home Appliances,Microwave,UK Retail Goods,BATCH-6085,Inbound,526,246,28,6,615.85,1019.61,B2,George Brown,On Time,3,Yes,Passed,1
TXN100024,11-09-2025,Birmingham Distribution,London,Grocery,Tea Bags,ASDA Distribution,BATCH-7965,Inbound,675,94,29,13,1063.93,1599.05,B1,Emily Harris,Delayed,7,Yes,Passed,17
TXN100025,10-11-2025,Bristol Supply Hub,Newcastle,Grocery,Rice Pack,Sainsbury Logistics,BATCH-8777,Outbound,517,88,29,16,1185.53,1798.23,C1,Noah Wilson,Delayed,8,No,Passed,24
TXN100026,21-06-2025,Manchester Storage,Birmingham,Home Appliances,Air Fryer,Sainsbury Logistics,BATCH-4788,Outbound,691,264,17,14,97.59,126.87,B1,Noah Wilson,Slightly Delayed,5,Yes,Passed,13
TXN100027,30-04-2026,Bristol Supply Hub,Newcastle,Fashion,Sneakers,Tesco Supply Ltd,BATCH-6763,Outbound,605,497,26,1,252.17,351.55,D1,Amelia Clark,Delayed,10,Yes,Passed,15
TXN100028,06-01-2026,Newcastle Depot,Birmingham,Grocery,Coffee,Tesco Supply Ltd,BATCH-7455,Inbound,496,268,1,12,406.67,640.67,A2,Amelia Clark,Delayed,7,Yes,Passed,14
TXN100029,23-05-2025,Bristol Supply Hub,Leeds,Grocery,Rice Pack,ASDA Distribution,BATCH-8705,Inbound,316,214,20,6,548.37,732.76,A1,Charlie Davies,Delayed,7,Yes,Passed,20
TXN100030,06-03-2025,Manchester Storage,Liverpool,Electronics,Laptop,Prime Wholesale UK,BATCH-5198,Outbound,822,51,15,6,1007.88,1547.03,B1,Harry Johnson,Slightly Delayed,4,Yes,Passed,9
TXN100031,31-10-2025,Liverpool Logistics,Manchester,Electronics,Keyboard,Britannia Pharma,BATCH-2983,Inbound,76,39,36,12,479.0,766.64,C2,Amelia Clark,On Time,2,No,Passed,2
TXN100032,29-12-2025,Birmingham Distribution,Leeds,Home Appliances,Microwave,Prime Wholesale UK,BATCH-8616,Outbound,62,46,31,3,523.06,707.98,C1,Charlie Davies,Delayed,8,Yes,Passed,2
TXN100033,12-03-2026,Newcastle Depot,Liverpool,Pharma,Bandages,London Trade Corp,BATCH-5232,Outbound,299,257,36,19,803.49,1073.04,C1,Jack Taylor,Delayed,8,Yes,Passed,16
TXN100034,18-08-2025,Manchester Storage,Leeds,Grocery,Rice Pack,UK Retail Goods,BATCH-7625,Inbound,297,228,31,17,911.01,1442.52,C1,Charlie Davies,Delayed,8,No,Passed,17
TXN100035,09-05-2025,Liverpool Logistics,Glasgow,Home Appliances,Microwave,ASDA Distribution,BATCH-9779,Inbound,485,401,35,10,425.41,603.07,B2,Noah Wilson,Slightly Delayed,5,No,Passed,8
TXN100036,06-03-2025,London Central Hub,Leeds,Home Appliances,Microwave,Sainsbury Logistics,BATCH-9042,Inbound,152,69,18,7,436.25,572.18,A1,Jack Taylor,Delayed,9,No,Passed,15
TXN100037,07-02-2025,London Central Hub,Birmingham,Fashion,Sneakers,Sainsbury Logistics,BATCH-5978,Inbound,238,33,16,15,141.33,161.93,B2,Harry Johnson,Delayed,8,No,Passed,19
TXN100038,08-08-2025,London Central Hub,Manchester,Home Appliances,Vacuum Cleaner,UK Retail Goods,BATCH-4457,Outbound,844,555,24,14,1090.66,1426.74,A2,George Brown,Delayed,10,Yes,Passed,5
TXN100039,29-04-2025,Leeds Fulfillment,Newcastle,Home Appliances,Mixer,ASDA Distribution,BATCH-4824,Outbound,210,20,26,14,828.8,1184.3,B2,Amelia Clark,On Time,1,Yes,Passed,17
TXN100040,19-01-2026,Leeds Fulfillment,Newcastle,Grocery,Cooking Oil,ASDA Distribution,BATCH-8679,Outbound,980,292,9,2,76.27,126.21,D1,Jack Taylor,Delayed,10,No,Passed,14
TXN100041,28-10-2025,Leeds Fulfillment,London,Electronics,Keyboard,Sainsbury Logistics,BATCH-8708,Outbound,90,75,20,19,304.19,354.06,C1,George Brown,Delayed,10,No,Failed,20
TXN100042,18-06-2025,Newcastle Depot,Leeds,Fashion,Jacket,Northern Supply Chain,BATCH-1601,Outbound,531,376,26,10,388.66,455.98,A2,Charlie Davies,On Time,3,No,Passed,10
TXN100043,05-07-2025,Newcastle Depot,Newcastle,Electronics,Monitor,Tesco Supply Ltd,BATCH-4335,Outbound,935,546,0,17,557.06,633.9,B1,Jack Taylor,Delayed,9,No,Passed,22
TXN100044,10-10-2025,Liverpool Logistics,Manchester,Fashion,Jacket,Prime Wholesale UK,BATCH-2924,Inbound,79,60,38,7,853.19,1124.1,D2,Jack Taylor,On Time,1,No,Passed,13
TXN100045,18-01-2026,Manchester Storage,Leeds,Fashion,T-Shirt,Northern Supply Chain,BATCH-6568,Outbound,299,253,35,4,463.39,808.76,A1,Jack Taylor,Delayed,9,No,Failed,18
TXN100046,13-07-2025,Glasgow Warehouse,Liverpool,Home Appliances,Air Fryer,UK Retail Goods,BATCH-7274,Inbound,936,172,28,17,583.79,778.02,D1,Oliver Smith,Delayed,9,No,Passed,23
TXN100047,19-06-2025,Newcastle Depot,Manchester,Fashion,T-Shirt,Prime Wholesale UK,BATCH-1251,Inbound,445,359,9,15,1157.97,1376.1,D1,George Brown,Delayed,10,Yes,Failed,15
TXN100048,04-05-2026,Newcastle Depot,London,Pharma,Cough Syrup,ASDA Distribution,BATCH-4846,Outbound,688,427,5,10,1023.55,1741.61,B2,Harry Johnson,Delayed,7,No,Passed,3
TXN100049,03-07-2025,Birmingham Distribution,Liverpool,Electronics,Monitor,Northern Supply Chain,BATCH-3950,Inbound,220,197,19,0,59.96,99.37,B1,Harry Johnson,Slightly Delayed,5,No,Passed,19
TXN100050,08-12-2025,Newcastle Depot,Leeds,Grocery,Tea Bags,Sainsbury Logistics,BATCH-2210,Outbound,984,617,9,7,556.07,710.54,C2,Jack Taylor,Slightly Delayed,5,No,Passed,22
TXN100051,20-10-2025,Leeds Fulfillment,Leeds,Pharma,Bandages,Tesco Supply Ltd,BATCH-7484,Outbound,915,329,12,12,1024.74,1203.72,A1,Oliver Smith,Delayed,7,No,Passed,9
TXN100052,18-11-2025,London Central Hub,Leeds,Grocery,Cereal,Prime Wholesale UK,BATCH-1546,Outbound,871,380,14,20,232.21,296.17,B1,Harry Johnson,On Time,3,No,Passed,10
TXN100053,12-05-2025,Newcastle Depot,Leeds,Fashion,Jeans,London Trade Corp,BATCH-2886,Outbound,255,53,34,11,639.37,1112.15,A2,George Brown,On Time,3,Yes,Failed,21
TXN100054,11-12-2025,Leeds Fulfillment,Bristol,Fashion,Handbag,London Trade Corp,BATCH-2775,Inbound,424,66,25,0,321.03,380.91,D2,Oliver Smith,Slightly Delayed,6,No,Passed,19
TXN100055,05-06-2025,Manchester Storage,Manchester,Grocery,Rice Pack,UK Retail Goods,BATCH-9807,Inbound,700,495,19,20,492.91,590.43,D1,Emily Harris,On Time,1,No,Failed,21
TXN100056,26-04-2026,London Central Hub,Glasgow,Home Appliances,Air Fryer,UK Retail Goods,BATCH-8264,Outbound,651,178,26,20,123.33,177.91,B2,Charlie Davies,Delayed,7,Yes,Failed,21
TXN100057,16-02-2025,London Central Hub,London,Pharma,Cough Syrup,London Trade Corp,BATCH-4990,Inbound,112,70,17,6,1162.01,2050.14,B2,Harry Johnson,Delayed,8,Yes,Passed,18
TXN100058,04-10-2025,Birmingham Distribution,Manchester,Grocery,Cooking Oil,Tesco Supply Ltd,BATCH-3159,Inbound,386,95,38,0,336.34,601.65,C2,Noah Wilson,On Time,3,No,Passed,0
TXN100059,03-02-2026,Manchester Storage,Newcastle,Grocery,Coffee,UK Retail Goods,BATCH-1710,Outbound,103,36,26,16,140.81,161.16,D2,Oliver Smith,Delayed,8,Yes,Passed,15
TXN100060,17-03-2025,Leeds Fulfillment,Glasgow,Fashion,T-Shirt,Northern Supply Chain,BATCH-9692,Outbound,752,130,31,14,92.82,107.35,D2,Amelia Clark,Delayed,10,Yes,Passed,25
TXN100061,24-07-2025,Manchester Storage,Glasgow,Electronics,Keyboard,Northern Supply Chain,BATCH-6120,Outbound,788,240,27,14,1066.27,1481.76,C2,George Brown,Delayed,8,No,Passed,2
TXN100062,05-05-2026,Glasgow Warehouse,Manchester,Electronics,Laptop,Northern Supply Chain,BATCH-6793,Outbound,145,75,6,11,975.06,1452.31,A1,Jack Taylor,Delayed,10,No,Passed,11
TXN100063,08-07-2025,Leeds Fulfillment,Liverpool,Electronics,Keyboard,Northern Supply Chain,BATCH-1430,Outbound,569,237,9,15,272.97,320.95,A1,George Brown,Delayed,9,No,Passed,22
TXN100064,15-01-2026,London Central Hub,Manchester,Pharma,Cough Syrup,UK Retail Goods,BATCH-7163,Outbound,409,23,11,4,681.75,941.19,D2,Charlie Davies,On Time,3,Yes,Passed,11
TXN100065,26-01-2025,Leeds Fulfillment,Newcastle,Pharma,Cough Syrup,Northern Supply Chain,BATCH-8957,Outbound,845,601,38,2,1060.59,1282.15,D1,Jack Taylor,Delayed,10,Yes,Passed,24
TXN100066,08-12-2025,Liverpool Logistics,Bristol,Home Appliances,Mixer,Tesco Supply Ltd,BATCH-1125,Inbound,403,240,7,9,815.47,1235.6,C1,Noah Wilson,Delayed,9,Yes,Passed,24
TXN100067,30-09-2025,Glasgow Warehouse,Manchester,Pharma,Cough Syrup,Northern Supply Chain,BATCH-1693,Outbound,385,81,0,15,897.68,1097.85,A1,Emily Harris,Delayed,7,Yes,Passed,10
TXN100068,29-03-2025,Newcastle Depot,Glasgow,Home Appliances,Air Fryer,ASDA Distribution,BATCH-8155,Inbound,637,434,40,13,350.97,485.57,B2,Amelia Clark,Slightly Delayed,6,No,Passed,16
TXN100069,21-11-2025,Liverpool Logistics,Glasgow,Electronics,Monitor,London Trade Corp,BATCH-3419,Inbound,941,337,21,7,403.02,490.75,A2,George Brown,Delayed,9,No,Passed,6
TXN100070,22-01-2026,Newcastle Depot,Glasgow,Grocery,Cereal,London Trade Corp,BATCH-3473,Outbound,206,187,4,5,1141.79,1757.86,A2,Emily Harris,Delayed,8,No,Passed,20
TXN100071,30-01-2025,Leeds Fulfillment,Manchester,Pharma,Cough Syrup,ASDA Distribution,BATCH-9307,Outbound,655,77,22,16,93.66,133.3,D2,Oliver Smith,On Time,1,No,Passed,25
TXN100072,20-02-2026,Glasgow Warehouse,Manchester,Home Appliances,Vacuum Cleaner,Sainsbury Logistics,BATCH-1641,Inbound,379,329,30,16,185.28,211.83,D2,Emily Harris,On Time,2,Yes,Failed,11
TXN100073,03-02-2025,Bristol Supply Hub,Leeds,Pharma,Cough Syrup,Britannia Pharma,BATCH-3463,Outbound,446,229,21,19,67.58,104.18,A2,George Brown,Slightly Delayed,6,No,Passed,9
TXN100074,10-12-2025,Manchester Storage,Bristol,Fashion,Jeans,London Trade Corp,BATCH-1298,Outbound,659,106,19,17,455.13,752.86,C1,George Brown,On Time,3,Yes,Passed,10
TXN100075,30-01-2026,London Central Hub,Glasgow,Fashion,Jeans,Sainsbury Logistics,BATCH-7172,Inbound,281,90,9,2,358.47,592.08,B1,George Brown,Delayed,9,Yes,Passed,23
TXN100076,30-04-2025,Leeds Fulfillment,Newcastle,Fashion,Jacket,UK Retail Goods,BATCH-7026,Outbound,470,206,15,14,734.66,1195.05,D2,Jack Taylor,Delayed,8,No,Passed,16
TXN100077,24-03-2026,Manchester Storage,Manchester,Home Appliances,Air Fryer,Britannia Pharma,BATCH-2374,Inbound,215,71,38,4,1048.24,1191.35,C1,Emily Harris,Delayed,8,Yes,Passed,13
TXN100078,01-05-2025,Manchester Storage,Glasgow,Electronics,Tablet,UK Retail Goods,BATCH-1461,Outbound,886,481,22,0,500.8,689.86,A2,Charlie Davies,Slightly Delayed,6,Yes,Passed,4
TXN100079,03-01-2025,London Central Hub,Leeds,Electronics,Smartphone,UK Retail Goods,BATCH-3449,Outbound,989,869,30,4,911.82,1302.42,A2,Jack Taylor,Delayed,10,Yes,Failed,9
TXN100080,02-11-2025,Liverpool Logistics,Birmingham,Electronics,Laptop,Britannia Pharma,BATCH-8032,Inbound,294,234,40,19,551.25,649.15,C2,Noah Wilson,Delayed,8,No,Passed,5
TXN100081,11-01-2025,Newcastle Depot,London,Electronics,Keyboard,Northern Supply Chain,BATCH-7116,Outbound,419,54,33,17,611.26,1095.28,A1,Charlie Davies,Delayed,9,Yes,Passed,11
TXN100082,02-03-2026,Newcastle Depot,Newcastle,Grocery,Rice Pack,Sainsbury Logistics,BATCH-3209,Inbound,840,615,21,4,57.98,85.94,D2,Oliver Smith,On Time,3,No,Passed,6
TXN100083,31-08-2025,Liverpool Logistics,Leeds,Electronics,Tablet,London Trade Corp,BATCH-1783,Outbound,957,62,20,9,620.88,1112.86,C1,Harry Johnson,Delayed,9,No,Passed,13
TXN100084,17-05-2025,Bristol Supply Hub,Manchester,Fashion,T-Shirt,Northern Supply Chain,BATCH-3956,Outbound,966,415,21,5,597.96,866.01,C2,Harry Johnson,Delayed,9,Yes,Passed,10
TXN100085,08-01-2026,Glasgow Warehouse,Bristol,Pharma,Cough Syrup,Britannia Pharma,BATCH-1939,Inbound,506,328,27,5,829.27,1116.27,D1,Charlie Davies,On Time,1,Yes,Failed,0
TXN100086,05-07-2025,London Central Hub,Birmingham,Grocery,Cereal,Prime Wholesale UK,BATCH-7077,Outbound,744,468,2,4,85.34,140.38,D2,Harry Johnson,Slightly Delayed,6,Yes,Passed,16
TXN100087,13-09-2025,Manchester Storage,Leeds,Pharma,Bandages,Britannia Pharma,BATCH-8311,Inbound,371,352,17,7,1152.82,1289.01,C1,Emily Harris,On Time,3,Yes,Passed,3
TXN100088,08-12-2025,Manchester Storage,Leeds,Grocery,Rice Pack,Britannia Pharma,BATCH-3580,Inbound,512,108,28,2,973.56,1730.3,C2,Noah Wilson,Slightly Delayed,6,Yes,Passed,6
TXN100089,08-03-2025,Manchester Storage,Manchester,Grocery,Cooking Oil,Britannia Pharma,BATCH-7523,Outbound,859,525,1,11,667.06,906.03,D1,Amelia Clark,Delayed,9,Yes,Passed,4
TXN100090,24-11-2025,Birmingham Distribution,Bristol,Pharma,Paracetamol,Tesco Supply Ltd,BATCH-3034,Inbound,510,258,33,11,158.36,266.1,C1,George Brown,Delayed,9,Yes,Passed,10
TXN100091,06-03-2025,Manchester Storage,Birmingham,Grocery,Coffee,Sainsbury Logistics,BATCH-3804,Outbound,581,310,5,8,239.58,423.92,A1,Oliver Smith,Slightly Delayed,5,Yes,Passed,1
TXN100092,29-05-2025,Leeds Fulfillment,Newcastle,Home Appliances,Microwave,UK Retail Goods,BATCH-7653,Outbound,716,235,36,13,743.64,833.77,D2,Harry Johnson,Delayed,9,Yes,Passed,5
TXN100093,11-01-2026,Glasgow Warehouse,Bristol,Fashion,T-Shirt,Sainsbury Logistics,BATCH-7070,Inbound,545,495,13,10,729.96,962.68,C2,Noah Wilson,Slightly Delayed,6,No,Failed,3
TXN100094,03-08-2025,Birmingham Distribution,Glasgow,Pharma,Bandages,London Trade Corp,BATCH-4110,Inbound,303,92,6,1,351.8,481.58,D2,Emily Harris,Delayed,10,No,Passed,9
TXN100095,30-06-2025,Leeds Fulfillment,Newcastle,Fashion,Jacket,Prime Wholesale UK,BATCH-5681,Inbound,142,140,25,16,551.39,699.44,A2,Amelia Clark,Delayed,10,Yes,Passed,8
TXN100096,28-05-2025,Newcastle Depot,Leeds,Pharma,Bandages,ASDA Distribution,BATCH-3108,Inbound,424,43,25,1,686.49,848.68,D1,Charlie Davies,Delayed,9,No,Passed,17
TXN100097,01-01-2026,Newcastle Depot,Newcastle,Pharma,Vitamin Tablets,Sainsbury Logistics,BATCH-9446,Inbound,253,174,32,12,602.59,681.96,C2,Charlie Davies,On Time,3,Yes,Passed,12
TXN100098,01-09-2025,Glasgow Warehouse,Glasgow,Home Appliances,Microwave,ASDA Distribution,BATCH-7824,Outbound,657,364,32,16,641.15,1023.35,A1,Emily Harris,Slightly Delayed,5,No,Passed,20
TXN100099,01-02-2026,Birmingham Distribution,Liverpool,Home Appliances,Vacuum Cleaner,Tesco Supply Ltd,BATCH-2800,Inbound,788,72,37,15,208.76,321.56,A1,Emily Harris,Delayed,10,No,Passed,13
TXN100100,28-12-2025,Liverpool Logistics,Glasgow,Grocery,Tea Bags,Prime Wholesale UK,BATCH-9609,Outbound,757,228,26,16,931.09,1624.16,C2,George Brown,On Time,1,No,Passed,17
TXN100101,13-10-2025,Leeds Fulfillment,Leeds,Pharma,Cough Syrup,UK Retail Goods,BATCH-9011,Outbound,742,717,16,19,583.6,1033.05,D2,Charlie Davies,Slightly Delayed,5,No,Passed,9
TXN100102,29-05-2025,Manchester Storage,Glasgow,Electronics,Keyboard,Prime Wholesale UK,BATCH-5201,Outbound,742,576,24,12,982.96,1738.1,B2,Noah Wilson,On Time,3,No,Passed,17
TXN100103,27-01-2025,Glasgow Warehouse,Newcastle,Pharma,Vitamin Tablets,ASDA Distribution,BATCH-3252,Inbound,161,81,15,1,805.45,1185.4,B1,Amelia Clark,Slightly Delayed,4,No,Passed,15
TXN100104,13-04-2026,Bristol Supply Hub,Birmingham,Grocery,Coffee,Tesco Supply Ltd,BATCH-7504,Outbound,378,166,3,2,784.5,990.47,B1,Jack Taylor,On Time,1,Yes,Failed,0
TXN100105,01-04-2026,Newcastle Depot,Leeds,Pharma,Paracetamol,UK Retail Goods,BATCH-2845,Outbound,1000,363,18,14,1186.97,1757.08,B1,Emily Harris,Delayed,8,No,Failed,22
TXN100106,15-03-2026,Bristol Supply Hub,Bristol,Grocery,Rice Pack,London Trade Corp,BATCH-2421,Outbound,804,365,18,18,810.91,1001.65,A2,George Brown,Delayed,10,Yes,Passed,15
TXN100107,04-06-2025,London Central Hub,Leeds,Pharma,Vitamin Tablets,London Trade Corp,BATCH-4871,Inbound,56,36,24,7,538.85,693.44,A2,Emily Harris,Slightly Delayed,6,No,Passed,5
TXN100108,11-11-2025,Birmingham Distribution,Newcastle,Fashion,Handbag,Sainsbury Logistics,BATCH-8454,Outbound,995,936,19,3,768.26,1350.94,D1,Emily Harris,Slightly Delayed,6,Yes,Passed,24
TXN100109,15-04-2026,London Central Hub,Liverpool,Grocery,Cereal,Sainsbury Logistics,BATCH-3695,Outbound,944,826,5,16,538.86,858.21,D2,Harry Johnson,On Time,2,Yes,Passed,22
TXN100110,01-08-2025,London Central Hub,Newcastle,Home Appliances,Air Fryer,Britannia Pharma,BATCH-1356,Outbound,143,135,32,14,971.39,1376.85,C1,Oliver Smith,Delayed,9,Yes,Passed,18
TXN100111,24-04-2026,Leeds Fulfillment,Bristol,Electronics,Laptop,Sainsbury Logistics,BATCH-3218,Outbound,483,196,4,17,1192.98,2092.74,C2,Amelia Clark,On Time,2,No,Passed,12
TXN100112,03-10-2025,Birmingham Distribution,Liverpool,Fashion,Jacket,Tesco Supply Ltd,BATCH-1372,Outbound,749,697,34,4,785.97,1055.9,D2,Amelia Clark,On Time,3,No,Passed,7
TXN100113,17-01-2025,Bristol Supply Hub,London,Grocery,Tea Bags,UK Retail Goods,BATCH-4376,Inbound,404,99,17,6,1125.21,1808.79,A2,Oliver Smith,On Time,2,No,Passed,19
TXN100114,13-03-2025,Leeds Fulfillment,Liverpool,Electronics,Tablet,London Trade Corp,BATCH-6253,Inbound,808,65,25,14,285.04,356.9,C1,George Brown,On Time,1,Yes,Passed,13
TXN100115,25-01-2025,Bristol Supply Hub,Glasgow,Pharma,Cough Syrup,Northern Supply Chain,BATCH-7688,Inbound,112,91,37,5,753.06,1053.56,C1,Amelia Clark,Delayed,8,Yes,Failed,24
TXN100116,31-07-2025,Birmingham Distribution,Bristol,Home Appliances,Air Fryer,UK Retail Goods,BATCH-5177,Inbound,296,135,19,4,967.9,1684.45,C2,Harry Johnson,Delayed,9,No,Failed,11
TXN100117,24-03-2026,Liverpool Logistics,Newcastle,Electronics,Keyboard,UK Retail Goods,BATCH-6455,Outbound,791,215,3,8,455.72,694.28,A1,Noah Wilson,On Time,1,Yes,Passed,23
TXN100118,02-02-2026,Newcastle Depot,Glasgow,Electronics,Monitor,Britannia Pharma,BATCH-5285,Outbound,986,268,38,6,478.98,607.12,D2,Emily Harris,Slightly Delayed,6,Yes,Passed,25
TXN100119,15-01-2026,Leeds Fulfillment,Bristol,Fashion,Sneakers,Britannia Pharma,BATCH-3497,Inbound,986,228,23,10,499.65,746.36,C2,Noah Wilson,Slightly Delayed,4,No,Passed,18
TXN100120,24-08-2025,Glasgow Warehouse,Birmingham,Grocery,Tea Bags,Sainsbury Logistics,BATCH-9954,Outbound,613,365,16,15,1159.98,1797.02,B1,Oliver Smith,Delayed,8,Yes,Passed,2
TXN100121,16-09-2025,London Central Hub,Newcastle,Electronics,Laptop,Prime Wholesale UK,BATCH-1257,Inbound,472,90,40,7,86.22,103.96,D1,Oliver Smith,Slightly Delayed,4,Yes,Passed,16
TXN100122,04-05-2025,Leeds Fulfillment,Glasgow,Pharma,Cough Syrup,Britannia Pharma,BATCH-7502,Inbound,67,52,27,5,132.88,155.13,C2,Amelia Clark,On Time,3,No,Passed,18
TXN100123,29-01-2025,Birmingham Distribution,Manchester,Grocery,Cooking Oil,Prime Wholesale UK,BATCH-8109,Outbound,357,61,2,2,489.31,667.43,A2,Oliver Smith,Delayed,8,Yes,Passed,6
TXN100124,02-04-2025,Glasgow Warehouse,London,Home Appliances,Air Fryer,UK Retail Goods,BATCH-3362,Outbound,327,43,4,8,1079.68,1613.54,A2,Jack Taylor,On Time,1,Yes,Failed,18
TXN100125,09-02-2026,Manchester Storage,Glasgow,Grocery,Cereal,Tesco Supply Ltd,BATCH-2600,Outbound,904,889,24,17,401.42,653.88,B2,Harry Johnson,On Time,3,No,Failed,19
TXN100126,27-04-2025,Bristol Supply Hub,Bristol,Home Appliances,Air Fryer,Sainsbury Logistics,BATCH-7227,Inbound,842,354,1,20,331.63,595.21,C1,Noah Wilson,Delayed,8,Yes,Passed,2
TXN100127,16-02-2025,Leeds Fulfillment,Newcastle,Pharma,Vitamin Tablets,London Trade Corp,BATCH-5419,Inbound,439,384,40,4,888.89,1174.82,B1,Harry Johnson,On Time,2,Yes,Passed,13
TXN100128,02-11-2025,Glasgow Warehouse,Bristol,Fashion,Handbag,Tesco Supply Ltd,BATCH-5781,Outbound,618,544,26,3,36.38,49.03,D1,Harry Johnson,On Time,2,Yes,Passed,18
TXN100129,02-02-2025,Leeds Fulfillment,Bristol,Home Appliances,Vacuum Cleaner,Britannia Pharma,BATCH-8933,Inbound,751,409,10,4,326.36,420.31,C2,Jack Taylor,On Time,3,Yes,Passed,23
TXN100130,20-06-2025,Bristol Supply Hub,Glasgow,Fashion,Handbag,Prime Wholesale UK,BATCH-6484,Outbound,681,220,29,3,166.91,184.39,B1,Jack Taylor,Delayed,7,No,Passed,19
TXN100131,11-05-2026,Liverpool Logistics,Glasgow,Grocery,Tea Bags,Northern Supply Chain,BATCH-5592,Outbound,371,110,25,10,353.28,560.47,C2,Harry Johnson,Delayed,8,Yes,Passed,18
TXN100132,02-03-2026,Bristol Supply Hub,Newcastle,Home Appliances,Vacuum Cleaner,Sainsbury Logistics,BATCH-5961,Inbound,748,583,1,14,1131.86,1411.15,C1,George Brown,Slightly Delayed,5,No,Passed,25
TXN100133,06-10-2025,Glasgow Warehouse,Manchester,Fashion,Jacket,ASDA Distribution,BATCH-5067,Outbound,509,326,30,18,483.96,703.98,B1,Oliver Smith,Delayed,7,No,Passed,24
TXN100134,25-10-2025,Liverpool Logistics,Newcastle,Pharma,Bandages,London Trade Corp,BATCH-7408,Outbound,158,22,6,8,270.29,438.63,B1,Charlie Davies,Delayed,9,Yes,Passed,15
TXN100135,24-09-2025,Newcastle Depot,Manchester,Electronics,Smartphone,Prime Wholesale UK,BATCH-8412,Outbound,475,63,7,4,421.25,564.54,A2,Jack Taylor,Slightly Delayed,4,Yes,Passed,25
TXN100136,31-03-2025,Glasgow Warehouse,Bristol,Electronics,Laptop,Prime Wholesale UK,BATCH-4798,Outbound,919,371,6,5,1116.26,1806.49,B1,George Brown,Delayed,9,No,Passed,12
TXN100137,16-04-2025,Manchester Storage,Manchester,Electronics,Keyboard,Sainsbury Logistics,BATCH-6993,Outbound,954,222,28,18,518.32,571.77,B2,Emily Harris,Slightly Delayed,4,Yes,Passed,8
TXN100138,30-06-2025,Birmingham Distribution,Leeds,Fashion,Handbag,ASDA Distribution,BATCH-3194,Outbound,704,340,38,12,735.51,1111.28,A2,Noah Wilson,Slightly Delayed,6,No,Passed,3
TXN100139,05-08-2025,Birmingham Distribution,Birmingham,Grocery,Coffee,Prime Wholesale UK,BATCH-5732,Inbound,760,164,32,12,504.8,604.0,B1,Charlie Davies,Delayed,7,No,Passed,19
TXN100140,01-12-2025,Newcastle Depot,Bristol,Electronics,Smartphone,Prime Wholesale UK,BATCH-9006,Inbound,59,51,8,6,979.18,1737.73,A2,Oliver Smith,Delayed,9,Yes,Passed,9
TXN100141,09-10-2025,Manchester Storage,Leeds,Electronics,Smartphone,London Trade Corp,BATCH-9880,Inbound,280,167,10,14,680.95,1117.29,D2,Noah Wilson,Delayed,8,No,Passed,3
TXN100142,20-03-2026,Liverpool Logistics,Liverpool,Grocery,Coffee,London Trade Corp,BATCH-8015,Inbound,945,53,28,8,421.55,704.71,B1,Noah Wilson,Delayed,8,Yes,Failed,25
TXN100143,29-05-2025,Manchester Storage,Birmingham,Electronics,Keyboard,Northern Supply Chain,BATCH-1971,Outbound,409,292,17,19,648.83,860.71,B1,George Brown,Slightly Delayed,5,Yes,Passed,4
TXN100144,12-07-2025,Manchester Storage,Bristol,Pharma,Vitamin Tablets,Britannia Pharma,BATCH-7046,Outbound,829,712,25,15,174.9,269.81,D2,Charlie Davies,Delayed,7,Yes,Passed,24
TXN100145,27-02-2026,Leeds Fulfillment,Glasgow,Electronics,Monitor,Britannia Pharma,BATCH-6533,Inbound,700,700,22,2,955.84,1317.53,D2,Charlie Davies,Delayed,7,Yes,Passed,1
TXN100146,14-04-2025,Birmingham Distribution,Leeds,Electronics,Monitor,Sainsbury Logistics,BATCH-5489,Inbound,66,27,10,14,550.54,987.83,C2,Jack Taylor,Delayed,7,Yes,Failed,11
TXN100147,01-01-2025,Manchester Storage,Birmingham,Grocery,Rice Pack,UK Retail Goods,BATCH-9510,Outbound,455,340,19,7,517.93,602.79,A1,Oliver Smith,On Time,2,No,Passed,3
TXN100148,10-06-2025,Leeds Fulfillment,Birmingham,Fashion,Jeans,Northern Supply Chain,BATCH-3181,Inbound,539,92,14,12,111.75,185.97,A2,Oliver Smith,On Time,2,Yes,Passed,14
TXN100149,05-04-2026,Manchester Storage,Bristol,Pharma,Vitamin Tablets,London Trade Corp,BATCH-8035,Outbound,693,175,26,19,825.45,1404.89,B1,Noah Wilson,On Time,2,No,Passed,20
TXN100150,18-01-2026,London Central Hub,Liverpool,Electronics,Tablet,Prime Wholesale UK,BATCH-7322,Inbound,616,311,1,9,250.51,381.99,B2,Emily Harris,Slightly Delayed,4,Yes,Passed,16
TXN100151,26-01-2026,Manchester Storage,London,Electronics,Smartphone,ASDA Distribution,BATCH-1225,Outbound,374,87,24,18,507.93,752.98,B2,Oliver Smith,On Time,3,Yes,Passed,25
TXN100152,03-10-2025,Leeds Fulfillment,Manchester,Fashion,Handbag,Britannia Pharma,BATCH-2294,Inbound,343,341,32,13,511.17,706.23,B1,Charlie Davies,Delayed,9,No,Passed,18
TXN100153,21-08-2025,London Central Hub,Leeds,Electronics,Smartphone,Sainsbury Logistics,BATCH-2956,Inbound,765,467,15,1,297.15,519.19,B1,Oliver Smith,On Time,2,Yes,Passed,15
TXN100154,21-06-2025,Leeds Fulfillment,Manchester,Pharma,Cough Syrup,Britannia Pharma,BATCH-2262,Outbound,220,115,8,8,880.86,1041.74,D2,Charlie Davies,On Time,1,Yes,Passed,15
TXN100155,27-04-2025,London Central Hub,London,Home Appliances,Vacuum Cleaner,Tesco Supply Ltd,BATCH-5006,Inbound,426,100,16,3,1073.65,1687.65,D2,Charlie Davies,On Time,2,No,Passed,4
TXN100156,19-05-2025,Glasgow Warehouse,Manchester,Grocery,Rice Pack,Tesco Supply Ltd,BATCH-3938,Inbound,616,449,14,10,301.67,525.24,A1,Amelia Clark,Slightly Delayed,6,Yes,Passed,14
TXN100157,06-02-2026,Liverpool Logistics,Newcastle,Pharma,Cough Syrup,London Trade Corp,BATCH-9083,Inbound,385,64,35,14,14.52,18.01,B2,George Brown,Delayed,10,Yes,Passed,13
TXN100158,11-03-2026,Leeds Fulfillment,Manchester,Electronics,Tablet,UK Retail Goods,BATCH-9680,Inbound,604,374,40,0,1141.43,1256.74,D1,Emily Harris,Delayed,7,Yes,Passed,4
TXN100159,25-10-2025,Birmingham Distribution,Bristol,Pharma,Paracetamol,ASDA Distribution,BATCH-2020,Outbound,94,49,33,13,842.51,1146.44,B1,Noah Wilson,On Time,2,No,Passed,8
TXN100160,11-03-2025,Manchester Storage,Birmingham,Pharma,Bandages,ASDA Distribution,BATCH-3693,Outbound,767,354,20,14,329.99,380.24,D2,Charlie Davies,Slightly Delayed,4,No,Passed,3
TXN100161,22-03-2025,Leeds Fulfillment,London,Home Appliances,Microwave,UK Retail Goods,BATCH-6370,Inbound,838,232,28,9,558.7,947.97,A2,Noah Wilson,On Time,2,No,Passed,12
TXN100162,12-10-2025,Liverpool Logistics,Manchester,Home Appliances,Mixer,Prime Wholesale UK,BATCH-2669,Inbound,743,326,16,5,42.14,58.28,A2,Oliver Smith,Delayed,8,Yes,Passed,24
TXN100163,26-10-2025,Manchester Storage,London,Grocery,Cooking Oil,ASDA Distribution,BATCH-4239,Outbound,252,230,25,11,825.11,1449.14,B1,Harry Johnson,On Time,2,No,Passed,3
TXN100164,15-07-2025,Birmingham Distribution,Glasgow,Electronics,Monitor,UK Retail Goods,BATCH-4066,Outbound,101,41,36,13,986.91,1358.48,C1,Emily Harris,On Time,1,Yes,Passed,1
TXN100165,24-05-2025,Bristol Supply Hub,Liverpool,Home Appliances,Vacuum Cleaner,UK Retail Goods,BATCH-9907,Inbound,712,322,31,13,1059.92,1521.33,D1,Charlie Davies,On Time,2,No,Passed,17
TXN100166,02-11-2025,Leeds Fulfillment,London,Fashion,Sneakers,Prime Wholesale UK,BATCH-9674,Outbound,984,599,32,10,469.12,575.08,B2,George Brown,Slightly Delayed,6,Yes,Passed,7
TXN100167,24-04-2026,Birmingham Distribution,Birmingham,Grocery,Coffee,UK Retail Goods,BATCH-6210,Outbound,596,77,14,18,1016.57,1685.65,A1,Charlie Davies,Slightly Delayed,6,Yes,Passed,18
TXN100168,23-04-2025,Newcastle Depot,London,Grocery,Tea Bags,London Trade Corp,BATCH-4300,Inbound,605,336,11,15,50.37,57.39,C2,George Brown,Delayed,10,No,Passed,1
TXN100169,27-12-2025,Bristol Supply Hub,Manchester,Electronics,Tablet,London Trade Corp,BATCH-5944,Outbound,650,165,7,16,1033.5,1831.77,B1,George Brown,Slightly Delayed,6,No,Failed,25
TXN100170,22-02-2026,Leeds Fulfillment,Leeds,Fashion,Sneakers,Sainsbury Logistics,BATCH-3911,Inbound,228,201,35,19,945.46,1187.75,D1,Oliver Smith,Delayed,10,Yes,Passed,19
TXN100171,27-06-2025,Birmingham Distribution,Manchester,Pharma,Vitamin Tablets,London Trade Corp,BATCH-8317,Inbound,704,599,6,15,173.07,280.67,C1,Noah Wilson,Slightly Delayed,4,Yes,Failed,22
TXN100172,29-03-2026,Bristol Supply Hub,Glasgow,Electronics,Smartphone,Northern Supply Chain,BATCH-2661,Outbound,312,75,0,1,466.19,751.88,B2,George Brown,On Time,3,No,Passed,2
TXN100173,24-03-2025,Manchester Storage,Glasgow,Electronics,Smartphone,Prime Wholesale UK,BATCH-1507,Outbound,70,40,16,3,93.67,114.19,B1,Amelia Clark,Delayed,7,Yes,Passed,1
TXN100174,05-12-2025,Liverpool Logistics,Manchester,Electronics,Smartphone,Tesco Supply Ltd,BATCH-7437,Outbound,260,68,26,17,867.84,1398.07,B1,Oliver Smith,Slightly Delayed,5,No,Passed,0
TXN100175,23-11-2025,Manchester Storage,Newcastle,Fashion,Jacket,ASDA Distribution,BATCH-6052,Outbound,351,340,38,15,243.61,272.36,D2,Emily Harris,On Time,3,No,Passed,2
TXN100176,27-08-2025,Leeds Fulfillment,London,Home Appliances,Air Fryer,Sainsbury Logistics,BATCH-2584,Inbound,239,114,24,11,227.97,257.89,C2,Amelia Clark,Delayed,8,Yes,Passed,17
TXN100177,28-03-2026,Leeds Fulfillment,Manchester,Electronics,Monitor,Northern Supply Chain,BATCH-1568,Inbound,888,555,26,17,826.05,1450.09,A2,Emily Harris,Delayed,10,Yes,Passed,5
TXN100178,04-03-2026,Glasgow Warehouse,Manchester,Grocery,Cooking Oil,ASDA Distribution,BATCH-7358,Outbound,179,30,27,2,1185.99,1666.05,C2,Jack Taylor,On Time,3,No,Passed,0
TXN100179,19-04-2026,Manchester Storage,Leeds,Home Appliances,Air Fryer,London Trade Corp,BATCH-7732,Outbound,165,126,9,4,682.08,1028.49,D1,Emily Harris,On Time,2,No,Passed,1
TXN100180,01-04-2026,Liverpool Logistics,London,Grocery,Coffee,Prime Wholesale UK,BATCH-5400,Outbound,462,93,39,19,818.57,1130.61,A1,Charlie Davies,Delayed,7,No,Failed,9
TXN100181,01-02-2026,Leeds Fulfillment,Bristol,Pharma,Bandages,ASDA Distribution,BATCH-4079,Outbound,928,732,6,7,165.59,295.07,B2,Amelia Clark,Delayed,8,No,Passed,24
TXN100182,11-03-2025,London Central Hub,Birmingham,Home Appliances,Microwave,UK Retail Goods,BATCH-4288,Inbound,890,77,32,5,83.41,133.18,B2,Oliver Smith,Delayed,7,No,Passed,1
TXN100183,04-05-2025,Newcastle Depot,Birmingham,Pharma,Vitamin Tablets,Prime Wholesale UK,BATCH-6730,Outbound,330,208,29,16,479.35,837.02,B1,Jack Taylor,On Time,1,Yes,Passed,9
TXN100184,18-05-2025,London Central Hub,London,Electronics,Monitor,Prime Wholesale UK,BATCH-3167,Inbound,100,40,36,6,1029.25,1598.6,A1,Noah Wilson,Slightly Delayed,4,No,Passed,19
TXN100185,13-12-2025,Bristol Supply Hub,Manchester,Pharma,Cough Syrup,Tesco Supply Ltd,BATCH-9380,Outbound,483,478,24,11,553.5,693.4,C1,Jack Taylor,Slightly Delayed,5,Yes,Passed,15
TXN100186,07-04-2025,Liverpool Logistics,London,Electronics,Smartphone,Northern Supply Chain,BATCH-6236,Inbound,333,186,17,8,789.06,1393.9,A1,Emily Harris,Slightly Delayed,5,No,Passed,8
TXN100187,25-06-2025,Liverpool Logistics,Newcastle,Fashion,T-Shirt,London Trade Corp,BATCH-9311,Outbound,447,397,2,18,851.14,1277.08,B1,George Brown,Slightly Delayed,4,No,Passed,3
TXN100188,24-04-2025,Leeds Fulfillment,Bristol,Fashion,Jeans,London Trade Corp,BATCH-7089,Outbound,808,284,35,5,1136.57,1965.94,C1,Emily Harris,On Time,2,Yes,Passed,15
TXN100189,29-09-2025,London Central Hub,Birmingham,Electronics,Keyboard,Sainsbury Logistics,BATCH-4281,Outbound,644,92,30,6,603.07,1029.59,D1,Emily Harris,Delayed,7,Yes,Passed,10
TXN100190,21-05-2025,Birmingham Distribution,Birmingham,Grocery,Rice Pack,Prime Wholesale UK,BATCH-2442,Inbound,549,360,40,5,379.53,432.9,D1,Amelia Clark,Delayed,8,No,Passed,13
TXN100191,23-01-2026,Liverpool Logistics,London,Fashion,T-Shirt,Tesco Supply Ltd,BATCH-5076,Inbound,54,22,34,6,878.14,1549.96,C2,Jack Taylor,Slightly Delayed,6,Yes,Passed,3
TXN100192,22-08-2025,Glasgow Warehouse,Bristol,Fashion,Handbag,Sainsbury Logistics,BATCH-6615,Outbound,652,333,10,2,989.49,1294.99,C2,Noah Wilson,Slightly Delayed,5,Yes,Passed,25
TXN100193,05-03-2025,London Central Hub,Bristol,Fashion,Jacket,Britannia Pharma,BATCH-9761,Inbound,283,134,8,6,882.22,1334.61,A1,Harry Johnson,On Time,3,Yes,Passed,1
TXN100194,22-12-2025,London Central Hub,Leeds,Electronics,Monitor,Northern Supply Chain,BATCH-2654,Outbound,504,214,7,17,307.02,488.56,B1,Amelia Clark,Slightly Delayed,4,Yes,Passed,16
TXN100195,02-03-2026,Liverpool Logistics,Glasgow,Home Appliances,Mixer,Northern Supply Chain,BATCH-5839,Inbound,339,78,6,15,242.38,300.51,A1,Emily Harris,Slightly Delayed,5,Yes,Passed,22
TXN100196,18-03-2025,Manchester Storage,Manchester,Fashion,Sneakers,Britannia Pharma,BATCH-4787,Outbound,290,21,0,2,1088.72,1834.13,C1,Jack Taylor,Delayed,8,No,Failed,1
TXN100197,18-02-2025,London Central Hub,London,Electronics,Tablet,Sainsbury Logistics,BATCH-3793,Outbound,945,60,18,11,962.91,1269.98,C2,Emily Harris,On Time,2,No,Failed,23
TXN100198,04-03-2026,Newcastle Depot,Bristol,Electronics,Smartphone,Sainsbury Logistics,BATCH-2852,Inbound,884,370,11,3,483.93,858.31,A1,George Brown,Slightly Delayed,5,Yes,Passed,13
TXN100199,15-01-2025,Birmingham Distribution,Newcastle,Home Appliances,Air Fryer,Prime Wholesale UK,BATCH-2850,Outbound,871,602,28,5,735.53,1210.25,D2,Oliver Smith,Delayed,10,Yes,Failed,8
TXN100200,23-09-2025,Manchester Storage,Bristol,Pharma,Paracetamol,UK Retail Goods,BATCH-8895,Outbound,771,714,33,18,869.91,1093.29,D1,George Brown,Slightly Delayed,6,Yes,Passed,0
TXN100201,19-06-2025,London Central Hub,Liverpool,Grocery,Cereal,Northern Supply Chain,BATCH-7607,Inbound,919,500,31,5,94.46,136.41,A2,Emily Harris,Slightly Delayed,4,No,Failed,25
TXN100202,22-02-2025,London Central Hub,London,Home Appliances,Air Fryer,ASDA Distribution,BATCH-5990,Inbound,140,129,31,14,382.69,683.66,D2,Charlie Davies,On Time,1,No,Passed,1
TXN100203,28-02-2025,Liverpool Logistics,London,Grocery,Tea Bags,London Trade Corp,BATCH-6818,Outbound,389,306,39,19,570.39,889.82,C2,Harry Johnson,Delayed,8,Yes,Passed,5
TXN100204,22-04-2026,Liverpool Logistics,Newcastle,Fashion,Jeans,UK Retail Goods,BATCH-6536,Inbound,891,754,26,3,308.88,382.13,D1,Oliver Smith,On Time,2,Yes,Failed,24
TXN100205,11-10-2025,Newcastle Depot,Birmingham,Fashion,T-Shirt,Sainsbury Logistics,BATCH-3103,Inbound,724,623,32,4,1156.81,1276.0,D1,Charlie Davies,On Time,1,No,Failed,13
TXN100206,05-11-2025,Leeds Fulfillment,Glasgow,Home Appliances,Vacuum Cleaner,UK Retail Goods,BATCH-4291,Inbound,330,223,21,9,546.15,651.75,C1,Charlie Davies,Delayed,7,Yes,Passed,22
TXN100207,12-12-2025,Leeds Fulfillment,Bristol,Grocery,Cereal,Tesco Supply Ltd,BATCH-9564,Inbound,605,350,7,11,676.92,1020.77,A1,Amelia Clark,Delayed,7,Yes,Passed,1
TXN100208,15-04-2025,London Central Hub,Glasgow,Electronics,Tablet,Prime Wholesale UK,BATCH-2679,Inbound,323,102,18,8,179.98,205.79,D1,Noah Wilson,Slightly Delayed,5,No,Passed,22
TXN100209,14-11-2025,Newcastle Depot,Liverpool,Electronics,Monitor,London Trade Corp,BATCH-9955,Inbound,446,233,20,17,69.29,112.29,B2,Jack Taylor,Slightly Delayed,4,No,Failed,5
TXN100210,16-05-2025,Leeds Fulfillment,London,Electronics,Tablet,London Trade Corp,BATCH-8640,Inbound,227,208,32,3,455.75,638.03,A1,George Brown,Delayed,9,No,Passed,19
TXN100211,06-02-2026,Liverpool Logistics,Birmingham,Electronics,Keyboard,ASDA Distribution,BATCH-9276,Inbound,913,697,19,15,948.94,1409.28,D1,Amelia Clark,On Time,2,Yes,Passed,11
TXN100212,29-09-2025,London Central Hub,Manchester,Grocery,Cooking Oil,London Trade Corp,BATCH-8301,Inbound,729,359,21,11,355.82,628.1,B2,Oliver Smith,Delayed,10,No,Passed,12
TXN100213,21-09-2025,Newcastle Depot,Newcastle,Electronics,Monitor,Tesco Supply Ltd,BATCH-5856,Inbound,312,296,18,0,1094.05,1833.05,C2,Harry Johnson,Slightly Delayed,6,Yes,Passed,5
TXN100214,04-03-2026,Bristol Supply Hub,Manchester,Home Appliances,Mixer,Sainsbury Logistics,BATCH-1389,Outbound,691,87,13,20,929.43,1585.11,C2,Oliver Smith,Delayed,7,Yes,Passed,2
TXN100215,28-07-2025,Bristol Supply Hub,Bristol,Electronics,Tablet,London Trade Corp,BATCH-1276,Outbound,863,277,35,2,692.08,871.57,A2,Oliver Smith,Slightly Delayed,5,Yes,Passed,24
TXN100216,07-11-2025,Newcastle Depot,Bristol,Home Appliances,Mixer,Northern Supply Chain,BATCH-1504,Outbound,767,94,22,16,131.83,217.63,B1,Noah Wilson,Slightly Delayed,5,Yes,Passed,23
TXN100217,06-05-2026,Birmingham Distribution,Manchester,Fashion,Handbag,Tesco Supply Ltd,BATCH-1082,Outbound,352,344,9,9,814.36,1416.92,A2,Jack Taylor,Slightly Delayed,6,Yes,Failed,23
TXN100218,10-04-2025,London Central Hub,Newcastle,Pharma,Vitamin Tablets,ASDA Distribution,BATCH-5762,Inbound,472,350,32,4,197.34,247.57,C1,Harry Johnson,Slightly Delayed,5,Yes,Passed,23
TXN100219,06-04-2026,Newcastle Depot,Newcastle,Home Appliances,Air Fryer,London Trade Corp,BATCH-6008,Inbound,388,202,8,20,285.27,370.74,C2,Charlie Davies,On Time,2,No,Passed,5
TXN100220,26-03-2026,Newcastle Depot,Glasgow,Electronics,Smartphone,Britannia Pharma,BATCH-8978,Inbound,302,133,27,8,1008.93,1204.68,B1,Harry Johnson,Slightly Delayed,6,No,Passed,4
TXN100221,24-10-2025,Liverpool Logistics,London,Home Appliances,Vacuum Cleaner,Britannia Pharma,BATCH-9904,Outbound,319,59,4,0,1020.26,1573.38,B1,Charlie Davies,Delayed,10,No,Passed,7
TXN100222,06-12-2025,Birmingham Distribution,Birmingham,Home Appliances,Microwave,Prime Wholesale UK,BATCH-3608,Inbound,187,138,32,16,113.21,153.37,B1,Emily Harris,On Time,1,No,Passed,1
TXN100223,10-04-2026,Bristol Supply Hub,Newcastle,Grocery,Tea Bags,Prime Wholesale UK,BATCH-1760,Inbound,287,52,16,11,284.65,446.33,C2,Harry Johnson,Delayed,9,No,Passed,23
TXN100224,22-09-2025,Liverpool Logistics,Bristol,Pharma,Vitamin Tablets,London Trade Corp,BATCH-6653,Outbound,435,354,24,11,707.28,1222.72,D2,Oliver Smith,On Time,2,Yes,Passed,14
TXN100225,03-01-2026,Liverpool Logistics,Bristol,Grocery,Cooking Oil,London Trade Corp,BATCH-2856,Outbound,128,85,17,6,184.54,223.32,D2,Emily Harris,Delayed,10,Yes,Passed,18
TXN100226,21-01-2025,Birmingham Distribution,London,Grocery,Tea Bags,Sainsbury Logistics,BATCH-5231,Inbound,72,35,2,4,690.32,837.21,D1,Oliver Smith,Delayed,9,No,Failed,2
TXN100227,11-02-2026,Birmingham Distribution,Leeds,Grocery,Tea Bags,Sainsbury Logistics,BATCH-6614,Outbound,671,502,30,5,267.14,370.67,A2,Noah Wilson,On Time,3,No,Passed,12
TXN100228,19-02-2025,London Central Hub,Manchester,Grocery,Rice Pack,ASDA Distribution,BATCH-8901,Inbound,66,32,33,16,822.82,1381.15,A1,Amelia Clark,Delayed,10,No,Passed,11
TXN100229,20-02-2025,Leeds Fulfillment,Newcastle,Electronics,Keyboard,UK Retail Goods,BATCH-2373,Outbound,489,137,30,12,423.87,705.0,D1,Jack Taylor,Delayed,10,Yes,Passed,0
TXN100230,29-07-2025,Birmingham Distribution,Bristol,Electronics,Keyboard,Britannia Pharma,BATCH-5281,Outbound,585,140,33,0,453.16,563.64,C2,Jack Taylor,Slightly Delayed,6,No,Passed,24
TXN100231,07-06-2025,Bristol Supply Hub,Birmingham,Grocery,Tea Bags,ASDA Distribution,BATCH-4764,Outbound,615,590,30,5,447.4,665.93,B1,Harry Johnson,Slightly Delayed,5,Yes,Passed,16
TXN100232,16-02-2026,Birmingham Distribution,Newcastle,Fashion,Sneakers,Northern Supply Chain,BATCH-2444,Inbound,870,583,39,1,197.08,349.86,C1,Noah Wilson,On Time,1,No,Passed,2
TXN100233,30-01-2025,Birmingham Distribution,Newcastle,Home Appliances,Mixer,Prime Wholesale UK,BATCH-1175,Inbound,791,413,25,19,789.13,1026.29,C1,Noah Wilson,Delayed,10,Yes,Failed,25
TXN100234,14-02-2025,Bristol Supply Hub,Glasgow,Home Appliances,Vacuum Cleaner,Northern Supply Chain,BATCH-7642,Inbound,679,193,2,11,290.91,320.06,A1,Harry Johnson,On Time,3,Yes,Failed,17
TXN100235,22-10-2025,Birmingham Distribution,Bristol,Pharma,Cough Syrup,ASDA Distribution,BATCH-2185,Outbound,405,161,14,19,1155.85,1639.38,C2,Harry Johnson,Delayed,7,No,Passed,17
TXN100236,08-05-2026,Newcastle Depot,London,Home Appliances,Microwave,Prime Wholesale UK,BATCH-2904,Outbound,760,473,24,18,582.94,740.5,A2,Amelia Clark,Slightly Delayed,6,Yes,Passed,21
TXN100237,28-05-2025,Glasgow Warehouse,Manchester,Grocery,Coffee,Sainsbury Logistics,BATCH-8807,Outbound,472,200,33,17,16.62,27.96,C2,Noah Wilson,Slightly Delayed,4,No,Passed,5
TXN100238,04-03-2026,Glasgow Warehouse,Birmingham,Grocery,Tea Bags,ASDA Distribution,BATCH-2964,Inbound,804,224,15,7,1047.93,1304.41,D2,Oliver Smith,Slightly Delayed,4,Yes,Passed,15
TXN100239,23-07-2025,Birmingham Distribution,London,Pharma,Cough Syrup,Northern Supply Chain,BATCH-8836,Inbound,554,301,31,5,1181.35,2056.97,C2,Amelia Clark,Slightly Delayed,5,Yes,Passed,14
TXN100240,16-06-2025,Leeds Fulfillment,Birmingham,Electronics,Keyboard,Britannia Pharma,BATCH-4885,Outbound,521,181,0,0,810.55,1106.89,D2,Charlie Davies,On Time,2,No,Passed,5
TXN100241,20-10-2025,Liverpool Logistics,Manchester,Fashion,T-Shirt,Britannia Pharma,BATCH-4863,Outbound,265,127,23,11,1025.92,1329.33,D1,Noah Wilson,On Time,3,Yes,Passed,25
TXN100242,01-10-2025,Newcastle Depot,Leeds,Grocery,Tea Bags,Britannia Pharma,BATCH-1781,Outbound,875,29,11,13,602.02,1081.77,A2,George Brown,Delayed,9,Yes,Passed,6
TXN100243,14-10-2025,Leeds Fulfillment,Glasgow,Pharma,Bandages,Tesco Supply Ltd,BATCH-7746,Inbound,909,664,6,14,894.79,1146.98,C2,Noah Wilson,Slightly Delayed,6,Yes,Passed,24
TXN100244,15-07-2025,Newcastle Depot,Birmingham,Pharma,Cough Syrup,Sainsbury Logistics,BATCH-6527,Outbound,382,364,32,15,930.82,1315.11,D1,Harry Johnson,On Time,2,Yes,Passed,5
TXN100245,04-02-2026,Glasgow Warehouse,Newcastle,Pharma,Vitamin Tablets,Northern Supply Chain,BATCH-3741,Inbound,371,182,18,8,728.44,1002.93,A1,George Brown,Delayed,8,Yes,Failed,21
TXN100246,08-10-2025,Bristol Supply Hub,Manchester,Pharma,Paracetamol,ASDA Distribution,BATCH-5300,Inbound,265,62,25,3,119.19,209.27,A2,Amelia Clark,Delayed,8,No,Passed,7
TXN100247,06-12-2025,Glasgow Warehouse,Newcastle,Grocery,Coffee,Prime Wholesale UK,BATCH-9856,Outbound,503,340,8,4,634.46,773.68,D2,George Brown,On Time,1,Yes,Passed,18
TXN100248,11-04-2026,Liverpool Logistics,Manchester,Home Appliances,Air Fryer,Prime Wholesale UK,BATCH-6044,Outbound,696,671,36,13,630.53,975.85,D1,Jack Taylor,Slightly Delayed,5,Yes,Passed,9
TXN100249,30-04-2026,Leeds Fulfillment,London,Electronics,Laptop,Northern Supply Chain,BATCH-5799,Inbound,585,159,22,9,565.69,625.55,A1,Charlie Davies,Delayed,8,Yes,Passed,13
TXN100250,10-02-2025,Liverpool Logistics,Leeds,Home Appliances,Air Fryer,Britannia Pharma,BATCH-9715,Outbound,454,147,10,20,470.72,642.46,D1,Noah Wilson,Slightly Delayed,5,Yes,Passed,5
TXN100251,14-06-2025,London Central Hub,London,Grocery,Coffee,Sainsbury Logistics,BATCH-2675,Outbound,163,136,39,14,330.2,507.16,C1,George Brown,Slightly Delayed,4,No,Passed,23
TXN100252,10-07-2025,London Central Hub,Glasgow,Electronics,Tablet,ASDA Distribution,BATCH-3393,Inbound,142,39,0,15,264.54,368.81,C1,Amelia Clark,Delayed,8,Yes,Passed,17
TXN100253,17-07-2025,Newcastle Depot,Liverpool,Fashion,Jeans,Tesco Supply Ltd,BATCH-4263,Outbound,246,235,16,12,994.76,1179.16,A2,Noah Wilson,Slightly Delayed,4,No,Passed,12
TXN100254,12-04-2025,London Central Hub,Liverpool,Pharma,Cough Syrup,ASDA Distribution,BATCH-4866,Outbound,212,181,2,17,627.51,801.53,C2,Oliver Smith,Slightly Delayed,5,Yes,Passed,25
TXN100255,19-12-2025,Glasgow Warehouse,Manchester,Pharma,Paracetamol,UK Retail Goods,BATCH-3583,Outbound,455,424,15,0,1162.76,1751.99,A2,Charlie Davies,Delayed,8,Yes,Passed,1
TXN100256,08-02-2026,Glasgow Warehouse,Newcastle,Pharma,Vitamin Tablets,UK Retail Goods,BATCH-1349,Outbound,768,569,6,4,587.97,777.13,C2,George Brown,Delayed,9,No,Passed,1
TXN100257,15-06-2025,Leeds Fulfillment,Birmingham,Fashion,T-Shirt,ASDA Distribution,BATCH-9702,Inbound,622,321,34,15,231.78,285.24,D2,Jack Taylor,Slightly Delayed,6,No,Passed,17
TXN100258,14-11-2025,Liverpool Logistics,Glasgow,Pharma,Bandages,ASDA Distribution,BATCH-9830,Outbound,50,44,40,16,457.96,563.23,B2,Emily Harris,On Time,1,Yes,Failed,19
TXN100259,04-03-2026,Birmingham Distribution,London,Pharma,Cough Syrup,UK Retail Goods,BATCH-2753,Outbound,469,348,20,3,120.03,187.39,B2,Harry Johnson,On Time,1,Yes,Failed,18
TXN100260,22-04-2026,Newcastle Depot,Manchester,Fashion,T-Shirt,Prime Wholesale UK,BATCH-1994,Outbound,588,282,3,11,268.76,430.69,D1,Charlie Davies,On Time,1,Yes,Failed,19
TXN100261,21-02-2025,Bristol Supply Hub,Liverpool,Pharma,Paracetamol,UK Retail Goods,BATCH-9621,Inbound,801,92,19,2,1133.8,2009.56,B1,Amelia Clark,On Time,2,Yes,Passed,24
TXN100262,16-09-2025,Birmingham Distribution,Newcastle,Home Appliances,Microwave,London Trade Corp,BATCH-6163,Outbound,740,489,27,3,204.34,250.58,C2,Amelia Clark,Delayed,7,No,Passed,23
TXN100263,04-07-2025,Newcastle Depot,Bristol,Pharma,Vitamin Tablets,Tesco Supply Ltd,BATCH-1567,Outbound,626,578,13,12,920.02,1608.47,A1,George Brown,Slightly Delayed,5,No,Failed,0
TXN100264,16-04-2026,Birmingham Distribution,Manchester,Pharma,Vitamin Tablets,Tesco Supply Ltd,BATCH-8542,Outbound,269,239,20,0,926.97,1631.79,B1,George Brown,Slightly Delayed,5,No,Passed,11
TXN100265,11-01-2026,Glasgow Warehouse,Newcastle,Home Appliances,Vacuum Cleaner,Sainsbury Logistics,BATCH-8999,Inbound,288,151,19,2,686.73,1028.96,C1,Oliver Smith,Slightly Delayed,4,No,Passed,2
TXN100266,21-04-2026,Bristol Supply Hub,London,Electronics,Smartphone,Britannia Pharma,BATCH-9591,Inbound,406,242,26,3,1044.39,1314.58,C2,George Brown,Delayed,10,No,Passed,16
TXN100267,29-05-2025,Birmingham Distribution,Birmingham,Grocery,Cooking Oil,London Trade Corp,BATCH-2352,Outbound,101,70,28,19,692.43,805.34,A1,Amelia Clark,Delayed,7,No,Passed,2
TXN100268,30-11-2025,Liverpool Logistics,Liverpool,Fashion,Handbag,ASDA Distribution,BATCH-5362,Outbound,494,416,8,4,579.7,718.06,C2,Harry Johnson,Delayed,7,Yes,Passed,21
TXN100269,28-03-2025,Newcastle Depot,Birmingham,Fashion,T-Shirt,Prime Wholesale UK,BATCH-1735,Inbound,424,198,12,10,416.71,649.56,B2,Charlie Davies,Slightly Delayed,5,Yes,Failed,24
TXN100270,08-01-2025,Manchester Storage,Leeds,Electronics,Laptop,Prime Wholesale UK,BATCH-8719,Inbound,807,75,15,19,1112.44,1900.19,C2,Noah Wilson,Slightly Delayed,5,Yes,Passed,6
TXN100271,26-10-2025,London Central Hub,Leeds,Home Appliances,Microwave,Sainsbury Logistics,BATCH-1984,Outbound,611,514,39,4,835.61,1310.05,B2,Jack Taylor,Delayed,7,Yes,Failed,14
TXN100272,29-04-2025,Manchester Storage,Glasgow,Electronics,Laptop,Prime Wholesale UK,BATCH-9709,Inbound,447,358,17,11,1037.82,1155.46,B1,Noah Wilson,Delayed,7,No,Failed,17
TXN100273,27-06-2025,Glasgow Warehouse,Leeds,Electronics,Laptop,UK Retail Goods,BATCH-9212,Outbound,303,291,19,10,590.47,957.2,A1,Jack Taylor,On Time,1,No,Passed,0
TXN100274,24-09-2025,Liverpool Logistics,Bristol,Home Appliances,Microwave,UK Retail Goods,BATCH-3502,Outbound,280,97,21,12,790.03,917.59,C1,Charlie Davies,Delayed,7,No,Failed,17
TXN100275,08-06-2025,Birmingham Distribution,Bristol,Grocery,Cooking Oil,Sainsbury Logistics,BATCH-3589,Outbound,718,161,37,17,822.44,1021.16,A2,Harry Johnson,On Time,3,Yes,Passed,10
TXN100276,19-03-2025,Manchester Storage,Birmingham,Grocery,Rice Pack,Sainsbury Logistics,BATCH-1429,Outbound,833,346,26,13,367.5,596.06,B2,Noah Wilson,Slightly Delayed,5,Yes,Passed,21
TXN100277,05-04-2025,Newcastle Depot,Newcastle,Electronics,Smartphone,Sainsbury Logistics,BATCH-3683,Inbound,131,108,30,4,605.28,922.02,B2,Oliver Smith,Slightly Delayed,6,No,Failed,24
TXN100278,20-03-2026,Glasgow Warehouse,Newcastle,Electronics,Smartphone,UK Retail Goods,BATCH-8005,Outbound,472,133,12,6,84.03,146.97,A1,Amelia Clark,Delayed,8,No,Passed,12
TXN100279,23-09-2025,London Central Hub,Bristol,Home Appliances,Mixer,Tesco Supply Ltd,BATCH-4110,Outbound,583,131,28,14,993.28,1122.1,D2,Amelia Clark,Slightly Delayed,4,No,Passed,24
TXN100280,26-08-2025,Newcastle Depot,Manchester,Pharma,Bandages,ASDA Distribution,BATCH-3945,Inbound,220,128,18,19,1103.24,1746.39,D1,Amelia Clark,On Time,3,No,Passed,14
TXN100281,03-01-2026,Manchester Storage,Manchester,Electronics,Tablet,Prime Wholesale UK,BATCH-6946,Inbound,514,322,12,14,112.76,149.62,D1,George Brown,On Time,3,No,Passed,17
TXN100282,21-03-2026,London Central Hub,Bristol,Fashion,Jacket,Britannia Pharma,BATCH-6071,Outbound,836,194,21,18,1046.21,1782.61,C1,George Brown,On Time,3,Yes,Passed,4
TXN100283,08-11-2025,Liverpool Logistics,Liverpool,Grocery,Rice Pack,Prime Wholesale UK,BATCH-8434,Outbound,687,279,0,14,599.66,868.94,D2,Harry Johnson,On Time,1,Yes,Failed,7
TXN100284,19-01-2025,London Central Hub,Leeds,Home Appliances,Microwave,London Trade Corp,BATCH-2436,Inbound,684,663,35,6,63.46,76.39,A2,Amelia Clark,Slightly Delayed,6,Yes,Passed,5
TXN100285,15-06-2025,Bristol Supply Hub,Manchester,Pharma,Vitamin Tablets,Northern Supply Chain,BATCH-2063,Outbound,516,403,37,11,1118.12,1302.82,D2,George Brown,Slightly Delayed,5,Yes,Passed,22
TXN100286,20-10-2025,Manchester Storage,Newcastle,Pharma,Cough Syrup,Britannia Pharma,BATCH-7996,Outbound,589,443,33,6,836.52,1278.57,C1,Charlie Davies,On Time,2,Yes,Passed,19
TXN100287,10-04-2025,London Central Hub,Newcastle,Home Appliances,Air Fryer,ASDA Distribution,BATCH-4396,Outbound,582,529,31,5,1060.98,1339.92,D1,Oliver Smith,Slightly Delayed,5,No,Passed,11
TXN100288,17-09-2025,London Central Hub,Manchester,Home Appliances,Vacuum Cleaner,London Trade Corp,BATCH-6592,Outbound,61,60,12,9,309.03,354.61,A1,George Brown,Slightly Delayed,5,Yes,Passed,10
TXN100289,02-04-2026,Glasgow Warehouse,Newcastle,Pharma,Bandages,Northern Supply Chain,BATCH-1917,Outbound,988,505,2,20,167.23,202.14,C2,Oliver Smith,Delayed,8,Yes,Failed,18
TXN100290,08-03-2026,Bristol Supply Hub,Birmingham,Pharma,Cough Syrup,ASDA Distribution,BATCH-6050,Outbound,117,39,17,0,410.29,559.09,A1,Jack Taylor,Delayed,9,No,Passed,2
TXN100291,06-02-2026,Liverpool Logistics,Manchester,Fashion,Jeans,Prime Wholesale UK,BATCH-9290,Inbound,430,251,19,6,632.5,773.24,D2,George Brown,Slightly Delayed,6,Yes,Passed,10
TXN100292,16-04-2025,Newcastle Depot,Bristol,Fashion,Handbag,ASDA Distribution,BATCH-1067,Outbound,367,187,9,3,987.46,1734.59,A1,Harry Johnson,On Time,3,No,Passed,14
TXN100293,14-06-2025,Leeds Fulfillment,Leeds,Electronics,Laptop,London Trade Corp,BATCH-8227,Inbound,583,339,1,18,911.4,1410.11,C1,George Brown,Slightly Delayed,4,Yes,Passed,8
TXN100294,19-05-2025,Leeds Fulfillment,Liverpool,Electronics,Laptop,Sainsbury Logistics,BATCH-2167,Outbound,687,593,32,3,251.86,338.81,C2,Emily Harris,Slightly Delayed,6,Yes,Passed,4
TXN100295,02-04-2025,Newcastle Depot,Glasgow,Electronics,Monitor,Britannia Pharma,BATCH-6444,Inbound,974,711,3,3,463.4,537.68,A2,Emily Harris,Delayed,7,Yes,Passed,2
TXN100296,13-05-2025,Bristol Supply Hub,Birmingham,Fashion,Jacket,London Trade Corp,BATCH-6320,Outbound,516,178,29,15,281.87,354.21,D2,Oliver Smith,Delayed,10,Yes,Failed,15
TXN100297,18-09-2025,Manchester Storage,Glasgow,Electronics,Smartphone,ASDA Distribution,BATCH-5949,Outbound,540,492,10,9,922.69,1405.36,D1,Amelia Clark,On Time,3,Yes,Passed,19
TXN100298,09-08-2025,Bristol Supply Hub,Glasgow,Grocery,Cereal,UK Retail Goods,BATCH-3835,Inbound,212,143,24,2,412.15,688.18,D2,Harry Johnson,Delayed,10,No,Passed,10
TXN100299,17-12-2025,Bristol Supply Hub,Glasgow,Home Appliances,Mixer,Prime Wholesale UK,BATCH-2007,Inbound,891,475,11,9,1147.28,1317.91,B2,George Brown,On Time,2,Yes,Passed,24
TXN100300,15-12-2025,Leeds Fulfillment,Leeds,Grocery,Cooking Oil,Northern Supply Chain,BATCH-6640,Inbound,513,292,18,12,740.61,1046.49,A1,Amelia Clark,Slightly Delayed,4,Yes,Failed,9
TXN100301,26-02-2025,London Central Hub,Liverpool,Electronics,Smartphone,Northern Supply Chain,BATCH-7459,Outbound,972,582,3,0,845.51,1415.83,D1,Amelia Clark,Slightly Delayed,6,No,Failed,13
TXN100302,07-03-2026,Leeds Fulfillment,Birmingham,Home Appliances,Vacuum Cleaner,Sainsbury Logistics,BATCH-1190,Inbound,728,197,30,4,229.93,314.82,A1,George Brown,Slightly Delayed,6,No,Passed,21
TXN100303,16-11-2025,Bristol Supply Hub,Newcastle,Fashion,Jeans,Northern Supply Chain,BATCH-6821,Inbound,136,37,26,14,1072.83,1702.34,B1,Amelia Clark,Delayed,7,Yes,Passed,18
TXN100304,16-05-2026,Newcastle Depot,Glasgow,Fashion,Jeans,ASDA Distribution,BATCH-8889,Inbound,779,533,17,13,1112.24,1672.19,B1,Jack Taylor,On Time,1,No,Passed,16
TXN100305,17-12-2025,Leeds Fulfillment,London,Electronics,Keyboard,London Trade Corp,BATCH-9765,Inbound,961,644,5,7,569.58,922.25,D2,Emily Harris,On Time,2,No,Passed,18
TXN100306,08-01-2026,Leeds Fulfillment,London,Pharma,Bandages,Prime Wholesale UK,BATCH-3770,Inbound,411,170,18,5,47.21,82.43,C1,Oliver Smith,Slightly Delayed,5,No,Passed,15
TXN100307,08-01-2025,Birmingham Distribution,Birmingham,Electronics,Tablet,Prime Wholesale UK,BATCH-7058,Inbound,567,98,17,8,163.38,211.85,C1,Noah Wilson,Slightly Delayed,5,No,Passed,5
TXN100308,21-01-2026,Bristol Supply Hub,Liverpool,Home Appliances,Mixer,Prime Wholesale UK,BATCH-3740,Inbound,401,63,9,19,1121.06,1354.13,C2,Oliver Smith,Delayed,8,No,Failed,24
TXN100309,30-04-2025,Bristol Supply Hub,Newcastle,Electronics,Laptop,Britannia Pharma,BATCH-3378,Outbound,221,138,25,15,365.13,592.35,A1,Jack Taylor,Delayed,9,No,Passed,12
TXN100310,19-05-2025,Manchester Storage,Leeds,Pharma,Paracetamol,Northern Supply Chain,BATCH-8554,Inbound,149,110,27,19,1102.06,1874.44,B2,Charlie Davies,Slightly Delayed,6,Yes,Passed,10
TXN100311,29-06-2025,Leeds Fulfillment,Leeds,Home Appliances,Mixer,UK Retail Goods,BATCH-1557,Inbound,738,28,4,0,496.44,728.62,A2,Oliver Smith,Delayed,8,Yes,Passed,19
TXN100312,16-02-2026,Manchester Storage,Birmingham,Electronics,Laptop,Britannia Pharma,BATCH-5826,Outbound,138,129,38,4,454.27,742.6,A2,Emily Harris,Delayed,10,No,Failed,24
TXN100313,31-01-2025,Leeds Fulfillment,Birmingham,Fashion,Sneakers,Prime Wholesale UK,BATCH-2137,Outbound,313,102,4,8,933.64,1277.18,B2,Amelia Clark,Slightly Delayed,6,Yes,Passed,20
TXN100314,02-01-2026,London Central Hub,Manchester,Fashion,Jacket,ASDA Distribution,BATCH-5105,Outbound,197,158,27,6,738.69,867.5,A1,Emily Harris,Delayed,8,Yes,Passed,20
TXN100315,02-01-2025,Newcastle Depot,Newcastle,Electronics,Laptop,Northern Supply Chain,BATCH-7617,Inbound,730,419,17,4,841.57,1458.64,B2,Oliver Smith,Delayed,10,No,Passed,22
TXN100316,07-07-2025,Glasgow Warehouse,Manchester,Fashion,Jacket,Prime Wholesale UK,BATCH-5750,Inbound,630,568,22,10,819.79,1131.66,B1,Oliver Smith,On Time,2,No,Passed,21
TXN100317,12-01-2026,London Central Hub,Liverpool,Grocery,Coffee,Tesco Supply Ltd,BATCH-4907,Outbound,762,419,6,20,828.17,1193.02,D1,Harry Johnson,Delayed,8,No,Passed,15
TXN100318,02-03-2025,Newcastle Depot,Birmingham,Home Appliances,Air Fryer,UK Retail Goods,BATCH-2180,Inbound,66,22,21,1,408.57,655.64,B1,Emily Harris,Delayed,7,Yes,Passed,15
TXN100319,22-08-2025,Manchester Storage,Manchester,Home Appliances,Mixer,ASDA Distribution,BATCH-9145,Inbound,298,86,0,5,761.03,1319.07,A2,Noah Wilson,On Time,2,No,Passed,10
TXN100320,27-01-2026,Birmingham Distribution,Glasgow,Fashion,Sneakers,ASDA Distribution,BATCH-2978,Outbound,173,167,34,4,389.3,691.12,B1,Amelia Clark,Slightly Delayed,4,Yes,Passed,22
TXN100321,12-07-2025,London Central Hub,Newcastle,Pharma,Vitamin Tablets,ASDA Distribution,BATCH-1104,Inbound,499,144,37,1,164.38,271.84,B1,Harry Johnson,Delayed,10,No,Passed,13
TXN100322,09-11-2025,Birmingham Distribution,Newcastle,Fashion,Jeans,ASDA Distribution,BATCH-5934,Outbound,261,56,40,8,630.09,874.83,D1,Oliver Smith,On Time,3,Yes,Passed,6
TXN100323,22-05-2025,Manchester Storage,Birmingham,Electronics,Keyboard,Prime Wholesale UK,BATCH-9151,Inbound,147,112,34,16,267.03,437.72,B1,Oliver Smith,Slightly Delayed,4,Yes,Passed,20
TXN100324,23-01-2025,London Central Hub,Birmingham,Pharma,Cough Syrup,Sainsbury Logistics,BATCH-1476,Outbound,264,131,16,10,742.1,1278.68,A2,Harry Johnson,Delayed,8,Yes,Passed,23
TXN100325,03-02-2026,Liverpool Logistics,Manchester,Fashion,Handbag,UK Retail Goods,BATCH-7759,Inbound,643,353,26,6,897.77,1552.12,D1,Noah Wilson,Slightly Delayed,4,Yes,Passed,15
TXN100326,11-07-2025,Liverpool Logistics,Glasgow,Home Appliances,Air Fryer,Britannia Pharma,BATCH-4313,Outbound,105,75,9,6,1113.83,1579.96,B1,Oliver Smith,Delayed,7,Yes,Passed,8
TXN100327,06-11-2025,Birmingham Distribution,Liverpool,Grocery,Rice Pack,ASDA Distribution,BATCH-7745,Outbound,922,496,29,13,209.59,280.96,B2,Emily Harris,Slightly Delayed,5,No,Passed,8
TXN100328,30-04-2026,London Central Hub,Bristol,Electronics,Monitor,Tesco Supply Ltd,BATCH-1656,Outbound,803,272,15,10,523.93,657.89,A1,Amelia Clark,Delayed,10,No,Passed,15
TXN100329,02-05-2026,Glasgow Warehouse,Leeds,Electronics,Monitor,UK Retail Goods,BATCH-2486,Inbound,557,266,5,17,904.93,1434.51,D2,Jack Taylor,Delayed,7,Yes,Passed,22
TXN100330,05-04-2025,Glasgow Warehouse,Newcastle,Fashion,Handbag,Tesco Supply Ltd,BATCH-2158,Outbound,815,617,1,14,559.19,669.37,C2,Oliver Smith,Delayed,7,No,Passed,13
TXN100331,21-09-2025,Glasgow Warehouse,London,Pharma,Vitamin Tablets,ASDA Distribution,BATCH-7274,Outbound,856,721,5,19,1057.61,1708.07,D2,Oliver Smith,On Time,1,No,Failed,11
TXN100332,28-02-2025,Liverpool Logistics,Liverpool,Grocery,Cereal,London Trade Corp,BATCH-6778,Outbound,771,88,35,6,170.39,227.38,D1,Jack Taylor,Delayed,9,Yes,Passed,2
TXN100333,14-12-2025,Leeds Fulfillment,Newcastle,Pharma,Cough Syrup,London Trade Corp,BATCH-2075,Inbound,513,268,32,16,996.32,1423.86,D2,Harry Johnson,Delayed,9,Yes,Passed,12
TXN100334,24-03-2026,London Central Hub,Leeds,Grocery,Coffee,Northern Supply Chain,BATCH-9870,Inbound,128,33,10,8,138.87,167.14,D2,Charlie Davies,On Time,3,No,Passed,14
TXN100335,30-07-2025,Glasgow Warehouse,Newcastle,Electronics,Smartphone,Prime Wholesale UK,BATCH-8503,Outbound,243,36,1,7,1002.76,1467.77,B1,Jack Taylor,Slightly Delayed,6,Yes,Passed,25
TXN100336,13-11-2025,Leeds Fulfillment,Birmingham,Pharma,Vitamin Tablets,Sainsbury Logistics,BATCH-3514,Inbound,545,400,18,1,182.26,236.77,B2,Harry Johnson,On Time,3,Yes,Failed,10
TXN100337,16-05-2026,Glasgow Warehouse,Newcastle,Home Appliances,Vacuum Cleaner,Sainsbury Logistics,BATCH-9743,Outbound,501,153,23,5,250.16,399.0,A2,Oliver Smith,Slightly Delayed,6,No,Passed,15
TXN100338,19-06-2025,Leeds Fulfillment,Newcastle,Grocery,Tea Bags,Britannia Pharma,BATCH-3409,Outbound,1000,347,9,0,1164.33,1725.89,C2,Harry Johnson,Delayed,9,No,Passed,1
TXN100339,17-02-2025,Liverpool Logistics,Liverpool,Grocery,Cereal,Britannia Pharma,BATCH-4206,Inbound,169,98,1,12,742.94,931.84,A2,Emily Harris,Slightly Delayed,6,Yes,Passed,16
TXN100340,23-07-2025,Bristol Supply Hub,Glasgow,Fashion,Jeans,Northern Supply Chain,BATCH-7108,Inbound,552,345,38,19,616.31,702.12,C1,Charlie Davies,Slightly Delayed,6,No,Passed,9
TXN100341,09-01-2026,Birmingham Distribution,Manchester,Fashion,Handbag,Sainsbury Logistics,BATCH-4404,Outbound,139,47,28,13,965.4,1256.99,D2,Charlie Davies,Delayed,7,Yes,Failed,18
TXN100342,22-01-2026,Liverpool Logistics,Birmingham,Fashion,Jacket,Northern Supply Chain,BATCH-5742,Outbound,56,46,40,8,500.34,745.04,A1,Jack Taylor,Delayed,10,No,Failed,15
TXN100343,05-03-2025,Leeds Fulfillment,Bristol,Home Appliances,Air Fryer,Sainsbury Logistics,BATCH-9059,Inbound,279,33,0,4,318.9,564.2,A1,Harry Johnson,Delayed,8,No,Passed,15
TXN100344,14-05-2026,Manchester Storage,Glasgow,Electronics,Keyboard,Tesco Supply Ltd,BATCH-5252,Inbound,813,390,37,15,680.86,1162.8,A1,George Brown,Delayed,8,No,Passed,14
TXN100345,25-01-2025,Manchester Storage,Liverpool,Grocery,Coffee,Sainsbury Logistics,BATCH-2548,Inbound,217,33,17,11,506.32,880.22,C2,Charlie Davies,Slightly Delayed,6,No,Passed,8
TXN100346,30-07-2025,Birmingham Distribution,Manchester,Pharma,Paracetamol,UK Retail Goods,BATCH-3532,Inbound,597,380,9,0,168.65,218.74,B2,Harry Johnson,Delayed,8,No,Passed,14
TXN100347,23-02-2026,Glasgow Warehouse,Birmingham,Electronics,Laptop,Britannia Pharma,BATCH-1471,Inbound,888,154,1,15,421.11,666.93,B2,George Brown,On Time,3,Yes,Passed,22
TXN100348,09-02-2025,Newcastle Depot,Bristol,Grocery,Coffee,Tesco Supply Ltd,BATCH-4217,Inbound,178,73,8,2,512.64,837.71,A1,Oliver Smith,On Time,2,No,Passed,3
TXN100349,28-10-2025,Birmingham Distribution,Glasgow,Pharma,Paracetamol,Tesco Supply Ltd,BATCH-2487,Inbound,117,58,0,3,939.93,1639.3,C1,Charlie Davies,Slightly Delayed,4,No,Failed,5
TXN100350,09-05-2026,London Central Hub,Manchester,Home Appliances,Vacuum Cleaner,UK Retail Goods,BATCH-9260,Outbound,567,89,6,18,917.08,1348.28,C2,George Brown,Slightly Delayed,4,No,Passed,21
TXN100351,25-01-2026,Manchester Storage,Newcastle,Electronics,Tablet,ASDA Distribution,BATCH-9515,Inbound,904,383,24,13,261.06,328.75,D2,Charlie Davies,On Time,2,No,Failed,17
TXN100352,18-12-2025,Newcastle Depot,Liverpool,Electronics,Laptop,Northern Supply Chain,BATCH-5761,Outbound,385,272,7,12,343.92,522.85,B2,Harry Johnson,Slightly Delayed,5,No,Failed,21
TXN100353,03-03-2025,Bristol Supply Hub,Manchester,Pharma,Vitamin Tablets,Sainsbury Logistics,BATCH-2060,Outbound,63,63,31,3,478.66,701.65,B2,Charlie Davies,On Time,2,Yes,Passed,19
TXN100354,20-05-2025,Bristol Supply Hub,Glasgow,Fashion,Jacket,Prime Wholesale UK,BATCH-7626,Outbound,288,237,31,8,918.96,1503.58,C1,George Brown,Delayed,10,No,Passed,3
TXN100355,02-03-2026,London Central Hub,Birmingham,Electronics,Smartphone,Northern Supply Chain,BATCH-6356,Inbound,551,529,14,20,1131.17,1267.82,C1,Harry Johnson,On Time,1,Yes,Passed,21
TXN100356,05-10-2025,London Central Hub,London,Home Appliances,Air Fryer,Northern Supply Chain,BATCH-2951,Outbound,861,497,12,9,796.2,1149.06,D2,Charlie Davies,Slightly Delayed,5,No,Passed,14
TXN100357,10-03-2025,Bristol Supply Hub,Newcastle,Fashion,Jacket,ASDA Distribution,BATCH-9037,Outbound,83,42,35,9,1062.22,1290.49,D2,George Brown,Delayed,7,Yes,Passed,12
TXN100358,15-01-2025,Birmingham Distribution,Glasgow,Pharma,Bandages,London Trade Corp,BATCH-1440,Outbound,655,406,39,11,920.93,1196.39,D1,Harry Johnson,On Time,1,No,Passed,11
TXN100359,12-04-2026,Leeds Fulfillment,Manchester,Pharma,Bandages,London Trade Corp,BATCH-3781,Inbound,409,48,15,7,285.37,376.25,C2,Oliver Smith,On Time,2,No,Passed,21
TXN100360,13-07-2025,Glasgow Warehouse,Manchester,Fashion,Handbag,Prime Wholesale UK,BATCH-2639,Inbound,577,451,17,0,836.67,1264.7,C2,Emily Harris,Slightly Delayed,6,No,Passed,5
TXN100361,07-03-2026,Liverpool Logistics,Leeds,Home Appliances,Microwave,Britannia Pharma,BATCH-1778,Outbound,422,243,12,15,764.36,1361.99,D1,Noah Wilson,On Time,2,Yes,Failed,22
TXN100362,18-04-2025,Manchester Storage,Leeds,Home Appliances,Mixer,Britannia Pharma,BATCH-8092,Outbound,656,364,17,2,681.88,1003.55,B2,Amelia Clark,Delayed,7,No,Passed,8
TXN100363,23-10-2025,Newcastle Depot,Leeds,Home Appliances,Air Fryer,Northern Supply Chain,BATCH-1981,Inbound,737,580,11,0,755.27,1103.72,C2,Emily Harris,On Time,3,Yes,Passed,7
TXN100364,10-03-2026,Leeds Fulfillment,Birmingham,Grocery,Coffee,Britannia Pharma,BATCH-4868,Outbound,914,465,26,10,1032.92,1795.0,B2,Harry Johnson,Slightly Delayed,4,Yes,Passed,6
TXN100365,14-04-2025,Birmingham Distribution,London,Electronics,Tablet,Britannia Pharma,BATCH-5551,Inbound,866,337,29,15,673.99,947.15,A1,Emily Harris,On Time,1,Yes,Passed,1
TXN100366,23-07-2025,Birmingham Distribution,Liverpool,Electronics,Smartphone,ASDA Distribution,BATCH-9196,Inbound,666,325,4,13,1076.64,1690.51,C1,Emily Harris,On Time,2,Yes,Failed,7
TXN100367,24-04-2026,Birmingham Distribution,Manchester,Home Appliances,Mixer,Sainsbury Logistics,BATCH-4507,Outbound,841,340,21,18,886.0,1474.38,D2,Amelia Clark,Slightly Delayed,4,No,Passed,18
TXN100368,09-05-2026,Birmingham Distribution,Glasgow,Electronics,Monitor,Prime Wholesale UK,BATCH-7025,Outbound,596,403,7,10,657.17,941.33,A1,Oliver Smith,Slightly Delayed,4,Yes,Passed,22
TXN100369,01-10-2025,Newcastle Depot,Bristol,Grocery,Coffee,Tesco Supply Ltd,BATCH-7438,Outbound,615,413,19,20,1150.39,1557.63,C1,Harry Johnson,On Time,2,Yes,Failed,9
TXN100370,09-02-2026,Manchester Storage,Newcastle,Grocery,Cooking Oil,Prime Wholesale UK,BATCH-7765,Outbound,987,469,40,10,1055.96,1728.31,D1,Harry Johnson,Delayed,7,Yes,Passed,22
TXN100371,26-01-2026,Birmingham Distribution,Newcastle,Pharma,Paracetamol,Sainsbury Logistics,BATCH-1050,Outbound,410,235,38,17,886.65,1256.63,B2,Jack Taylor,On Time,1,No,Passed,18
TXN100372,10-02-2026,Newcastle Depot,Newcastle,Electronics,Laptop,Sainsbury Logistics,BATCH-5270,Inbound,211,83,33,20,916.98,1552.33,C2,Jack Taylor,Delayed,7,Yes,Failed,2
TXN100373,28-11-2025,Liverpool Logistics,Manchester,Fashion,Sneakers,Prime Wholesale UK,BATCH-4248,Outbound,236,120,24,18,273.26,481.94,B1,Oliver Smith,Delayed,9,No,Passed,19
TXN100374,03-01-2026,Newcastle Depot,Newcastle,Fashion,Handbag,ASDA Distribution,BATCH-4677,Inbound,316,96,5,11,208.3,311.84,B2,Jack Taylor,On Time,1,No,Passed,23
TXN100375,03-08-2025,Birmingham Distribution,London,Fashion,T-Shirt,Britannia Pharma,BATCH-5289,Inbound,183,130,13,19,262.6,440.34,D2,Noah Wilson,Slightly Delayed,4,No,Passed,18
TXN100376,01-01-2026,Bristol Supply Hub,Leeds,Fashion,Jacket,ASDA Distribution,BATCH-2561,Inbound,60,50,8,10,1169.41,1611.78,A1,Charlie Davies,Slightly Delayed,4,Yes,Passed,15
TXN100377,09-03-2025,London Central Hub,Birmingham,Pharma,Paracetamol,Britannia Pharma,BATCH-3783,Outbound,55,36,32,19,460.22,821.16,C2,Emily Harris,Slightly Delayed,6,Yes,Failed,2
TXN100378,18-01-2026,Bristol Supply Hub,Leeds,Pharma,Bandages,Britannia Pharma,BATCH-5321,Outbound,195,86,7,10,57.77,68.72,D1,George Brown,Slightly Delayed,5,No,Passed,23
TXN100379,29-08-2025,Newcastle Depot,Bristol,Fashion,Jeans,ASDA Distribution,BATCH-9108,Inbound,619,470,3,6,182.6,230.24,D2,Charlie Davies,On Time,1,No,Passed,14
TXN100380,03-04-2025,Leeds Fulfillment,Liverpool,Fashion,Jacket,Tesco Supply Ltd,BATCH-9618,Inbound,916,757,9,3,422.78,525.35,D1,Harry Johnson,Slightly Delayed,5,Yes,Passed,24
TXN100381,11-07-2025,Manchester Storage,Glasgow,Fashion,Jacket,Sainsbury Logistics,BATCH-1473,Inbound,958,356,1,9,819.17,1291.38,D2,Emily Harris,Delayed,7,No,Passed,20
TXN100382,08-03-2025,London Central Hub,Leeds,Pharma,Paracetamol,London Trade Corp,BATCH-1909,Inbound,387,42,39,14,393.27,633.98,D1,Harry Johnson,Delayed,10,No,Passed,8
TXN100383,26-05-2025,Birmingham Distribution,Manchester,Grocery,Cooking Oil,Britannia Pharma,BATCH-9042,Outbound,839,428,5,0,1023.55,1242.65,C1,George Brown,Delayed,7,No,Passed,21
TXN100384,04-11-2025,Bristol Supply Hub,Glasgow,Electronics,Smartphone,Sainsbury Logistics,BATCH-8112,Outbound,574,224,31,14,1063.07,1523.92,A2,Oliver Smith,Delayed,10,No,Passed,14
TXN100385,03-06-2025,Birmingham Distribution,Leeds,Grocery,Cooking Oil,UK Retail Goods,BATCH-9570,Outbound,557,557,5,9,564.52,652.26,C1,Oliver Smith,Delayed,8,Yes,Passed,1
TXN100386,01-07-2025,Manchester Storage,London,Home Appliances,Mixer,ASDA Distribution,BATCH-8583,Inbound,572,455,26,3,560.26,898.78,B1,Amelia Clark,Slightly Delayed,5,Yes,Passed,2
TXN100387,19-04-2025,Leeds Fulfillment,Manchester,Fashion,Sneakers,Northern Supply Chain,BATCH-9755,Inbound,371,320,29,14,750.45,964.74,A1,Amelia Clark,On Time,3,Yes,Passed,0
TXN100388,04-07-2025,Bristol Supply Hub,Leeds,Grocery,Tea Bags,ASDA Distribution,BATCH-3049,Inbound,521,374,25,19,872.46,1144.63,A1,Noah Wilson,Delayed,10,Yes,Passed,0
TXN100389,08-04-2025,Newcastle Depot,Birmingham,Grocery,Rice Pack,Prime Wholesale UK,BATCH-7912,Inbound,264,143,9,20,293.93,496.58,A2,George Brown,Delayed,9,Yes,Passed,23
TXN100390,27-01-2025,Manchester Storage,Bristol,Fashion,T-Shirt,Northern Supply Chain,BATCH-9121,Outbound,532,40,28,18,294.94,385.3,A1,Emily Harris,Delayed,7,No,Passed,15
TXN100391,18-05-2025,Bristol Supply Hub,Newcastle,Home Appliances,Air Fryer,ASDA Distribution,BATCH-9106,Outbound,287,51,33,0,509.3,672.83,D2,Amelia Clark,On Time,2,Yes,Failed,5
TXN100392,17-04-2026,Newcastle Depot,Birmingham,Pharma,Vitamin Tablets,Britannia Pharma,BATCH-7395,Outbound,530,196,28,7,611.62,924.38,C2,Emily Harris,Slightly Delayed,6,Yes,Passed,19
TXN100393,21-02-2025,Newcastle Depot,Leeds,Grocery,Coffee,UK Retail Goods,BATCH-4431,Inbound,757,108,30,4,212.08,256.49,A1,Charlie Davies,Delayed,8,No,Passed,11
TXN100394,03-03-2025,Newcastle Depot,Leeds,Grocery,Cooking Oil,London Trade Corp,BATCH-6820,Inbound,897,535,2,2,408.59,482.05,C1,George Brown,Slightly Delayed,4,Yes,Passed,22
TXN100395,26-02-2026,Manchester Storage,Birmingham,Electronics,Monitor,ASDA Distribution,BATCH-4365,Outbound,868,488,7,3,939.07,1433.73,B1,Jack Taylor,On Time,2,No,Passed,24
TXN100396,11-03-2026,Bristol Supply Hub,London,Home Appliances,Air Fryer,UK Retail Goods,BATCH-8760,Outbound,800,121,9,20,439.67,735.75,C1,George Brown,On Time,2,Yes,Passed,8
TXN100397,12-03-2025,Bristol Supply Hub,Bristol,Pharma,Bandages,Prime Wholesale UK,BATCH-9456,Outbound,419,342,15,4,905.08,1331.15,A1,Emily Harris,Slightly Delayed,4,Yes,Passed,24
TXN100398,01-02-2025,London Central Hub,Birmingham,Electronics,Keyboard,Tesco Supply Ltd,BATCH-9516,Outbound,121,30,21,10,484.97,795.67,D1,Amelia Clark,Delayed,7,No,Passed,23
TXN100399,26-11-2025,Newcastle Depot,Glasgow,Pharma,Cough Syrup,Northern Supply Chain,BATCH-4232,Outbound,58,37,33,19,1104.94,1757.08,A2,Oliver Smith,Delayed,8,No,Passed,12
TXN100400,23-01-2026,London Central Hub,London,Grocery,Cereal,Britannia Pharma,BATCH-4954,Outbound,603,310,13,2,616.45,812.84,D1,Harry Johnson,Slightly Delayed,6,Yes,Passed,11
TXN100401,23-06-2025,Liverpool Logistics,Glasgow,Pharma,Cough Syrup,Britannia Pharma,BATCH-5661,Inbound,176,32,7,14,361.06,583.4,D1,Noah Wilson,Delayed,8,Yes,Failed,10
TXN100402,11-02-2025,Bristol Supply Hub,Birmingham,Home Appliances,Vacuum Cleaner,Prime Wholesale UK,BATCH-4519,Outbound,892,817,23,14,122.1,195.13,A2,Charlie Davies,Delayed,7,No,Passed,18
TXN100403,10-01-2026,Birmingham Distribution,Birmingham,Home Appliances,Air Fryer,Sainsbury Logistics,BATCH-8942,Outbound,942,290,37,15,765.57,1376.16,B1,Harry Johnson,Delayed,8,Yes,Failed,14
TXN100404,26-02-2025,Leeds Fulfillment,London,Fashion,Jacket,Sainsbury Logistics,BATCH-2929,Outbound,814,180,35,11,1106.43,1309.06,C1,Charlie Davies,Delayed,7,No,Passed,9
TXN100405,01-04-2026,Birmingham Distribution,Newcastle,Fashion,Jacket,Tesco Supply Ltd,BATCH-3004,Outbound,860,166,9,18,509.0,893.69,A2,Oliver Smith,Slightly Delayed,5,No,Passed,15
TXN100406,09-03-2025,Newcastle Depot,Newcastle,Home Appliances,Microwave,Prime Wholesale UK,BATCH-3440,Outbound,629,483,21,12,572.9,918.95,A2,Amelia Clark,Delayed,10,No,Passed,7
TXN100407,20-10-2025,Leeds Fulfillment,Manchester,Fashion,Sneakers,ASDA Distribution,BATCH-4152,Inbound,603,66,28,8,776.87,1325.47,B2,Emily Harris,On Time,1,Yes,Passed,3
TXN100408,16-08-2025,Glasgow Warehouse,Bristol,Home Appliances,Vacuum Cleaner,Tesco Supply Ltd,BATCH-9052,Inbound,69,37,13,7,996.48,1681.3,C2,Amelia Clark,Delayed,10,Yes,Passed,13
TXN100409,27-05-2025,Leeds Fulfillment,Manchester,Electronics,Keyboard,Sainsbury Logistics,BATCH-6026,Outbound,374,215,16,2,142.0,166.07,B1,Oliver Smith,On Time,3,No,Passed,5
TXN100410,12-07-2025,Manchester Storage,London,Electronics,Laptop,UK Retail Goods,BATCH-4925,Inbound,355,219,6,10,175.24,302.31,D2,Amelia Clark,Slightly Delayed,5,Yes,Failed,8
TXN100411,13-04-2026,Leeds Fulfillment,Manchester,Electronics,Smartphone,UK Retail Goods,BATCH-3057,Outbound,525,303,26,2,583.58,808.4,D1,Emily Harris,Slightly Delayed,4,Yes,Failed,20
TXN100412,03-05-2026,Newcastle Depot,London,Home Appliances,Vacuum Cleaner,Tesco Supply Ltd,BATCH-8612,Outbound,851,165,23,17,1182.44,1947.97,B1,Oliver Smith,Delayed,9,Yes,Passed,15
TXN100413,25-05-2025,Manchester Storage,Leeds,Pharma,Cough Syrup,ASDA Distribution,BATCH-7476,Inbound,909,716,24,11,1011.71,1263.55,B1,Jack Taylor,Delayed,9,No,Passed,6
TXN100414,20-05-2025,Glasgow Warehouse,Glasgow,Home Appliances,Microwave,UK Retail Goods,BATCH-8533,Outbound,955,718,21,20,317.33,516.26,A1,George Brown,Delayed,8,Yes,Passed,19
TXN100415,26-01-2026,Manchester Storage,Manchester,Fashion,Jacket,Tesco Supply Ltd,BATCH-8293,Inbound,973,29,11,13,669.17,1062.34,C2,Amelia Clark,Delayed,8,No,Passed,12
TXN100416,24-01-2026,Glasgow Warehouse,Liverpool,Grocery,Rice Pack,ASDA Distribution,BATCH-5967,Inbound,177,138,23,6,536.27,673.05,B2,Emily Harris,On Time,1,No,Passed,1
TXN100417,26-02-2025,Newcastle Depot,Birmingham,Pharma,Bandages,UK Retail Goods,BATCH-3875,Inbound,976,740,38,6,13.53,24.2,B1,Harry Johnson,Delayed,7,Yes,Failed,8
TXN100418,11-11-2025,Newcastle Depot,London,Home Appliances,Vacuum Cleaner,Northern Supply Chain,BATCH-1849,Outbound,952,555,17,6,1017.96,1136.23,D1,Amelia Clark,Delayed,9,No,Passed,3
TXN100419,16-04-2026,Newcastle Depot,Glasgow,Home Appliances,Air Fryer,Tesco Supply Ltd,BATCH-7420,Inbound,557,390,33,1,1061.14,1334.05,C2,Harry Johnson,Slightly Delayed,5,Yes,Passed,23
TXN100420,15-01-2025,London Central Hub,Glasgow,Grocery,Tea Bags,Britannia Pharma,BATCH-5049,Inbound,126,51,12,5,398.42,455.79,D2,Noah Wilson,On Time,2,No,Passed,1
TXN100421,24-10-2025,London Central Hub,London,Pharma,Vitamin Tablets,Northern Supply Chain,BATCH-6132,Inbound,124,119,38,19,529.04,617.37,B1,Oliver Smith,Delayed,8,No,Passed,1
TXN100422,19-02-2025,Bristol Supply Hub,Liverpool,Pharma,Bandages,Tesco Supply Ltd,BATCH-8428,Outbound,117,33,3,17,67.38,114.21,D2,Amelia Clark,Delayed,7,Yes,Passed,10
TXN100423,31-10-2025,Liverpool Logistics,Birmingham,Electronics,Monitor,Britannia Pharma,BATCH-6822,Outbound,579,356,37,6,134.07,148.63,D2,Emily Harris,On Time,2,Yes,Passed,7
TXN100424,09-06-2025,Birmingham Distribution,Birmingham,Grocery,Rice Pack,Prime Wholesale UK,BATCH-6057,Outbound,111,36,19,18,525.84,931.69,C1,Charlie Davies,Slightly Delayed,6,Yes,Passed,16
TXN100425,15-05-2026,Liverpool Logistics,Manchester,Home Appliances,Vacuum Cleaner,London Trade Corp,BATCH-4102,Outbound,108,50,32,17,1031.15,1438.91,D2,Charlie Davies,Slightly Delayed,4,No,Passed,19
TXN100426,23-04-2025,Liverpool Logistics,Liverpool,Pharma,Bandages,Prime Wholesale UK,BATCH-4492,Inbound,386,103,6,14,1051.95,1827.64,D2,Charlie Davies,Delayed,8,No,Failed,6
TXN100427,14-03-2025,Liverpool Logistics,Glasgow,Fashion,Jeans,Tesco Supply Ltd,BATCH-1486,Inbound,895,26,23,0,93.11,104.38,B2,Jack Taylor,On Time,2,Yes,Passed,7
TXN100428,12-04-2026,Birmingham Distribution,Bristol,Pharma,Vitamin Tablets,ASDA Distribution,BATCH-6544,Inbound,397,303,15,5,239.21,292.61,C1,Emily Harris,Slightly Delayed,5,Yes,Passed,11
TXN100429,09-04-2025,Glasgow Warehouse,Glasgow,Pharma,Vitamin Tablets,Northern Supply Chain,BATCH-5006,Inbound,589,464,4,3,177.6,310.25,B2,Jack Taylor,Slightly Delayed,4,Yes,Passed,10
TXN100430,08-01-2026,Newcastle Depot,Manchester,Grocery,Rice Pack,Sainsbury Logistics,BATCH-9333,Outbound,694,306,8,16,1162.22,1999.12,C2,Emily Harris,Slightly Delayed,4,No,Passed,5
TXN100431,29-11-2025,Liverpool Logistics,Liverpool,Pharma,Cough Syrup,Prime Wholesale UK,BATCH-4840,Outbound,588,514,31,15,325.66,449.63,B2,Jack Taylor,Delayed,10,No,Passed,12
TXN100432,16-08-2025,Liverpool Logistics,London,Home Appliances,Vacuum Cleaner,Prime Wholesale UK,BATCH-9392,Outbound,912,403,16,17,106.29,172.84,D1,Emily Harris,Slightly Delayed,5,No,Passed,13
TXN100433,16-05-2025,Glasgow Warehouse,Manchester,Fashion,Sneakers,Britannia Pharma,BATCH-9220,Inbound,873,529,20,8,461.93,566.19,C1,Noah Wilson,Slightly Delayed,4,Yes,Passed,3
TXN100434,17-01-2026,Leeds Fulfillment,Liverpool,Electronics,Smartphone,Sainsbury Logistics,BATCH-9898,Outbound,89,89,12,10,239.99,319.3,A1,Jack Taylor,Slightly Delayed,5,No,Passed,11
TXN100435,20-03-2026,Liverpool Logistics,Liverpool,Fashion,T-Shirt,Prime Wholesale UK,BATCH-4829,Outbound,891,613,0,15,786.64,1410.05,D2,Charlie Davies,On Time,3,Yes,Passed,10
TXN100436,11-07-2025,Birmingham Distribution,Leeds,Grocery,Tea Bags,Tesco Supply Ltd,BATCH-9188,Outbound,838,734,26,6,529.22,898.12,C2,Noah Wilson,On Time,1,No,Passed,13
TXN100437,20-03-2025,Glasgow Warehouse,Bristol,Fashion,Handbag,Northern Supply Chain,BATCH-4345,Outbound,356,186,37,0,683.26,766.99,A2,Amelia Clark,On Time,3,Yes,Failed,15
TXN100438,01-04-2025,Newcastle Depot,London,Electronics,Smartphone,Sainsbury Logistics,BATCH-4260,Inbound,633,482,40,9,116.42,136.56,D1,Jack Taylor,Delayed,9,Yes,Passed,7
TXN100439,20-07-2025,Manchester Storage,Birmingham,Pharma,Paracetamol,Northern Supply Chain,BATCH-8835,Inbound,515,49,23,16,18.2,24.18,D1,Noah Wilson,Delayed,7,Yes,Passed,6
TXN100440,14-04-2025,Newcastle Depot,Leeds,Pharma,Bandages,UK Retail Goods,BATCH-1121,Inbound,887,746,30,5,726.43,1276.63,D2,Harry Johnson,Delayed,10,No,Passed,19
TXN100441,28-05-2025,Newcastle Depot,Glasgow,Grocery,Cereal,Britannia Pharma,BATCH-7407,Inbound,386,311,31,14,557.92,628.98,D1,Noah Wilson,On Time,2,Yes,Passed,19
TXN100442,03-05-2025,Birmingham Distribution,Leeds,Fashion,T-Shirt,Britannia Pharma,BATCH-2093,Inbound,443,357,11,18,119.16,189.35,D2,Amelia Clark,On Time,1,Yes,Failed,11
TXN100443,25-08-2025,Newcastle Depot,Bristol,Electronics,Laptop,London Trade Corp,BATCH-7542,Inbound,566,353,26,14,201.98,251.5,D1,Oliver Smith,On Time,1,Yes,Passed,8
TXN100444,01-01-2026,Birmingham Distribution,Newcastle,Electronics,Tablet,Britannia Pharma,BATCH-3643,Inbound,384,363,29,15,556.32,644.1,A1,Harry Johnson,Slightly Delayed,4,Yes,Failed,9
TXN100445,20-03-2025,Birmingham Distribution,Liverpool,Electronics,Keyboard,Tesco Supply Ltd,BATCH-9721,Inbound,809,420,10,2,807.31,894.38,D2,Oliver Smith,Slightly Delayed,5,Yes,Passed,12
TXN100446,11-07-2025,Liverpool Logistics,Manchester,Pharma,Bandages,Tesco Supply Ltd,BATCH-7908,Inbound,103,96,0,1,928.03,1519.17,A1,Charlie Davies,Slightly Delayed,4,Yes,Failed,21
TXN100447,15-06-2025,Liverpool Logistics,Liverpool,Electronics,Tablet,Northern Supply Chain,BATCH-8010,Inbound,953,118,10,5,57.59,84.01,B2,Noah Wilson,Slightly Delayed,6,Yes,Passed,11
TXN100448,03-12-2025,Glasgow Warehouse,London,Pharma,Vitamin Tablets,ASDA Distribution,BATCH-4580,Outbound,65,45,20,0,470.08,668.05,C1,Emily Harris,On Time,2,Yes,Passed,22
TXN100449,20-06-2025,Glasgow Warehouse,Newcastle,Home Appliances,Vacuum Cleaner,ASDA Distribution,BATCH-6490,Inbound,307,68,38,10,1177.79,1869.65,D2,Amelia Clark,On Time,3,Yes,Passed,16
TXN100450,14-11-2025,Birmingham Distribution,Glasgow,Home Appliances,Mixer,Prime Wholesale UK,BATCH-5859,Inbound,288,30,39,3,374.07,604.7,B1,Amelia Clark,Slightly Delayed,4,Yes,Passed,20
TXN100451,12-06-2025,London Central Hub,Bristol,Electronics,Tablet,Britannia Pharma,BATCH-1388,Inbound,995,762,38,14,888.41,1181.66,C2,Charlie Davies,Slightly Delayed,5,Yes,Passed,6
TXN100452,04-04-2025,London Central Hub,Manchester,Home Appliances,Mixer,Prime Wholesale UK,BATCH-2146,Inbound,978,959,15,7,731.64,1000.18,A1,George Brown,Slightly Delayed,6,Yes,Passed,4
TXN100453,09-06-2025,Liverpool Logistics,Liverpool,Electronics,Tablet,Northern Supply Chain,BATCH-3890,Inbound,656,582,13,7,611.37,854.92,C1,Jack Taylor,Delayed,8,No,Passed,20
TXN100454,27-03-2025,Bristol Supply Hub,Bristol,Grocery,Coffee,Sainsbury Logistics,BATCH-8897,Inbound,933,820,30,2,1141.46,1542.92,D1,Amelia Clark,Delayed,7,Yes,Passed,24
TXN100455,15-10-2025,Manchester Storage,Glasgow,Pharma,Vitamin Tablets,Sainsbury Logistics,BATCH-8688,Inbound,616,199,16,12,559.06,792.48,B1,Noah Wilson,Delayed,7,Yes,Passed,0
TXN100456,07-06-2025,Manchester Storage,Bristol,Home Appliances,Microwave,Tesco Supply Ltd,BATCH-3039,Outbound,553,434,26,12,1164.74,1585.45,B1,Noah Wilson,Delayed,8,No,Passed,8
TXN100457,05-05-2025,Glasgow Warehouse,London,Pharma,Bandages,Sainsbury Logistics,BATCH-5281,Outbound,700,397,3,20,465.47,650.18,B1,Jack Taylor,Slightly Delayed,4,Yes,Passed,19
TXN100458,14-05-2026,Liverpool Logistics,Bristol,Home Appliances,Vacuum Cleaner,Sainsbury Logistics,BATCH-7993,Outbound,62,27,5,20,855.37,1171.04,C1,Amelia Clark,Delayed,10,No,Failed,23
TXN100459,24-12-2025,Birmingham Distribution,Newcastle,Fashion,Jacket,Tesco Supply Ltd,BATCH-2587,Inbound,161,108,9,8,899.73,1575.44,D1,Amelia Clark,Delayed,7,No,Passed,23
TXN100460,19-08-2025,Liverpool Logistics,Birmingham,Fashion,Jeans,UK Retail Goods,BATCH-1966,Inbound,230,115,11,4,241.63,296.57,B2,Jack Taylor,On Time,2,No,Passed,14
TXN100461,02-02-2025,Liverpool Logistics,Newcastle,Home Appliances,Mixer,Prime Wholesale UK,BATCH-2651,Inbound,939,671,10,2,355.29,484.76,A1,Jack Taylor,Slightly Delayed,5,Yes,Passed,21
TXN100462,23-04-2026,Glasgow Warehouse,Bristol,Home Appliances,Mixer,London Trade Corp,BATCH-7074,Outbound,149,74,33,0,453.92,664.56,C2,Noah Wilson,Slightly Delayed,5,No,Passed,21
TXN100463,07-01-2026,Birmingham Distribution,London,Fashion,T-Shirt,ASDA Distribution,BATCH-9693,Outbound,675,78,22,10,968.49,1067.43,B2,Charlie Davies,Delayed,7,No,Passed,19
TXN100464,09-01-2025,London Central Hub,Glasgow,Fashion,Handbag,Prime Wholesale UK,BATCH-4826,Outbound,473,358,12,0,1183.49,2095.11,D1,Harry Johnson,Slightly Delayed,6,No,Passed,13
TXN100465,25-03-2026,London Central Hub,Birmingham,Fashion,Jacket,Prime Wholesale UK,BATCH-2426,Outbound,801,414,18,19,238.12,285.79,D2,George Brown,Delayed,9,No,Passed,3
TXN100466,24-02-2025,London Central Hub,Birmingham,Fashion,Handbag,London Trade Corp,BATCH-7283,Outbound,296,144,13,5,905.14,1413.67,B2,Jack Taylor,On Time,2,No,Passed,21
TXN100467,23-04-2026,Manchester Storage,Glasgow,Electronics,Tablet,Northern Supply Chain,BATCH-7252,Outbound,994,567,40,15,113.08,179.15,B2,Noah Wilson,Slightly Delayed,4,No,Passed,3
TXN100468,21-10-2025,Glasgow Warehouse,Bristol,Pharma,Paracetamol,Tesco Supply Ltd,BATCH-6092,Inbound,164,42,21,18,1124.97,1823.84,B2,Amelia Clark,On Time,2,No,Passed,10
TXN100469,16-03-2025,Leeds Fulfillment,Liverpool,Pharma,Vitamin Tablets,Prime Wholesale UK,BATCH-8467,Inbound,582,247,6,12,15.98,27.11,C1,George Brown,Slightly Delayed,6,Yes,Passed,19
TXN100470,30-05-2025,Bristol Supply Hub,London,Pharma,Cough Syrup,London Trade Corp,BATCH-3501,Inbound,564,146,17,18,576.55,968.65,B2,Oliver Smith,Delayed,8,Yes,Passed,15
TXN100471,28-06-2025,Bristol Supply Hub,Manchester,Fashion,Sneakers,Britannia Pharma,BATCH-5626,Inbound,884,695,10,0,659.79,881.6,D1,Harry Johnson,Delayed,8,Yes,Passed,10
TXN100472,23-12-2025,Birmingham Distribution,Liverpool,Home Appliances,Mixer,UK Retail Goods,BATCH-4205,Inbound,920,746,19,14,787.29,1184.09,C2,Harry Johnson,Delayed,8,Yes,Passed,12
TXN100473,02-03-2025,Glasgow Warehouse,Bristol,Fashion,Jeans,Sainsbury Logistics,BATCH-7619,Inbound,998,77,6,11,1169.12,1433.04,A1,Harry Johnson,On Time,1,Yes,Failed,12
TXN100474,03-02-2026,Bristol Supply Hub,Leeds,Fashion,Sneakers,Prime Wholesale UK,BATCH-7018,Inbound,754,630,11,20,895.51,1471.41,A2,Harry Johnson,On Time,2,Yes,Passed,3
TXN100475,11-02-2026,Bristol Supply Hub,Newcastle,Fashion,Handbag,Northern Supply Chain,BATCH-5888,Inbound,280,31,37,18,1184.88,1701.07,A2,Charlie Davies,On Time,2,Yes,Passed,22
TXN100476,08-09-2025,Manchester Storage,Liverpool,Home Appliances,Vacuum Cleaner,ASDA Distribution,BATCH-3960,Inbound,465,436,1,12,669.49,987.83,A1,Emily Harris,Delayed,9,No,Passed,3
TXN100477,13-02-2025,Leeds Fulfillment,Glasgow,Electronics,Tablet,Sainsbury Logistics,BATCH-7931,Inbound,638,231,10,2,677.18,1148.51,B2,Jack Taylor,On Time,1,Yes,Failed,16
TXN100478,07-11-2025,Liverpool Logistics,Manchester,Pharma,Bandages,Tesco Supply Ltd,BATCH-4884,Inbound,193,167,31,10,629.59,1127.1,B2,George Brown,Slightly Delayed,6,No,Passed,6
TXN100479,08-02-2025,Leeds Fulfillment,Bristol,Grocery,Cereal,Sainsbury Logistics,BATCH-7554,Outbound,615,241,37,11,336.49,541.87,A2,Jack Taylor,Delayed,7,No,Passed,22
TXN100480,01-01-2026,Birmingham Distribution,Bristol,Grocery,Cereal,Sainsbury Logistics,BATCH-6183,Outbound,258,38,40,8,1194.45,1896.5,D1,Oliver Smith,Slightly Delayed,4,Yes,Passed,2
TXN100481,11-04-2026,Leeds Fulfillment,Birmingham,Pharma,Paracetamol,UK Retail Goods,BATCH-5483,Inbound,594,132,35,13,83.82,129.76,A2,Amelia Clark,Slightly Delayed,6,Yes,Passed,12
TXN100482,28-06-2025,Leeds Fulfillment,Leeds,Electronics,Laptop,ASDA Distribution,BATCH-1785,Inbound,229,154,19,18,986.51,1423.27,C2,Amelia Clark,Delayed,9,Yes,Passed,11
TXN100483,15-03-2025,Leeds Fulfillment,London,Home Appliances,Air Fryer,London Trade Corp,BATCH-5081,Outbound,538,150,16,0,825.56,1320.28,D2,George Brown,On Time,3,No,Passed,11
TXN100484,06-06-2025,Manchester Storage,Leeds,Fashion,Handbag,Northern Supply Chain,BATCH-6123,Inbound,343,161,27,16,1130.3,1940.69,A2,Harry Johnson,Slightly Delayed,4,Yes,Passed,2
TXN100485,08-05-2026,Birmingham Distribution,Newcastle,Grocery,Cereal,Prime Wholesale UK,BATCH-9437,Inbound,108,30,18,17,1115.86,1858.85,D1,Oliver Smith,On Time,1,Yes,Failed,23
TXN100486,17-12-2025,Newcastle Depot,Birmingham,Electronics,Monitor,UK Retail Goods,BATCH-3864,Inbound,769,567,22,7,1193.1,1864.6,C2,George Brown,Delayed,9,No,Passed,1
TXN100487,12-03-2026,Manchester Storage,Leeds,Fashion,T-Shirt,Britannia Pharma,BATCH-8915,Outbound,438,107,23,3,408.86,644.1,C1,Noah Wilson,Delayed,9,Yes,Passed,23
TXN100488,02-04-2026,Newcastle Depot,London,Home Appliances,Air Fryer,London Trade Corp,BATCH-1096,Outbound,272,256,19,20,621.06,1071.57,C2,Jack Taylor,Delayed,8,No,Passed,3
TXN100489,12-04-2025,Birmingham Distribution,Bristol,Electronics,Smartphone,ASDA Distribution,BATCH-8985,Inbound,961,759,11,12,428.67,501.95,B1,Jack Taylor,Delayed,8,Yes,Passed,15
TXN100490,03-12-2025,Birmingham Distribution,Birmingham,Fashion,Sneakers,London Trade Corp,BATCH-8110,Inbound,356,206,27,5,646.03,832.5,C2,Noah Wilson,Delayed,8,Yes,Passed,6
TXN100491,01-05-2026,Leeds Fulfillment,Manchester,Pharma,Paracetamol,Northern Supply Chain,BATCH-9012,Outbound,186,121,26,10,1081.69,1311.24,B1,Charlie Davies,Slightly Delayed,4,No,Passed,16
TXN100492,27-01-2025,Glasgow Warehouse,Bristol,Fashion,Jeans,Tesco Supply Ltd,BATCH-8116,Outbound,162,47,1,4,190.87,276.76,C1,Jack Taylor,Slightly Delayed,4,No,Passed,2
TXN100493,25-12-2025,Bristol Supply Hub,Liverpool,Fashion,Jeans,Prime Wholesale UK,BATCH-2688,Inbound,682,176,32,5,303.11,496.1,B2,George Brown,Slightly Delayed,5,Yes,Passed,3
TXN100494,19-03-2026,Bristol Supply Hub,Leeds,Grocery,Tea Bags,UK Retail Goods,BATCH-4633,Outbound,89,55,12,4,514.43,787.86,D1,Emily Harris,On Time,2,Yes,Passed,16
TXN100495,07-05-2025,London Central Hub,Birmingham,Fashion,Jacket,Tesco Supply Ltd,BATCH-1008,Inbound,361,76,17,11,340.26,457.89,C2,Noah Wilson,Delayed,7,No,Passed,15
TXN100496,09-12-2025,Birmingham Distribution,Glasgow,Pharma,Paracetamol,London Trade Corp,BATCH-6920,Outbound,491,114,16,15,439.48,577.06,B2,Jack Taylor,On Time,2,Yes,Passed,18
TXN100497,11-05-2026,Liverpool Logistics,Liverpool,Fashion,Jacket,Prime Wholesale UK,BATCH-2616,Inbound,958,128,8,20,892.39,1056.81,C2,Jack Taylor,Delayed,10,No,Failed,24
TXN100498,02-04-2026,Glasgow Warehouse,Glasgow,Grocery,Cereal,Prime Wholesale UK,BATCH-2923,Outbound,788,177,2,4,234.09,347.7,A2,Emily Harris,Slightly Delayed,5,No,Failed,16
TXN100499,11-02-2026,Liverpool Logistics,Bristol,Home Appliances,Mixer,Prime Wholesale UK,BATCH-9723,Inbound,220,173,17,4,351.14,621.19,B1,Emily Harris,On Time,1,No,Failed,17
TXN100500,23-12-2025,Newcastle Depot,Leeds,Fashion,T-Shirt,Britannia Pharma,BATCH-4609,Outbound,671,298,13,5,9.3,13.95,C1,Harry Johnson,Delayed,10,Yes,Passed,7
TXN100501,19-05-2025,London Central Hub,Liverpool,Electronics,Keyboard,UK Retail Goods,BATCH-9758,Inbound,293,169,2,20,182.03,312.82,A1,Charlie Davies,On Time,3,No,Failed,10
TXN100502,26-02-2026,Leeds Fulfillment,Birmingham,Electronics,Keyboard,Britannia Pharma,BATCH-1256,Inbound,320,88,26,19,357.4,639.63,D1,Jack Taylor,On Time,1,Yes,Passed,14
TXN100503,17-08-2025,Bristol Supply Hub,Glasgow,Grocery,Coffee,Sainsbury Logistics,BATCH-8848,Inbound,325,124,37,20,970.24,1578.61,D2,George Brown,On Time,3,No,Passed,5
TXN100504,23-02-2026,Liverpool Logistics,Manchester,Grocery,Cooking Oil,Sainsbury Logistics,BATCH-2180,Outbound,633,522,11,20,342.04,450.51,B2,Emily Harris,On Time,3,No,Passed,3
TXN100505,28-02-2026,London Central Hub,Birmingham,Home Appliances,Vacuum Cleaner,UK Retail Goods,BATCH-2369,Outbound,794,788,0,19,124.18,169.98,B1,Oliver Smith,On Time,2,Yes,Passed,25
TXN100506,22-02-2026,Glasgow Warehouse,Newcastle,Electronics,Keyboard,Sainsbury Logistics,BATCH-4994,Inbound,803,366,5,6,171.38,279.65,C1,Harry Johnson,Delayed,8,Yes,Passed,1
TXN100507,27-04-2025,Birmingham Distribution,Glasgow,Electronics,Keyboard,Britannia Pharma,BATCH-4700,Outbound,353,72,32,13,174.49,303.35,A2,Emily Harris,On Time,1,Yes,Passed,3
TXN100508,04-04-2026,Birmingham Distribution,Birmingham,Grocery,Rice Pack,Northern Supply Chain,BATCH-9691,Outbound,338,202,4,19,403.8,546.08,B1,Amelia Clark,On Time,2,Yes,Passed,21
TXN100509,08-02-2026,Birmingham Distribution,Birmingham,Pharma,Cough Syrup,London Trade Corp,BATCH-3421,Outbound,406,73,17,15,795.77,1395.0,D2,Emily Harris,On Time,2,Yes,Passed,3
TXN100510,30-06-2025,Bristol Supply Hub,Newcastle,Home Appliances,Air Fryer,Northern Supply Chain,BATCH-6463,Inbound,794,305,9,2,391.05,465.07,B2,Amelia Clark,Delayed,7,No,Passed,17
TXN100511,02-01-2026,Liverpool Logistics,Manchester,Fashion,Handbag,UK Retail Goods,BATCH-6926,Inbound,596,524,34,17,986.58,1350.86,B2,Oliver Smith,Delayed,10,No,Passed,17
TXN100512,31-05-2025,Bristol Supply Hub,Liverpool,Fashion,Jeans,UK Retail Goods,BATCH-4679,Inbound,993,132,3,11,436.23,739.2,B1,Harry Johnson,On Time,3,Yes,Passed,12
TXN100513,16-01-2025,Birmingham Distribution,Manchester,Electronics,Monitor,UK Retail Goods,BATCH-2262,Inbound,430,47,6,18,93.16,157.09,D1,George Brown,On Time,3,Yes,Passed,15
TXN100514,27-05-2025,London Central Hub,London,Grocery,Cereal,Sainsbury Logistics,BATCH-9245,Inbound,765,326,30,13,868.46,1225.21,A1,Amelia Clark,On Time,1,No,Passed,21
TXN100515,20-05-2025,Bristol Supply Hub,Birmingham,Fashion,Handbag,UK Retail Goods,BATCH-7560,Inbound,778,284,36,16,370.71,466.77,B2,Amelia Clark,On Time,3,Yes,Failed,23
TXN100516,26-03-2025,Glasgow Warehouse,Bristol,Home Appliances,Mixer,UK Retail Goods,BATCH-5422,Inbound,886,729,29,15,379.26,587.6,A2,Harry Johnson,Delayed,7,No,Passed,19
TXN100517,23-01-2026,Liverpool Logistics,Liverpool,Pharma,Paracetamol,Tesco Supply Ltd,BATCH-4937,Outbound,295,164,10,17,132.23,165.07,A2,Oliver Smith,On Time,1,No,Failed,1
TXN100518,14-09-2025,Bristol Supply Hub,Glasgow,Electronics,Smartphone,Sainsbury Logistics,BATCH-2595,Outbound,145,140,19,0,1176.75,1913.6,D1,Harry Johnson,Delayed,7,Yes,Passed,0
TXN100519,03-05-2026,Liverpool Logistics,Birmingham,Home Appliances,Air Fryer,Sainsbury Logistics,BATCH-9218,Outbound,538,58,18,5,186.09,265.02,D2,George Brown,On Time,2,No,Passed,9
TXN100520,18-10-2025,Newcastle Depot,Manchester,Pharma,Bandages,Tesco Supply Ltd,BATCH-3336,Outbound,90,69,15,6,1196.43,1824.33,A2,Emily Harris,On Time,3,Yes,Passed,14
TXN100521,02-04-2025,Newcastle Depot,Leeds,Pharma,Vitamin Tablets,Prime Wholesale UK,BATCH-5194,Outbound,352,102,4,8,693.93,934.97,B1,Harry Johnson,On Time,2,No,Passed,1
TXN100522,03-05-2026,Manchester Storage,Bristol,Pharma,Cough Syrup,Prime Wholesale UK,BATCH-5306,Inbound,460,229,39,4,531.79,775.74,A1,Noah Wilson,Delayed,10,Yes,Passed,4
TXN100523,09-12-2025,Newcastle Depot,Newcastle,Electronics,Smartphone,Prime Wholesale UK,BATCH-2787,Inbound,434,101,36,12,1025.33,1287.95,B1,Harry Johnson,Delayed,8,No,Passed,24
TXN100524,26-12-2025,Manchester Storage,Leeds,Fashion,Jeans,Prime Wholesale UK,BATCH-1627,Inbound,461,188,4,10,414.2,630.85,D2,George Brown,Slightly Delayed,4,Yes,Passed,10
TXN100525,28-01-2025,London Central Hub,Bristol,Home Appliances,Mixer,Britannia Pharma,BATCH-5129,Inbound,665,409,3,11,948.52,1693.1,A2,George Brown,Slightly Delayed,4,Yes,Passed,8
TXN100526,02-03-2026,Bristol Supply Hub,Glasgow,Fashion,Jacket,Britannia Pharma,BATCH-3695,Inbound,355,251,26,16,260.86,450.02,C2,Amelia Clark,On Time,3,No,Passed,15
TXN100527,12-04-2025,Birmingham Distribution,Glasgow,Home Appliances,Vacuum Cleaner,London Trade Corp,BATCH-1232,Inbound,763,467,22,18,470.02,520.29,D2,George Brown,Delayed,10,No,Passed,10
TXN100528,24-11-2025,Manchester Storage,London,Electronics,Monitor,UK Retail Goods,BATCH-4074,Outbound,319,286,0,14,1132.27,1924.96,B1,Amelia Clark,Delayed,8,Yes,Failed,11
TXN100529,15-09-2025,Manchester Storage,Newcastle,Grocery,Cooking Oil,Prime Wholesale UK,BATCH-7783,Outbound,745,610,0,11,977.47,1086.3,C2,Charlie Davies,Slightly Delayed,5,No,Passed,16
TXN100530,05-10-2025,Leeds Fulfillment,Bristol,Pharma,Paracetamol,Britannia Pharma,BATCH-2625,Inbound,998,200,29,13,450.88,670.43,A2,Harry Johnson,On Time,3,Yes,Passed,19
TXN100531,13-03-2026,Liverpool Logistics,Newcastle,Fashion,Jacket,Northern Supply Chain,BATCH-2875,Inbound,558,122,40,14,606.52,1009.32,D2,Harry Johnson,Slightly Delayed,5,No,Passed,25
TXN100532,26-05-2025,Leeds Fulfillment,Leeds,Fashion,T-Shirt,Northern Supply Chain,BATCH-4957,Inbound,979,860,25,0,1127.84,1858.16,D1,Oliver Smith,Delayed,9,Yes,Passed,0
TXN100533,09-08-2025,Bristol Supply Hub,Liverpool,Grocery,Coffee,Northern Supply Chain,BATCH-1845,Outbound,910,856,33,19,384.38,468.67,B1,Amelia Clark,Delayed,10,Yes,Passed,12
TXN100534,08-03-2026,Leeds Fulfillment,Birmingham,Pharma,Vitamin Tablets,London Trade Corp,BATCH-4338,Inbound,497,138,6,4,607.59,936.91,A2,Oliver Smith,Delayed,7,No,Passed,0
TXN100535,21-08-2025,Glasgow Warehouse,Birmingham,Home Appliances,Vacuum Cleaner,UK Retail Goods,BATCH-4633,Outbound,78,59,34,2,688.29,769.3,B2,Noah Wilson,On Time,3,No,Passed,24
TXN100536,26-02-2025,Manchester Storage,Manchester,Pharma,Paracetamol,Sainsbury Logistics,BATCH-5627,Outbound,331,62,9,20,32.65,58.42,B1,Harry Johnson,On Time,2,Yes,Passed,15
TXN100537,18-04-2025,Bristol Supply Hub,Glasgow,Pharma,Vitamin Tablets,Prime Wholesale UK,BATCH-3639,Inbound,450,71,31,0,499.43,719.46,C1,Oliver Smith,On Time,2,Yes,Passed,21
TXN100538,23-03-2025,Leeds Fulfillment,Manchester,Home Appliances,Mixer,UK Retail Goods,BATCH-1484,Inbound,170,107,22,15,1193.92,1814.75,B1,Noah Wilson,On Time,1,No,Passed,3
TXN100539,21-05-2025,Manchester Storage,Glasgow,Grocery,Rice Pack,Britannia Pharma,BATCH-8652,Outbound,385,90,14,2,874.65,1537.54,D1,Amelia Clark,Slightly Delayed,5,Yes,Passed,8
TXN100540,26-03-2025,Newcastle Depot,Bristol,Grocery,Cooking Oil,Prime Wholesale UK,BATCH-7942,Outbound,753,307,25,3,702.46,1149.59,C2,Harry Johnson,Slightly Delayed,5,No,Passed,13
TXN100541,10-05-2025,Leeds Fulfillment,Glasgow,Grocery,Cereal,Northern Supply Chain,BATCH-1490,Inbound,411,211,40,2,542.04,933.73,B1,Charlie Davies,Delayed,9,No,Passed,25
TXN100542,05-01-2025,London Central Hub,Glasgow,Grocery,Coffee,UK Retail Goods,BATCH-8624,Outbound,301,57,13,11,449.5,739.72,B2,Harry Johnson,On Time,2,No,Passed,9
TXN100543,21-10-2025,Bristol Supply Hub,Bristol,Home Appliances,Vacuum Cleaner,London Trade Corp,BATCH-6244,Inbound,589,242,6,17,337.27,514.52,B2,Oliver Smith,On Time,2,No,Failed,15
TXN100544,02-05-2025,Leeds Fulfillment,London,Electronics,Smartphone,Tesco Supply Ltd,BATCH-8565,Outbound,481,81,7,14,209.51,278.4,B1,Amelia Clark,Delayed,7,Yes,Passed,17
TXN100545,06-01-2026,Glasgow Warehouse,Glasgow,Home Appliances,Mixer,Northern Supply Chain,BATCH-2306,Outbound,395,350,1,2,566.52,952.26,D2,Oliver Smith,Delayed,7,No,Passed,9
TXN100546,25-01-2025,Birmingham Distribution,Manchester,Fashion,T-Shirt,London Trade Corp,BATCH-8138,Inbound,919,676,7,11,1125.56,1319.07,B1,Harry Johnson,Slightly Delayed,4,Yes,Passed,23
TXN100547,16-05-2025,Bristol Supply Hub,Leeds,Pharma,Paracetamol,Sainsbury Logistics,BATCH-3257,Outbound,754,73,16,1,137.41,242.25,A2,George Brown,On Time,2,No,Passed,4
TXN100548,15-05-2026,Newcastle Depot,Liverpool,Home Appliances,Air Fryer,ASDA Distribution,BATCH-5322,Outbound,702,477,7,16,635.47,956.08,A2,Charlie Davies,Delayed,8,Yes,Passed,21
TXN100549,07-04-2025,Glasgow Warehouse,Liverpool,Grocery,Rice Pack,London Trade Corp,BATCH-6108,Outbound,126,83,3,6,20.69,25.89,B1,Harry Johnson,Delayed,7,Yes,Passed,7
TXN100550,23-05-2025,Leeds Fulfillment,Manchester,Pharma,Bandages,Sainsbury Logistics,BATCH-8552,Inbound,513,464,39,16,247.61,341.74,A2,Noah Wilson,On Time,2,Yes,Passed,14
TXN100551,13-02-2025,Liverpool Logistics,Birmingham,Grocery,Coffee,Northern Supply Chain,BATCH-9227,Outbound,79,50,33,14,425.59,503.4,C2,Oliver Smith,Delayed,9,No,Passed,8
TXN100552,22-05-2025,Newcastle Depot,Bristol,Pharma,Paracetamol,ASDA Distribution,BATCH-1817,Inbound,100,68,27,6,356.34,492.42,A2,Noah Wilson,Delayed,10,Yes,Passed,1
TXN100553,25-12-2025,Bristol Supply Hub,Bristol,Electronics,Keyboard,ASDA Distribution,BATCH-4602,Outbound,322,142,4,17,125.73,158.23,D2,Noah Wilson,Delayed,10,Yes,Passed,25
TXN100554,10-04-2026,Newcastle Depot,Leeds,Grocery,Coffee,UK Retail Goods,BATCH-3789,Outbound,702,314,38,9,881.99,1028.37,A2,George Brown,Delayed,9,Yes,Passed,10
TXN100555,28-03-2026,London Central Hub,Glasgow,Fashion,Jeans,Prime Wholesale UK,BATCH-1016,Outbound,63,62,30,13,404.19,494.83,B2,Emily Harris,Slightly Delayed,5,Yes,Passed,1
TXN100556,21-02-2025,Glasgow Warehouse,Newcastle,Electronics,Keyboard,Prime Wholesale UK,BATCH-6747,Outbound,746,317,14,16,606.26,987.29,D2,Jack Taylor,On Time,2,No,Passed,14
TXN100557,08-01-2026,Birmingham Distribution,Bristol,Electronics,Smartphone,UK Retail Goods,BATCH-3320,Outbound,358,190,33,19,583.8,752.49,D2,Oliver Smith,Delayed,9,Yes,Passed,18
TXN100558,10-05-2026,Newcastle Depot,Birmingham,Fashion,Sneakers,Britannia Pharma,BATCH-6715,Outbound,261,210,5,6,1105.17,1507.94,D1,Amelia Clark,On Time,2,No,Passed,9
TXN100559,11-05-2026,Glasgow Warehouse,Leeds,Grocery,Rice Pack,ASDA Distribution,BATCH-1136,Outbound,643,552,21,19,151.94,251.72,B1,Emily Harris,Delayed,10,Yes,Passed,16
TXN100560,22-04-2025,Manchester Storage,London,Pharma,Vitamin Tablets,Prime Wholesale UK,BATCH-6010,Inbound,360,269,18,2,960.74,1067.3,D1,Charlie Davies,On Time,1,Yes,Passed,1
TXN100561,15-03-2025,Liverpool Logistics,Bristol,Pharma,Vitamin Tablets,ASDA Distribution,BATCH-5764,Inbound,408,165,32,17,190.27,220.75,A1,Emily Harris,Slightly Delayed,5,No,Failed,7
TXN100562,14-12-2025,Birmingham Distribution,Liverpool,Fashion,T-Shirt,Britannia Pharma,BATCH-3223,Outbound,458,70,16,9,718.46,877.46,B2,Jack Taylor,Delayed,7,No,Failed,2
TXN100563,15-09-2025,Glasgow Warehouse,Newcastle,Pharma,Bandages,London Trade Corp,BATCH-8006,Outbound,608,207,24,13,119.77,175.89,D1,Amelia Clark,Slightly Delayed,6,No,Failed,0
TXN100564,25-10-2025,Birmingham Distribution,Leeds,Home Appliances,Mixer,Tesco Supply Ltd,BATCH-7433,Inbound,835,451,5,4,740.17,970.86,D1,Oliver Smith,Slightly Delayed,4,No,Passed,25
TXN100565,20-06-2025,Leeds Fulfillment,Newcastle,Home Appliances,Air Fryer,London Trade Corp,BATCH-1997,Inbound,909,75,5,1,327.86,586.97,A1,Noah Wilson,On Time,2,Yes,Passed,17
TXN100566,17-02-2026,Liverpool Logistics,Manchester,Fashion,Jeans,ASDA Distribution,BATCH-1000,Inbound,278,99,19,20,376.51,674.86,A2,Harry Johnson,On Time,1,Yes,Passed,6
TXN100567,27-07-2025,Birmingham Distribution,Liverpool,Electronics,Monitor,Britannia Pharma,BATCH-8194,Inbound,75,73,32,14,471.9,824.99,D1,George Brown,Slightly Delayed,5,Yes,Passed,5
TXN100568,07-05-2026,Glasgow Warehouse,Leeds,Grocery,Cooking Oil,Northern Supply Chain,BATCH-7321,Inbound,224,150,34,6,574.01,747.95,D2,Amelia Clark,On Time,2,No,Passed,4
TXN100569,16-08-2025,Glasgow Warehouse,Birmingham,Electronics,Smartphone,Prime Wholesale UK,BATCH-8509,Outbound,518,81,36,12,18.17,23.84,A1,George Brown,Delayed,10,No,Passed,16
TXN100570,30-06-2025,Glasgow Warehouse,Newcastle,Home Appliances,Vacuum Cleaner,Sainsbury Logistics,BATCH-5560,Outbound,407,381,33,12,618.09,755.4,D1,Harry Johnson,On Time,3,No,Passed,12
TXN100571,24-12-2025,Glasgow Warehouse,Bristol,Fashion,Handbag,ASDA Distribution,BATCH-1736,Inbound,724,204,36,16,931.6,1367.41,B1,Noah Wilson,On Time,3,Yes,Passed,21
TXN100572,23-02-2025,Birmingham Distribution,Bristol,Electronics,Monitor,Northern Supply Chain,BATCH-2054,Inbound,745,507,20,7,1177.69,1962.02,C1,Harry Johnson,Slightly Delayed,4,Yes,Failed,23
TXN100573,25-02-2025,Bristol Supply Hub,Birmingham,Electronics,Monitor,UK Retail Goods,BATCH-4206,Outbound,831,403,38,20,1009.61,1763.27,D2,Emily Harris,Slightly Delayed,6,No,Passed,7
TXN100574,15-04-2025,Birmingham Distribution,London,Grocery,Cooking Oil,London Trade Corp,BATCH-7685,Inbound,494,436,33,6,107.79,120.4,C2,George Brown,On Time,2,No,Passed,6
TXN100575,15-02-2026,Bristol Supply Hub,Bristol,Grocery,Cereal,ASDA Distribution,BATCH-2280,Inbound,897,505,32,11,431.0,745.56,C1,Harry Johnson,On Time,3,Yes,Passed,15
TXN100576,19-07-2025,Manchester Storage,Birmingham,Grocery,Rice Pack,Britannia Pharma,BATCH-2225,Inbound,665,573,21,0,272.71,479.54,C1,Amelia Clark,Slightly Delayed,5,Yes,Passed,17
TXN100577,31-03-2026,Birmingham Distribution,Liverpool,Electronics,Keyboard,London Trade Corp,BATCH-2021,Inbound,532,289,1,1,408.96,524.54,D2,Harry Johnson,Slightly Delayed,6,Yes,Passed,11
TXN100578,23-02-2025,Liverpool Logistics,Glasgow,Electronics,Monitor,Northern Supply Chain,BATCH-8824,Outbound,662,647,5,17,577.13,687.15,B2,Oliver Smith,On Time,1,Yes,Passed,0
TXN100579,23-12-2025,Bristol Supply Hub,Birmingham,Grocery,Cereal,ASDA Distribution,BATCH-8175,Inbound,672,408,1,17,581.2,796.82,C2,Charlie Davies,Delayed,7,Yes,Passed,10
TXN100580,18-10-2025,London Central Hub,Liverpool,Fashion,Jacket,Tesco Supply Ltd,BATCH-2255,Inbound,293,138,5,18,17.01,23.63,B1,Emily Harris,Delayed,9,Yes,Passed,9
TXN100581,03-12-2025,Leeds Fulfillment,Liverpool,Electronics,Smartphone,Prime Wholesale UK,BATCH-6848,Inbound,408,328,15,9,160.01,220.57,D2,Jack Taylor,On Time,2,No,Passed,24
TXN100582,15-09-2025,Glasgow Warehouse,Bristol,Home Appliances,Microwave,Prime Wholesale UK,BATCH-5583,Inbound,939,689,15,16,1072.11,1418.62,B2,George Brown,Delayed,9,Yes,Passed,9
TXN100583,03-05-2026,Newcastle Depot,London,Home Appliances,Vacuum Cleaner,Britannia Pharma,BATCH-5554,Outbound,175,115,9,1,1173.6,1864.66,C1,Harry Johnson,Delayed,8,Yes,Passed,8
TXN100584,05-04-2025,London Central Hub,Leeds,Home Appliances,Air Fryer,Tesco Supply Ltd,BATCH-9872,Outbound,557,39,24,12,535.6,673.31,A1,Charlie Davies,Delayed,7,No,Passed,25
TXN100585,18-02-2026,Bristol Supply Hub,Leeds,Home Appliances,Vacuum Cleaner,Prime Wholesale UK,BATCH-7944,Outbound,825,48,21,19,523.72,732.83,B1,Amelia Clark,On Time,1,No,Passed,23
TXN100586,01-06-2025,Bristol Supply Hub,London,Grocery,Cooking Oil,Britannia Pharma,BATCH-6926,Outbound,979,35,17,8,107.22,136.7,C1,Oliver Smith,Delayed,9,Yes,Passed,9
TXN100587,19-01-2025,Newcastle Depot,Liverpool,Home Appliances,Microwave,Northern Supply Chain,BATCH-1959,Inbound,906,290,11,14,557.96,785.57,C1,Charlie Davies,Delayed,8,Yes,Failed,14
TXN100588,17-03-2025,London Central Hub,Liverpool,Grocery,Coffee,ASDA Distribution,BATCH-1630,Inbound,834,825,17,8,1043.52,1240.8,D2,Charlie Davies,On Time,3,Yes,Failed,17
TXN100589,04-10-2025,Liverpool Logistics,Glasgow,Grocery,Rice Pack,ASDA Distribution,BATCH-2269,Outbound,781,285,16,0,815.67,1386.84,A2,Harry Johnson,Slightly Delayed,6,Yes,Passed,6
TXN100590,13-01-2025,Glasgow Warehouse,Glasgow,Pharma,Cough Syrup,Northern Supply Chain,BATCH-7139,Outbound,899,862,26,2,772.05,1322.6,C1,Oliver Smith,On Time,3,Yes,Passed,11
TXN100591,02-01-2026,Glasgow Warehouse,Liverpool,Electronics,Smartphone,Northern Supply Chain,BATCH-1534,Inbound,203,171,1,3,732.8,1220.57,D1,Harry Johnson,Delayed,9,Yes,Passed,7
TXN100592,14-08-2025,Liverpool Logistics,Leeds,Home Appliances,Air Fryer,UK Retail Goods,BATCH-6385,Inbound,601,144,33,1,730.49,1140.62,C2,Noah Wilson,Delayed,9,No,Passed,10
TXN100593,14-04-2026,Newcastle Depot,Liverpool,Electronics,Tablet,Prime Wholesale UK,BATCH-7862,Inbound,505,395,26,11,100.23,149.58,B1,Noah Wilson,On Time,2,No,Passed,21
TXN100594,16-09-2025,Newcastle Depot,Liverpool,Home Appliances,Vacuum Cleaner,Sainsbury Logistics,BATCH-8439,Inbound,670,286,18,10,380.04,439.73,B1,Harry Johnson,Delayed,7,No,Failed,8
TXN100595,07-02-2025,Bristol Supply Hub,Bristol,Home Appliances,Air Fryer,London Trade Corp,BATCH-3088,Outbound,810,123,8,1,1001.46,1118.38,B2,Jack Taylor,On Time,3,Yes,Passed,10
TXN100596,15-01-2026,Leeds Fulfillment,Newcastle,Pharma,Paracetamol,Sainsbury Logistics,BATCH-4005,Inbound,789,66,4,11,1140.15,1980.98,B1,Oliver Smith,Delayed,8,No,Passed,21
TXN100597,29-04-2025,Glasgow Warehouse,London,Fashion,T-Shirt,Northern Supply Chain,BATCH-5673,Outbound,378,244,11,16,868.43,1125.06,D1,Charlie Davies,On Time,2,Yes,Passed,4
TXN100598,26-05-2025,Leeds Fulfillment,Leeds,Electronics,Tablet,Prime Wholesale UK,BATCH-8191,Inbound,490,285,17,18,1056.1,1394.11,B1,Jack Taylor,Slightly Delayed,6,No,Passed,19
TXN100599,15-01-2025,London Central Hub,Liverpool,Electronics,Tablet,Tesco Supply Ltd,BATCH-9001,Inbound,732,305,9,3,252.18,425.47,C2,Noah Wilson,On Time,3,No,Passed,18
TXN100600,16-08-2025,Newcastle Depot,Leeds,Fashion,T-Shirt,ASDA Distribution,BATCH-3241,Outbound,583,149,29,9,1102.0,1764.72,A2,Charlie Davies,On Time,2,Yes,Failed,23
TXN100601,11-12-2025,Glasgow Warehouse,London,Grocery,Rice Pack,Northern Supply Chain,BATCH-2645,Outbound,384,100,32,10,334.95,516.3,B2,Oliver Smith,Delayed,9,Yes,Passed,7
TXN100602,11-01-2026,Birmingham Distribution,Liverpool,Grocery,Cereal,ASDA Distribution,BATCH-9459,Inbound,435,132,12,8,566.79,815.7,A1,Amelia Clark,On Time,3,Yes,Passed,15
TXN100603,01-05-2025,Newcastle Depot,Birmingham,Home Appliances,Vacuum Cleaner,Britannia Pharma,BATCH-4799,Outbound,777,202,2,13,827.14,1265.0,D2,Emily Harris,Delayed,10,No,Passed,19
TXN100604,03-08-2025,Glasgow Warehouse,Liverpool,Pharma,Bandages,Northern Supply Chain,BATCH-2897,Inbound,352,69,14,3,1155.69,1996.77,D2,Charlie Davies,Slightly Delayed,5,Yes,Failed,11
TXN100605,18-05-2025,Bristol Supply Hub,London,Fashion,Jeans,London Trade Corp,BATCH-5286,Outbound,842,515,31,19,497.34,628.84,D1,Amelia Clark,Slightly Delayed,5,No,Passed,13
TXN100606,07-06-2025,Liverpool Logistics,Birmingham,Fashion,Sneakers,UK Retail Goods,BATCH-2807,Outbound,984,75,17,15,875.18,1170.89,B1,Oliver Smith,On Time,1,Yes,Passed,25
TXN100607,23-09-2025,Liverpool Logistics,Birmingham,Fashion,Jacket,Northern Supply Chain,BATCH-4757,Outbound,849,741,21,11,921.38,1370.12,B1,Charlie Davies,On Time,1,No,Passed,13
TXN100608,22-02-2025,Newcastle Depot,London,Grocery,Cereal,Sainsbury Logistics,BATCH-5638,Outbound,800,274,0,1,1015.35,1653.58,A1,Noah Wilson,Delayed,9,Yes,Passed,1
TXN100609,18-03-2026,Manchester Storage,Bristol,Pharma,Paracetamol,Tesco Supply Ltd,BATCH-1241,Inbound,882,822,24,20,483.9,809.47,A2,Amelia Clark,Slightly Delayed,5,Yes,Passed,19
TXN100610,12-05-2026,Newcastle Depot,Bristol,Pharma,Cough Syrup,Britannia Pharma,BATCH-8037,Inbound,485,282,1,9,332.49,412.91,B2,Amelia Clark,Slightly Delayed,5,No,Passed,15
TXN100611,20-08-2025,London Central Hub,Bristol,Pharma,Vitamin Tablets,UK Retail Goods,BATCH-8325,Outbound,441,28,31,12,1141.99,1865.89,D2,Harry Johnson,On Time,2,No,Passed,10
TXN100612,12-11-2025,Liverpool Logistics,London,Grocery,Rice Pack,Prime Wholesale UK,BATCH-5129,Outbound,147,63,13,15,714.12,827.47,C1,Charlie Davies,Delayed,7,Yes,Passed,1
TXN100613,13-09-2025,Liverpool Logistics,Glasgow,Pharma,Bandages,Prime Wholesale UK,BATCH-8913,Inbound,942,25,17,6,907.27,1502.7,A2,Amelia Clark,Delayed,9,Yes,Passed,12
TXN100614,20-01-2025,Newcastle Depot,Birmingham,Grocery,Rice Pack,Prime Wholesale UK,BATCH-3291,Outbound,215,153,7,5,240.85,411.57,D1,Oliver Smith,On Time,2,No,Failed,3
TXN100615,29-11-2025,Leeds Fulfillment,Liverpool,Fashion,Sneakers,London Trade Corp,BATCH-9509,Outbound,787,712,17,16,390.25,672.28,D2,Emily Harris,Delayed,10,Yes,Passed,10
TXN100616,16-05-2026,Liverpool Logistics,Liverpool,Grocery,Cooking Oil,ASDA Distribution,BATCH-9810,Outbound,586,505,0,10,502.48,605.61,C2,Harry Johnson,On Time,2,Yes,Passed,19
TXN100617,21-04-2026,Leeds Fulfillment,Bristol,Fashion,Handbag,Britannia Pharma,BATCH-7017,Outbound,210,37,22,20,673.19,847.02,C1,Noah Wilson,On Time,1,Yes,Passed,18
TXN100618,28-10-2025,Bristol Supply Hub,Glasgow,Grocery,Rice Pack,Britannia Pharma,BATCH-8756,Inbound,798,241,17,5,319.21,373.99,B1,Oliver Smith,Delayed,9,Yes,Passed,6
TXN100619,12-03-2025,Newcastle Depot,Bristol,Electronics,Keyboard,Prime Wholesale UK,BATCH-6359,Outbound,200,56,10,15,1050.16,1392.87,A2,Noah Wilson,On Time,1,No,Passed,12
TXN100620,05-05-2026,Leeds Fulfillment,Birmingham,Fashion,T-Shirt,Northern Supply Chain,BATCH-8235,Outbound,413,179,33,10,639.17,1098.29,C1,Harry Johnson,Slightly Delayed,4,No,Passed,20
TXN100621,20-04-2025,Liverpool Logistics,Bristol,Pharma,Vitamin Tablets,London Trade Corp,BATCH-3932,Inbound,75,75,23,14,926.04,1242.93,B2,Emily Harris,Delayed,7,No,Passed,16
TXN100622,17-04-2026,Leeds Fulfillment,London,Grocery,Rice Pack,Britannia Pharma,BATCH-8843,Outbound,650,337,21,3,1093.69,1904.19,A1,Jack Taylor,Delayed,9,No,Passed,20
TXN100623,19-01-2026,Manchester Storage,London,Electronics,Keyboard,London Trade Corp,BATCH-1472,Inbound,893,51,30,19,760.53,1097.6,B1,George Brown,Delayed,8,Yes,Failed,13
TXN100624,02-12-2025,London Central Hub,Glasgow,Electronics,Laptop,London Trade Corp,BATCH-3772,Outbound,504,346,3,10,121.48,179.89,A1,Amelia Clark,Slightly Delayed,4,No,Passed,21
TXN100625,23-01-2025,Liverpool Logistics,Bristol,Electronics,Laptop,Sainsbury Logistics,BATCH-1052,Outbound,247,231,32,4,876.1,1015.21,C1,Charlie Davies,Delayed,8,Yes,Passed,10
TXN100626,04-04-2025,Birmingham Distribution,Glasgow,Fashion,Handbag,Tesco Supply Ltd,BATCH-3774,Inbound,906,733,5,18,1116.68,1297.26,B2,Charlie Davies,On Time,2,No,Passed,2
TXN100627,02-04-2025,Glasgow Warehouse,Bristol,Grocery,Coffee,UK Retail Goods,BATCH-4084,Outbound,907,717,12,4,376.03,513.48,B2,George Brown,Slightly Delayed,5,No,Passed,8
TXN100628,19-08-2025,Birmingham Distribution,London,Fashion,Sneakers,Northern Supply Chain,BATCH-3551,Inbound,144,82,22,18,439.52,721.1,D1,Charlie Davies,Delayed,9,No,Passed,6
TXN100629,22-09-2025,Birmingham Distribution,Newcastle,Pharma,Cough Syrup,Sainsbury Logistics,BATCH-8655,Outbound,142,85,13,8,265.81,340.93,C2,Amelia Clark,On Time,2,Yes,Passed,10
TXN100630,06-04-2025,Leeds Fulfillment,Birmingham,Electronics,Smartphone,Prime Wholesale UK,BATCH-9958,Inbound,940,28,10,13,573.22,765.63,A1,Emily Harris,On Time,2,No,Failed,18
TXN100631,05-09-2025,Leeds Fulfillment,London,Home Appliances,Air Fryer,UK Retail Goods,BATCH-9306,Inbound,798,428,30,7,306.83,417.67,D1,Amelia Clark,Slightly Delayed,6,No,Passed,18
TXN100632,12-04-2025,Birmingham Distribution,Birmingham,Fashion,Handbag,London Trade Corp,BATCH-1881,Inbound,79,30,32,5,1107.21,1905.08,C1,George Brown,Delayed,9,No,Failed,14
TXN100633,05-04-2025,Liverpool Logistics,Bristol,Fashion,Jeans,ASDA Distribution,BATCH-5009,Inbound,521,20,9,6,1060.13,1389.72,C2,Oliver Smith,On Time,2,No,Passed,5
TXN100634,26-01-2026,Bristol Supply Hub,Birmingham,Pharma,Paracetamol,London Trade Corp,BATCH-3187,Outbound,532,423,13,15,803.78,1351.91,C2,Jack Taylor,Slightly Delayed,4,No,Failed,19
TXN100635,29-01-2026,Glasgow Warehouse,Glasgow,Fashion,Handbag,Tesco Supply Ltd,BATCH-7523,Inbound,123,64,31,18,37.14,63.88,B2,George Brown,On Time,3,No,Passed,6
TXN100636,26-05-2025,Newcastle Depot,London,Electronics,Tablet,Britannia Pharma,BATCH-7909,Inbound,359,242,5,10,463.96,568.77,B1,Amelia Clark,On Time,3,Yes,Passed,14
TXN100637,16-07-2025,London Central Hub,Newcastle,Electronics,Smartphone,Northern Supply Chain,BATCH-7921,Inbound,752,123,25,0,197.26,234.76,C1,Amelia Clark,Delayed,9,No,Passed,23
TXN100638,09-03-2026,Glasgow Warehouse,Manchester,Electronics,Keyboard,Sainsbury Logistics,BATCH-7947,Outbound,876,841,28,16,450.53,644.93,A2,George Brown,Slightly Delayed,6,Yes,Passed,10
TXN100639,04-03-2025,Newcastle Depot,Glasgow,Home Appliances,Microwave,Tesco Supply Ltd,BATCH-7050,Outbound,252,151,39,14,524.69,747.86,D1,Charlie Davies,On Time,1,No,Failed,24
TXN100640,22-11-2025,Manchester Storage,Glasgow,Electronics,Keyboard,Tesco Supply Ltd,BATCH-9704,Outbound,323,111,18,11,503.39,711.16,B2,George Brown,Slightly Delayed,5,Yes,Passed,17
TXN100641,19-12-2025,Newcastle Depot,London,Electronics,Tablet,ASDA Distribution,BATCH-6350,Outbound,794,168,40,15,520.17,672.21,A1,George Brown,Delayed,8,Yes,Passed,12
TXN100642,05-01-2026,Manchester Storage,Bristol,Home Appliances,Mixer,ASDA Distribution,BATCH-4139,Outbound,395,346,19,13,483.88,594.57,C1,Noah Wilson,Slightly Delayed,5,Yes,Passed,11
TXN100643,14-09-2025,Bristol Supply Hub,Birmingham,Home Appliances,Air Fryer,Britannia Pharma,BATCH-5467,Inbound,270,214,27,8,897.51,1476.24,D1,Noah Wilson,Slightly Delayed,5,Yes,Passed,25
TXN100644,24-04-2025,Glasgow Warehouse,Liverpool,Fashion,Jeans,ASDA Distribution,BATCH-5715,Outbound,331,156,29,19,949.36,1466.19,D1,Charlie Davies,On Time,2,No,Passed,15
TXN100645,18-04-2025,Birmingham Distribution,Bristol,Home Appliances,Mixer,Britannia Pharma,BATCH-7601,Inbound,401,194,20,11,988.04,1191.82,A2,Emily Harris,Delayed,8,No,Passed,2
TXN100646,16-11-2025,Glasgow Warehouse,Bristol,Grocery,Cereal,Northern Supply Chain,BATCH-1383,Outbound,428,175,18,10,544.54,777.15,D2,Noah Wilson,On Time,3,No,Passed,17
TXN100647,29-05-2025,Birmingham Distribution,Bristol,Grocery,Tea Bags,Northern Supply Chain,BATCH-6767,Inbound,671,146,6,12,265.87,477.1,D1,Jack Taylor,Delayed,10,No,Passed,24
TXN100648,26-04-2025,Newcastle Depot,Newcastle,Pharma,Paracetamol,Britannia Pharma,BATCH-8363,Inbound,730,723,40,20,384.74,567.47,B1,Amelia Clark,Delayed,7,No,Failed,0
TXN100649,30-07-2025,London Central Hub,Liverpool,Home Appliances,Microwave,Sainsbury Logistics,BATCH-9247,Inbound,831,495,11,3,463.11,721.14,D1,Oliver Smith,Delayed,7,No,Passed,19
TXN100650,10-10-2025,Liverpool Logistics,Birmingham,Grocery,Cooking Oil,Prime Wholesale UK,BATCH-7046,Inbound,632,503,5,11,32.15,48.9,B1,Emily Harris,Delayed,7,Yes,Passed,10
TXN100651,16-08-2025,Birmingham Distribution,Newcastle,Grocery,Coffee,ASDA Distribution,BATCH-6427,Inbound,116,23,13,18,556.11,707.11,B2,Emily Harris,Delayed,10,Yes,Failed,0
TXN100652,29-03-2026,Manchester Storage,London,Electronics,Monitor,Prime Wholesale UK,BATCH-8877,Inbound,937,552,30,12,89.09,124.01,C1,Amelia Clark,Slightly Delayed,5,Yes,Passed,11
TXN100653,24-01-2026,Manchester Storage,Birmingham,Fashion,Handbag,London Trade Corp,BATCH-7764,Outbound,694,685,28,13,945.97,1109.18,B1,Noah Wilson,Slightly Delayed,5,No,Passed,6
TXN100654,23-01-2026,Leeds Fulfillment,Newcastle,Pharma,Paracetamol,London Trade Corp,BATCH-8378,Outbound,387,348,4,14,1079.54,1558.97,C1,Oliver Smith,Slightly Delayed,4,Yes,Passed,4
TXN100655,18-10-2025,Newcastle Depot,Newcastle,Home Appliances,Microwave,Britannia Pharma,BATCH-3530,Inbound,76,34,23,18,438.46,571.69,B1,Jack Taylor,On Time,3,No,Passed,8
TXN100656,05-01-2026,Bristol Supply Hub,Newcastle,Grocery,Rice Pack,Sainsbury Logistics,BATCH-6639,Inbound,921,236,37,9,182.29,202.06,C2,Charlie Davies,Slightly Delayed,6,No,Passed,15
TXN100657,26-04-2025,Liverpool Logistics,Birmingham,Grocery,Cereal,Britannia Pharma,BATCH-2959,Inbound,543,199,30,12,22.01,38.8,C2,Emily Harris,Slightly Delayed,6,No,Passed,18
TXN100658,03-05-2026,Manchester Storage,Leeds,Electronics,Keyboard,ASDA Distribution,BATCH-1917,Outbound,969,253,12,11,798.77,1101.46,B2,Noah Wilson,On Time,2,No,Passed,25
TXN100659,16-02-2025,Manchester Storage,Birmingham,Grocery,Cooking Oil,Britannia Pharma,BATCH-1997,Inbound,283,253,11,1,1175.36,1511.55,B2,Noah Wilson,Slightly Delayed,5,No,Passed,14
TXN100660,01-03-2025,Newcastle Depot,Liverpool,Electronics,Keyboard,ASDA Distribution,BATCH-9886,Inbound,952,820,3,10,949.07,1092.51,D2,Jack Taylor,Delayed,8,Yes,Passed,18
TXN100661,01-01-2025,Bristol Supply Hub,Leeds,Fashion,Jacket,Prime Wholesale UK,BATCH-3892,Outbound,787,473,12,18,967.89,1480.96,D2,Jack Taylor,Delayed,8,No,Passed,8
TXN100662,07-09-2025,Newcastle Depot,Newcastle,Home Appliances,Vacuum Cleaner,Sainsbury Logistics,BATCH-3929,Inbound,399,160,35,16,374.02,526.63,D1,Jack Taylor,On Time,3,Yes,Passed,14
TXN100663,28-01-2026,Manchester Storage,Leeds,Pharma,Vitamin Tablets,UK Retail Goods,BATCH-3532,Outbound,248,219,6,7,259.79,377.02,B1,Noah Wilson,Slightly Delayed,6,No,Passed,25
TXN100664,04-02-2026,Liverpool Logistics,Leeds,Grocery,Cooking Oil,Prime Wholesale UK,BATCH-5974,Outbound,674,180,20,16,1177.48,1833.86,B1,Jack Taylor,Delayed,7,No,Passed,23
TXN100665,29-01-2025,Glasgow Warehouse,Birmingham,Pharma,Cough Syrup,Prime Wholesale UK,BATCH-5492,Inbound,510,177,27,18,475.28,661.58,B2,Noah Wilson,Delayed,7,No,Failed,9
TXN100666,13-11-2025,Leeds Fulfillment,Manchester,Pharma,Paracetamol,ASDA Distribution,BATCH-4983,Inbound,379,238,24,10,671.89,1086.66,C2,Emily Harris,Slightly Delayed,4,No,Passed,1
TXN100667,22-05-2025,Newcastle Depot,Leeds,Fashion,T-Shirt,ASDA Distribution,BATCH-8730,Inbound,305,163,38,18,453.15,530.64,A2,Charlie Davies,Slightly Delayed,6,No,Passed,4
TXN100668,07-10-2025,Leeds Fulfillment,Leeds,Grocery,Cereal,Tesco Supply Ltd,BATCH-3301,Inbound,356,313,12,17,110.17,140.1,C2,Charlie Davies,Delayed,10,No,Passed,23
TXN100669,11-05-2025,London Central Hub,Birmingham,Grocery,Cooking Oil,ASDA Distribution,BATCH-7730,Outbound,378,259,14,14,437.83,542.6,D1,Emily Harris,Slightly Delayed,5,Yes,Passed,16
TXN100670,09-02-2026,Leeds Fulfillment,Glasgow,Electronics,Keyboard,ASDA Distribution,BATCH-2237,Inbound,432,28,36,13,1194.81,2117.03,A2,George Brown,Slightly Delayed,6,Yes,Passed,18
TXN100671,30-11-2025,Birmingham Distribution,Glasgow,Fashion,Handbag,Prime Wholesale UK,BATCH-9646,Outbound,715,215,4,13,982.22,1400.65,A1,Amelia Clark,On Time,3,No,Passed,0
TXN100672,27-10-2025,Glasgow Warehouse,Newcastle,Home Appliances,Air Fryer,UK Retail Goods,BATCH-6810,Inbound,69,20,14,10,515.44,660.38,B2,George Brown,Slightly Delayed,4,Yes,Passed,9
TXN100673,17-06-2025,Liverpool Logistics,Liverpool,Grocery,Rice Pack,UK Retail Goods,BATCH-5963,Inbound,76,54,38,1,936.46,1384.14,D1,Jack Taylor,On Time,2,Yes,Failed,6
TXN100674,14-07-2025,Newcastle Depot,Bristol,Pharma,Paracetamol,UK Retail Goods,BATCH-4369,Outbound,190,132,7,12,35.38,60.4,A2,Harry Johnson,Slightly Delayed,4,Yes,Passed,16
TXN100675,19-01-2026,Bristol Supply Hub,Liverpool,Home Appliances,Mixer,UK Retail Goods,BATCH-2487,Outbound,216,213,13,3,1129.13,1827.44,D2,Jack Taylor,Slightly Delayed,6,Yes,Failed,14
TXN100676,30-04-2026,Manchester Storage,Bristol,Electronics,Laptop,Britannia Pharma,BATCH-4757,Inbound,439,431,26,12,1154.07,1350.32,D1,Emily Harris,Slightly Delayed,6,Yes,Passed,8
TXN100677,22-12-2025,London Central Hub,London,Pharma,Paracetamol,UK Retail Goods,BATCH-5801,Outbound,194,83,11,18,16.08,23.53,D1,George Brown,On Time,3,No,Passed,5
TXN100678,16-01-2025,Leeds Fulfillment,Bristol,Grocery,Cereal,London Trade Corp,BATCH-5344,Outbound,205,191,11,11,1055.5,1241.87,A1,Oliver Smith,On Time,3,No,Passed,0
TXN100679,28-03-2025,London Central Hub,Glasgow,Fashion,Jacket,UK Retail Goods,BATCH-2509,Outbound,802,167,26,1,649.67,1061.4,A2,Harry Johnson,Delayed,9,No,Passed,14
TXN100680,07-03-2025,Glasgow Warehouse,Manchester,Fashion,Handbag,Prime Wholesale UK,BATCH-9074,Inbound,500,88,38,20,5.86,8.4,B1,Noah Wilson,Slightly Delayed,5,Yes,Passed,25
TXN100681,26-04-2025,Leeds Fulfillment,Glasgow,Grocery,Cooking Oil,Prime Wholesale UK,BATCH-9518,Outbound,725,104,6,12,342.35,523.97,B1,Charlie Davies,Slightly Delayed,4,No,Passed,11
TXN100682,08-01-2025,London Central Hub,Liverpool,Grocery,Cereal,Sainsbury Logistics,BATCH-7500,Outbound,804,55,24,20,62.38,77.26,A1,Emily Harris,On Time,3,No,Passed,11
TXN100683,17-01-2026,Glasgow Warehouse,Glasgow,Grocery,Cereal,Sainsbury Logistics,BATCH-5182,Outbound,465,251,13,14,747.47,1107.84,D2,Emily Harris,On Time,2,Yes,Passed,21
TXN100684,27-04-2025,Manchester Storage,Manchester,Pharma,Cough Syrup,Britannia Pharma,BATCH-3069,Outbound,114,66,27,20,35.37,52.36,C1,Emily Harris,On Time,2,No,Failed,17
TXN100685,12-04-2025,Glasgow Warehouse,Birmingham,Electronics,Keyboard,Tesco Supply Ltd,BATCH-9735,Outbound,236,121,32,6,174.34,274.83,B2,George Brown,On Time,1,No,Passed,5
TXN100686,04-10-2025,Bristol Supply Hub,Liverpool,Electronics,Tablet,Britannia Pharma,BATCH-1801,Outbound,700,669,39,7,1012.67,1646.37,C1,Amelia Clark,On Time,3,No,Failed,15
TXN100687,17-04-2025,Manchester Storage,London,Fashion,Sneakers,Northern Supply Chain,BATCH-3298,Inbound,189,96,0,2,305.34,454.66,D2,George Brown,Slightly Delayed,5,Yes,Failed,12
TXN100688,13-03-2025,Manchester Storage,Birmingham,Grocery,Tea Bags,UK Retail Goods,BATCH-8264,Inbound,450,322,12,7,1002.02,1151.69,C1,Charlie Davies,Slightly Delayed,5,Yes,Failed,20
TXN100689,02-06-2025,Newcastle Depot,Birmingham,Electronics,Keyboard,ASDA Distribution,BATCH-6593,Outbound,368,288,6,20,720.14,909.2,A1,Amelia Clark,Delayed,8,No,Passed,3
TXN100690,07-05-2026,Glasgow Warehouse,Liverpool,Fashion,T-Shirt,Prime Wholesale UK,BATCH-8085,Outbound,649,192,31,9,273.44,320.51,A1,Harry Johnson,Delayed,10,No,Passed,23
TXN100691,12-02-2025,Newcastle Depot,Liverpool,Pharma,Cough Syrup,Prime Wholesale UK,BATCH-4627,Outbound,705,540,21,13,802.04,1023.3,C1,Harry Johnson,Slightly Delayed,6,No,Passed,17
TXN100692,22-10-2025,Liverpool Logistics,Glasgow,Home Appliances,Air Fryer,Northern Supply Chain,BATCH-7451,Inbound,671,551,24,1,723.99,1095.57,C2,Emily Harris,On Time,2,No,Passed,18
TXN100693,03-04-2025,Glasgow Warehouse,Manchester,Home Appliances,Mixer,Britannia Pharma,BATCH-7752,Inbound,458,436,40,13,804.54,899.43,D2,Jack Taylor,Delayed,10,No,Passed,21
TXN100694,29-01-2026,Liverpool Logistics,Glasgow,Pharma,Cough Syrup,Northern Supply Chain,BATCH-6710,Inbound,304,161,28,1,392.79,624.29,D2,Harry Johnson,Slightly Delayed,5,No,Passed,11
TXN100695,24-11-2025,Bristol Supply Hub,Liverpool,Home Appliances,Vacuum Cleaner,Britannia Pharma,BATCH-8953,Outbound,374,176,6,2,769.14,1014.53,C2,Emily Harris,Delayed,8,No,Passed,24
TXN100696,01-06-2025,Birmingham Distribution,Bristol,Grocery,Cooking Oil,ASDA Distribution,BATCH-4254,Inbound,380,28,7,6,700.31,1215.87,A2,Amelia Clark,Delayed,9,No,Passed,4
TXN100697,11-11-2025,Manchester Storage,Glasgow,Pharma,Cough Syrup,UK Retail Goods,BATCH-8250,Inbound,456,88,24,3,1014.79,1639.29,B2,George Brown,Slightly Delayed,5,No,Passed,0
TXN100698,16-03-2025,Liverpool Logistics,London,Fashion,Jeans,Prime Wholesale UK,BATCH-8191,Outbound,903,731,14,7,1050.79,1479.77,B2,Amelia Clark,Slightly Delayed,4,Yes,Passed,16
TXN100699,09-08-2025,Liverpool Logistics,Glasgow,Home Appliances,Air Fryer,London Trade Corp,BATCH-2262,Inbound,692,609,24,8,849.56,1518.45,C2,Noah Wilson,Slightly Delayed,5,Yes,Passed,3
TXN100700,25-02-2026,Newcastle Depot,Leeds,Home Appliances,Air Fryer,Tesco Supply Ltd,BATCH-8540,Outbound,598,341,6,19,277.25,372.58,D2,Amelia Clark,Delayed,9,Yes,Failed,5
TXN100701,16-12-2025,Leeds Fulfillment,Leeds,Electronics,Keyboard,Tesco Supply Ltd,BATCH-9041,Outbound,509,306,3,11,574.57,916.1,B1,Amelia Clark,On Time,2,Yes,Passed,21
TXN100702,15-03-2025,Glasgow Warehouse,London,Fashion,Sneakers,Tesco Supply Ltd,BATCH-6871,Inbound,601,331,21,7,685.98,1175.21,A2,Harry Johnson,Delayed,7,No,Passed,23
TXN100703,19-06-2025,Bristol Supply Hub,Bristol,Grocery,Cooking Oil,Northern Supply Chain,BATCH-7247,Outbound,304,111,11,0,781.04,1129.76,B1,Charlie Davies,On Time,2,Yes,Passed,3
TXN100704,13-04-2025,Manchester Storage,Glasgow,Pharma,Cough Syrup,Prime Wholesale UK,BATCH-2540,Outbound,231,201,27,8,602.12,740.12,A1,Oliver Smith,Delayed,7,Yes,Passed,21
TXN100705,14-02-2026,Glasgow Warehouse,Manchester,Pharma,Paracetamol,Sainsbury Logistics,BATCH-4088,Outbound,222,20,33,0,10.57,14.47,B1,Noah Wilson,On Time,1,No,Failed,3
TXN100706,17-09-2025,Newcastle Depot,London,Grocery,Cereal,Tesco Supply Ltd,BATCH-9807,Inbound,433,313,11,14,849.11,1456.88,C1,Jack Taylor,On Time,3,Yes,Passed,11
TXN100707,17-04-2026,Newcastle Depot,Bristol,Grocery,Cereal,Prime Wholesale UK,BATCH-2906,Inbound,580,191,6,15,235.83,285.04,C2,Noah Wilson,Delayed,10,No,Passed,4
TXN100708,20-02-2026,Manchester Storage,Manchester,Grocery,Tea Bags,London Trade Corp,BATCH-9639,Outbound,242,223,25,1,433.19,754.46,B2,Jack Taylor,Delayed,8,No,Passed,4
TXN100709,09-09-2025,Newcastle Depot,Bristol,Fashion,Jeans,Britannia Pharma,BATCH-9152,Outbound,349,340,27,12,524.99,607.77,A1,Oliver Smith,On Time,1,Yes,Passed,2
TXN100710,07-04-2025,London Central Hub,Bristol,Pharma,Vitamin Tablets,Sainsbury Logistics,BATCH-9335,Outbound,706,341,3,17,38.42,68.26,A1,Noah Wilson,Delayed,7,Yes,Passed,14
TXN100711,08-01-2025,Bristol Supply Hub,Liverpool,Grocery,Cooking Oil,ASDA Distribution,BATCH-5758,Inbound,779,347,4,6,596.85,895.16,B2,Charlie Davies,Delayed,10,Yes,Passed,12
TXN100712,09-12-2025,Bristol Supply Hub,Leeds,Grocery,Coffee,UK Retail Goods,BATCH-5466,Outbound,989,877,25,1,191.34,290.67,A1,Amelia Clark,Delayed,10,No,Passed,12
TXN100713,22-01-2025,Newcastle Depot,Birmingham,Pharma,Vitamin Tablets,UK Retail Goods,BATCH-2155,Inbound,886,817,31,8,722.15,1111.08,A2,George Brown,Delayed,7,No,Passed,2
TXN100714,14-05-2025,Manchester Storage,Bristol,Grocery,Cereal,UK Retail Goods,BATCH-2417,Outbound,385,105,16,12,345.34,449.12,B2,George Brown,Delayed,10,Yes,Passed,15
TXN100715,04-05-2025,Glasgow Warehouse,Newcastle,Fashion,Jacket,Sainsbury Logistics,BATCH-8242,Inbound,164,78,2,12,225.45,368.34,B2,Noah Wilson,On Time,2,No,Passed,1
TXN100716,20-07-2025,Leeds Fulfillment,Manchester,Home Appliances,Mixer,UK Retail Goods,BATCH-4014,Inbound,206,107,16,5,423.39,525.2,C2,Emily Harris,On Time,1,Yes,Passed,14
TXN100717,30-01-2025,Manchester Storage,Bristol,Electronics,Tablet,Tesco Supply Ltd,BATCH-3783,Outbound,666,561,18,17,197.51,292.9,C2,Oliver Smith,Slightly Delayed,6,Yes,Passed,3
TXN100718,15-03-2026,London Central Hub,Manchester,Grocery,Rice Pack,Tesco Supply Ltd,BATCH-8805,Outbound,440,21,36,1,977.38,1601.03,C1,Amelia Clark,On Time,2,No,Passed,23
TXN100719,21-08-2025,Glasgow Warehouse,Liverpool,Grocery,Tea Bags,Sainsbury Logistics,BATCH-5699,Inbound,677,276,22,20,548.71,956.73,D1,Jack Taylor,On Time,3,Yes,Passed,11
TXN100720,13-03-2026,Bristol Supply Hub,Birmingham,Electronics,Monitor,London Trade Corp,BATCH-4409,Outbound,874,327,9,1,554.62,885.99,D1,Amelia Clark,Delayed,9,No,Passed,23
TXN100721,16-04-2025,Liverpool Logistics,Liverpool,Fashion,T-Shirt,London Trade Corp,BATCH-8591,Outbound,447,257,23,10,394.58,544.21,C2,Jack Taylor,Delayed,9,Yes,Passed,12
TXN100722,31-07-2025,Liverpool Logistics,Glasgow,Grocery,Tea Bags,Sainsbury Logistics,BATCH-7296,Outbound,161,158,28,9,1086.09,1921.31,B1,Emily Harris,Delayed,10,Yes,Passed,22
TXN100723,05-02-2026,Birmingham Distribution,Bristol,Grocery,Tea Bags,London Trade Corp,BATCH-8677,Inbound,631,196,17,18,924.24,1431.52,B1,Emily Harris,Delayed,10,No,Passed,19
TXN100724,19-06-2025,Glasgow Warehouse,Glasgow,Home Appliances,Mixer,UK Retail Goods,BATCH-3467,Inbound,742,119,4,2,30.65,53.46,C1,Harry Johnson,On Time,1,No,Failed,19
TXN100725,07-04-2026,Birmingham Distribution,Bristol,Pharma,Bandages,ASDA Distribution,BATCH-9721,Outbound,536,366,11,9,367.37,610.43,B1,Emily Harris,On Time,3,No,Failed,22
TXN100726,31-08-2025,Birmingham Distribution,London,Grocery,Rice Pack,London Trade Corp,BATCH-8224,Inbound,729,170,28,3,908.03,1085.02,D2,Oliver Smith,Delayed,7,No,Passed,21
TXN100727,13-12-2025,Birmingham Distribution,Manchester,Home Appliances,Microwave,UK Retail Goods,BATCH-6254,Outbound,956,367,5,11,87.32,104.3,A2,Charlie Davies,Slightly Delayed,5,No,Passed,0
TXN100728,08-09-2025,Birmingham Distribution,London,Home Appliances,Air Fryer,UK Retail Goods,BATCH-6023,Outbound,223,113,16,6,618.54,1105.59,D2,Amelia Clark,On Time,1,No,Passed,1
TXN100729,06-01-2025,London Central Hub,Leeds,Pharma,Bandages,Northern Supply Chain,BATCH-4270,Outbound,725,102,21,17,42.49,72.68,D1,Amelia Clark,Delayed,10,Yes,Passed,22
TXN100730,04-01-2026,Liverpool Logistics,Newcastle,Pharma,Bandages,Britannia Pharma,BATCH-5369,Inbound,393,207,32,13,491.6,658.49,D2,Harry Johnson,Slightly Delayed,6,No,Passed,16
TXN100731,20-10-2025,Manchester Storage,Manchester,Electronics,Laptop,Tesco Supply Ltd,BATCH-1220,Outbound,880,151,6,7,93.93,127.87,A2,George Brown,On Time,3,No,Passed,20
TXN100732,06-04-2025,Manchester Storage,London,Pharma,Paracetamol,Northern Supply Chain,BATCH-4818,Inbound,677,144,3,4,243.43,394.9,A1,Harry Johnson,On Time,2,No,Passed,10
TXN100733,19-03-2026,Newcastle Depot,Birmingham,Home Appliances,Vacuum Cleaner,Tesco Supply Ltd,BATCH-2303,Inbound,537,222,31,19,849.0,1212.75,B2,Jack Taylor,Delayed,10,Yes,Failed,17
TXN100734,25-03-2025,Leeds Fulfillment,Bristol,Home Appliances,Vacuum Cleaner,Britannia Pharma,BATCH-4575,Outbound,766,146,4,6,228.52,302.79,C1,Charlie Davies,Slightly Delayed,4,Yes,Passed,16
TXN100735,14-11-2025,Bristol Supply Hub,Manchester,Electronics,Smartphone,Prime Wholesale UK,BATCH-1196,Inbound,338,102,4,1,80.03,107.32,C2,Charlie Davies,On Time,1,Yes,Passed,18
TXN100736,07-10-2025,Liverpool Logistics,Liverpool,Pharma,Cough Syrup,Sainsbury Logistics,BATCH-1699,Outbound,511,203,30,11,602.14,984.13,D1,Emily Harris,Slightly Delayed,6,No,Failed,10
TXN100737,02-05-2026,Birmingham Distribution,Glasgow,Fashion,T-Shirt,Northern Supply Chain,BATCH-3447,Outbound,939,495,28,4,174.79,284.1,C2,Oliver Smith,Delayed,7,No,Passed,25
TXN100738,22-06-2025,Newcastle Depot,Bristol,Grocery,Cooking Oil,Sainsbury Logistics,BATCH-5972,Outbound,657,208,13,3,24.59,35.18,B2,Noah Wilson,Slightly Delayed,5,No,Passed,19
TXN100739,04-02-2025,Newcastle Depot,Leeds,Fashion,T-Shirt,Sainsbury Logistics,BATCH-4852,Outbound,495,456,10,15,1163.07,1328.03,B2,Amelia Clark,On Time,2,No,Failed,0
TXN100740,29-09-2025,Glasgow Warehouse,Birmingham,Pharma,Vitamin Tablets,London Trade Corp,BATCH-8758,Inbound,396,342,19,19,517.65,613.57,A1,Emily Harris,On Time,3,No,Passed,13
TXN100741,07-02-2026,Glasgow Warehouse,Glasgow,Grocery,Cooking Oil,UK Retail Goods,BATCH-3082,Outbound,384,372,14,10,762.48,1320.07,B2,Noah Wilson,Delayed,8,Yes,Passed,15
TXN100742,16-11-2025,Newcastle Depot,Newcastle,Home Appliances,Air Fryer,Britannia Pharma,BATCH-2096,Outbound,961,39,20,16,1057.47,1447.57,D1,Noah Wilson,On Time,3,No,Passed,22
TXN100743,02-07-2025,Newcastle Depot,Birmingham,Grocery,Coffee,Britannia Pharma,BATCH-6243,Outbound,918,816,3,15,299.67,462.44,C2,Noah Wilson,Slightly Delayed,6,Yes,Passed,19
TXN100744,05-08-2025,London Central Hub,Leeds,Home Appliances,Mixer,Britannia Pharma,BATCH-4346,Inbound,352,51,12,16,959.62,1245.32,C1,Oliver Smith,Delayed,7,Yes,Passed,20
TXN100745,16-08-2025,Manchester Storage,Leeds,Fashion,Jacket,Prime Wholesale UK,BATCH-5521,Inbound,427,258,9,14,752.94,1120.89,D2,Jack Taylor,Delayed,10,Yes,Passed,18
TXN100746,02-03-2026,London Central Hub,Bristol,Grocery,Coffee,London Trade Corp,BATCH-7480,Inbound,67,27,3,10,665.33,903.63,C2,Oliver Smith,Slightly Delayed,6,No,Passed,10
TXN100747,19-03-2025,Birmingham Distribution,Liverpool,Home Appliances,Mixer,ASDA Distribution,BATCH-6903,Outbound,954,543,3,4,598.53,1046.75,C2,Harry Johnson,On Time,3,No,Passed,10
TXN100748,08-10-2025,Liverpool Logistics,Newcastle,Electronics,Monitor,Sainsbury Logistics,BATCH-2888,Outbound,460,299,3,16,502.54,830.6,B2,Noah Wilson,On Time,3,Yes,Passed,20
TXN100749,02-05-2026,Birmingham Distribution,Glasgow,Home Appliances,Mixer,London Trade Corp,BATCH-7349,Outbound,103,102,14,15,55.66,69.76,A1,Jack Taylor,Slightly Delayed,4,No,Passed,0
TXN100750,04-01-2025,Manchester Storage,Glasgow,Fashion,Handbag,Sainsbury Logistics,BATCH-7507,Inbound,119,25,12,18,48.03,60.55,B1,Oliver Smith,Delayed,8,No,Passed,8
TXN100751,17-06-2025,Bristol Supply Hub,Manchester,Home Appliances,Microwave,Britannia Pharma,BATCH-8399,Inbound,573,417,10,6,906.23,1159.43,D2,Amelia Clark,Slightly Delayed,4,Yes,Failed,5
TXN100752,03-03-2026,Liverpool Logistics,Leeds,Electronics,Laptop,London Trade Corp,BATCH-8598,Inbound,446,431,6,6,244.17,366.05,B2,Jack Taylor,Slightly Delayed,5,Yes,Passed,16
TXN100753,04-01-2026,Bristol Supply Hub,Birmingham,Electronics,Smartphone,Prime Wholesale UK,BATCH-8867,Outbound,62,33,11,10,251.59,443.49,B2,Harry Johnson,Delayed,7,Yes,Passed,0
TXN100754,08-05-2026,London Central Hub,Glasgow,Electronics,Keyboard,UK Retail Goods,BATCH-4125,Outbound,101,21,17,0,367.62,502.53,C2,Harry Johnson,Delayed,10,No,Passed,13
TXN100755,03-03-2025,London Central Hub,Newcastle,Electronics,Smartphone,Sainsbury Logistics,BATCH-1235,Inbound,838,55,7,9,174.5,247.76,A2,Noah Wilson,Slightly Delayed,4,No,Failed,18
TXN100756,03-02-2025,Bristol Supply Hub,London,Home Appliances,Microwave,Tesco Supply Ltd,BATCH-9149,Outbound,326,31,36,15,80.62,127.72,D2,Amelia Clark,Slightly Delayed,4,Yes,Passed,0
TXN100757,13-01-2025,Liverpool Logistics,Liverpool,Home Appliances,Mixer,Prime Wholesale UK,BATCH-1031,Inbound,722,84,17,9,864.05,1073.05,D1,Emily Harris,Slightly Delayed,5,Yes,Passed,22
TXN100758,11-07-2025,Glasgow Warehouse,Birmingham,Electronics,Smartphone,London Trade Corp,BATCH-6681,Outbound,422,65,38,11,550.23,787.23,B1,Amelia Clark,On Time,3,No,Passed,14
TXN100759,05-11-2025,Birmingham Distribution,Glasgow,Pharma,Cough Syrup,London Trade Corp,BATCH-8644,Outbound,201,192,31,17,492.35,872.92,B1,Oliver Smith,On Time,2,No,Passed,16
TXN100760,27-02-2026,Manchester Storage,Bristol,Grocery,Cereal,ASDA Distribution,BATCH-9214,Inbound,399,296,40,5,1022.06,1534.71,A2,Oliver Smith,Slightly Delayed,4,No,Passed,17
TXN100761,08-10-2025,Bristol Supply Hub,Liverpool,Grocery,Cooking Oil,London Trade Corp,BATCH-7684,Inbound,750,746,21,15,144.72,233.33,B2,Emily Harris,Slightly Delayed,6,Yes,Failed,22
TXN100762,04-05-2025,Leeds Fulfillment,Liverpool,Grocery,Rice Pack,ASDA Distribution,BATCH-4129,Inbound,964,832,32,3,596.77,1039.03,A1,Oliver Smith,Slightly Delayed,5,No,Passed,3
TXN100763,29-04-2026,Bristol Supply Hub,London,Grocery,Cooking Oil,Britannia Pharma,BATCH-6622,Outbound,897,814,4,2,307.85,543.57,C2,Noah Wilson,Delayed,7,No,Passed,13
TXN100764,13-06-2025,Leeds Fulfillment,Newcastle,Home Appliances,Air Fryer,Northern Supply Chain,BATCH-9831,Inbound,700,649,37,1,816.55,1456.65,D1,Charlie Davies,Delayed,8,No,Passed,0
TXN100765,21-08-2025,Glasgow Warehouse,Liverpool,Fashion,Jacket,Prime Wholesale UK,BATCH-1562,Outbound,549,108,30,8,654.76,758.26,C1,Emily Harris,On Time,2,Yes,Passed,19
TXN100766,03-04-2025,Bristol Supply Hub,London,Fashion,Jacket,Britannia Pharma,BATCH-2927,Outbound,60,28,37,0,1122.97,1584.62,B1,Emily Harris,Delayed,9,No,Passed,5
TXN100767,12-04-2025,Liverpool Logistics,London,Electronics,Smartphone,Northern Supply Chain,BATCH-3893,Outbound,665,359,27,3,825.73,1468.14,A1,Jack Taylor,On Time,2,Yes,Passed,7
TXN100768,16-10-2025,Newcastle Depot,Glasgow,Pharma,Bandages,Northern Supply Chain,BATCH-1336,Outbound,284,247,7,3,201.5,240.27,A2,Amelia Clark,Delayed,10,No,Passed,1
TXN100769,01-09-2025,Liverpool Logistics,Birmingham,Pharma,Bandages,ASDA Distribution,BATCH-1395,Inbound,620,452,4,2,109.26,187.32,A2,George Brown,Slightly Delayed,6,Yes,Passed,14
TXN100770,31-07-2025,London Central Hub,Liverpool,Home Appliances,Microwave,UK Retail Goods,BATCH-3414,Outbound,620,289,30,2,1165.18,1816.96,B1,Amelia Clark,Delayed,10,Yes,Passed,11
TXN100771,05-06-2025,Birmingham Distribution,Glasgow,Electronics,Keyboard,UK Retail Goods,BATCH-8870,Inbound,857,32,7,16,800.76,1209.07,B2,Emily Harris,On Time,1,No,Failed,15
TXN100772,16-03-2025,Birmingham Distribution,Manchester,Grocery,Rice Pack,Prime Wholesale UK,BATCH-9411,Inbound,226,119,35,20,754.3,1283.13,B1,Noah Wilson,On Time,2,No,Passed,20
TXN100773,04-02-2026,Liverpool Logistics,Glasgow,Pharma,Vitamin Tablets,Northern Supply Chain,BATCH-8369,Inbound,897,288,26,1,904.08,1021.64,B1,Emily Harris,Slightly Delayed,6,No,Passed,20
TXN100774,02-08-2025,Manchester Storage,Birmingham,Grocery,Cooking Oil,Tesco Supply Ltd,BATCH-7054,Outbound,663,553,18,15,928.85,1303.1,D1,Jack Taylor,On Time,1,No,Passed,20
TXN100775,19-09-2025,Birmingham Distribution,Newcastle,Pharma,Cough Syrup,London Trade Corp,BATCH-2490,Outbound,906,568,38,10,1103.6,1874.76,C2,Harry Johnson,Delayed,8,No,Passed,20
TXN100776,10-04-2026,Liverpool Logistics,Glasgow,Pharma,Cough Syrup,Britannia Pharma,BATCH-4143,Outbound,945,315,38,16,277.27,484.88,D1,Jack Taylor,Slightly Delayed,6,No,Passed,19
TXN100777,11-10-2025,Newcastle Depot,Birmingham,Fashion,Jeans,ASDA Distribution,BATCH-5775,Inbound,836,647,8,9,232.01,366.62,B2,Charlie Davies,Delayed,9,Yes,Passed,20
TXN100778,16-03-2025,Manchester Storage,Leeds,Fashion,Sneakers,ASDA Distribution,BATCH-7169,Outbound,301,220,30,8,1119.32,1590.95,A1,Harry Johnson,Slightly Delayed,6,Yes,Passed,25
TXN100779,12-04-2025,Bristol Supply Hub,Newcastle,Pharma,Bandages,ASDA Distribution,BATCH-8804,Outbound,515,498,35,18,986.28,1437.78,D1,Charlie Davies,Delayed,7,Yes,Passed,4
TXN100780,02-10-2025,Manchester Storage,Bristol,Grocery,Rice Pack,UK Retail Goods,BATCH-1654,Inbound,420,409,3,1,1017.37,1316.63,A1,Harry Johnson,Delayed,9,No,Passed,19
TXN100781,21-04-2026,Liverpool Logistics,Birmingham,Pharma,Cough Syrup,Tesco Supply Ltd,BATCH-6189,Inbound,490,143,14,7,743.88,1115.4,B1,Amelia Clark,Slightly Delayed,5,Yes,Passed,17
TXN100782,05-03-2025,Bristol Supply Hub,Liverpool,Home Appliances,Mixer,UK Retail Goods,BATCH-8528,Inbound,214,43,36,19,1174.51,1513.72,B1,Noah Wilson,Delayed,8,No,Passed,3
TXN100783,20-04-2025,Manchester Storage,Bristol,Electronics,Tablet,Prime Wholesale UK,BATCH-8250,Inbound,737,335,27,18,1033.77,1751.94,D1,Amelia Clark,Delayed,8,Yes,Passed,17
TXN100784,11-01-2025,Bristol Supply Hub,Newcastle,Pharma,Vitamin Tablets,UK Retail Goods,BATCH-7110,Inbound,952,709,31,13,948.56,1391.3,A2,Amelia Clark,Slightly Delayed,6,Yes,Passed,25
TXN100785,14-07-2025,Newcastle Depot,London,Fashion,Jeans,UK Retail Goods,BATCH-2059,Outbound,273,100,22,12,332.6,532.31,A1,Amelia Clark,Slightly Delayed,4,No,Passed,11
TXN100786,18-05-2025,Leeds Fulfillment,Newcastle,Fashion,Jacket,Sainsbury Logistics,BATCH-3761,Inbound,552,466,28,13,111.91,143.07,B2,Oliver Smith,Slightly Delayed,4,No,Passed,11
TXN100787,10-02-2025,Leeds Fulfillment,Newcastle,Electronics,Tablet,Sainsbury Logistics,BATCH-5803,Inbound,142,110,10,2,740.46,1101.05,D1,Jack Taylor,Slightly Delayed,5,Yes,Passed,7
TXN100788,02-12-2025,Birmingham Distribution,Leeds,Fashion,Sneakers,Prime Wholesale UK,BATCH-7934,Inbound,220,153,4,7,1046.81,1606.5,B2,Oliver Smith,Delayed,10,Yes,Passed,19
TXN100789,25-01-2026,Birmingham Distribution,Birmingham,Electronics,Laptop,Sainsbury Logistics,BATCH-5024,Inbound,841,123,17,5,643.07,1058.07,C2,George Brown,Delayed,9,No,Passed,16
TXN100790,04-05-2025,Glasgow Warehouse,Leeds,Electronics,Keyboard,Prime Wholesale UK,BATCH-5027,Outbound,566,78,25,4,204.57,292.2,B1,Harry Johnson,On Time,3,Yes,Failed,5
TXN100791,13-12-2025,Bristol Supply Hub,Newcastle,Home Appliances,Mixer,London Trade Corp,BATCH-7638,Outbound,118,68,8,0,348.21,511.95,D1,George Brown,Delayed,8,No,Passed,4
TXN100792,12-07-2025,London Central Hub,Glasgow,Electronics,Tablet,Prime Wholesale UK,BATCH-4255,Inbound,125,96,23,9,143.07,247.93,B2,Amelia Clark,Delayed,7,Yes,Passed,14
TXN100793,10-05-2025,Newcastle Depot,Newcastle,Home Appliances,Vacuum Cleaner,London Trade Corp,BATCH-4353,Outbound,714,329,25,7,175.07,302.93,B1,Amelia Clark,Delayed,8,Yes,Passed,7
TXN100794,09-02-2025,Glasgow Warehouse,Newcastle,Grocery,Rice Pack,Tesco Supply Ltd,BATCH-8855,Inbound,352,211,3,11,560.78,768.6,C2,Charlie Davies,Delayed,7,Yes,Passed,9
TXN100795,19-11-2025,London Central Hub,Newcastle,Home Appliances,Vacuum Cleaner,Northern Supply Chain,BATCH-6472,Outbound,61,26,9,17,327.18,365.55,C2,Charlie Davies,Slightly Delayed,4,No,Passed,11
TXN100796,09-01-2026,Manchester Storage,Birmingham,Electronics,Keyboard,Northern Supply Chain,BATCH-6409,Outbound,649,146,28,15,522.92,763.35,C1,George Brown,Delayed,9,Yes,Passed,24
TXN100797,04-05-2026,Bristol Supply Hub,Liverpool,Grocery,Rice Pack,Northern Supply Chain,BATCH-3484,Outbound,681,413,17,12,268.18,303.26,C1,Noah Wilson,On Time,1,Yes,Passed,2
TXN100798,28-02-2025,Newcastle Depot,Glasgow,Grocery,Rice Pack,London Trade Corp,BATCH-8682,Outbound,321,267,4,7,564.63,1008.9,C2,Charlie Davies,Delayed,8,Yes,Passed,21
TXN100799,18-06-2025,Leeds Fulfillment,Newcastle,Home Appliances,Microwave,Northern Supply Chain,BATCH-1840,Outbound,875,628,15,7,978.84,1374.01,C1,Harry Johnson,Slightly Delayed,5,Yes,Failed,17
TXN100800,05-07-2025,Bristol Supply Hub,Bristol,Grocery,Cooking Oil,London Trade Corp,BATCH-5900,Inbound,951,274,29,4,1111.63,1765.45,B2,George Brown,Delayed,9,No,Passed,21
TXN100801,31-08-2025,Glasgow Warehouse,Glasgow,Electronics,Smartphone,ASDA Distribution,BATCH-6046,Inbound,998,930,3,13,490.08,687.35,D2,Emily Harris,Delayed,7,No,Failed,18
TXN100802,23-03-2025,Bristol Supply Hub,Manchester,Grocery,Tea Bags,ASDA Distribution,BATCH-2345,Inbound,490,454,15,9,295.67,491.75,A1,George Brown,Slightly Delayed,6,No,Passed,15
TXN100803,14-12-2025,Glasgow Warehouse,Manchester,Electronics,Tablet,Tesco Supply Ltd,BATCH-3706,Outbound,102,20,30,5,44.06,57.45,C2,Harry Johnson,Slightly Delayed,6,Yes,Passed,18
TXN100804,25-02-2025,Leeds Fulfillment,Manchester,Electronics,Laptop,Britannia Pharma,BATCH-3271,Inbound,679,20,12,5,1076.98,1806.02,D2,Jack Taylor,Delayed,8,Yes,Passed,20
TXN100805,22-12-2025,Newcastle Depot,Glasgow,Home Appliances,Mixer,Britannia Pharma,BATCH-5811,Outbound,558,249,18,1,475.11,635.25,D1,Noah Wilson,On Time,3,No,Passed,21
TXN100806,17-03-2025,Newcastle Depot,Birmingham,Pharma,Vitamin Tablets,Sainsbury Logistics,BATCH-2203,Outbound,296,256,9,4,48.97,55.88,C2,Charlie Davies,On Time,2,Yes,Passed,22
TXN100807,02-12-2025,Birmingham Distribution,Bristol,Fashion,T-Shirt,UK Retail Goods,BATCH-6653,Inbound,469,82,35,18,366.54,585.14,A1,Oliver Smith,Delayed,8,No,Passed,12
TXN100808,04-12-2025,Birmingham Distribution,London,Grocery,Tea Bags,Sainsbury Logistics,BATCH-5105,Outbound,524,357,25,10,542.29,906.19,A2,Emily Harris,Delayed,7,No,Passed,4
TXN100809,02-08-2025,London Central Hub,Glasgow,Electronics,Tablet,London Trade Corp,BATCH-7111,Outbound,295,282,38,15,1148.69,1993.11,A1,Harry Johnson,On Time,3,No,Passed,24
TXN100810,30-10-2025,Liverpool Logistics,Bristol,Home Appliances,Vacuum Cleaner,Tesco Supply Ltd,BATCH-8453,Outbound,266,57,21,16,331.77,455.68,D2,Oliver Smith,Delayed,9,No,Passed,10
TXN100811,20-10-2025,Glasgow Warehouse,Liverpool,Electronics,Monitor,Prime Wholesale UK,BATCH-5336,Outbound,653,84,30,13,1115.21,1940.32,A1,Noah Wilson,Delayed,10,No,Passed,12
TXN100812,02-01-2025,Manchester Storage,Leeds,Pharma,Paracetamol,Northern Supply Chain,BATCH-1267,Outbound,593,254,2,7,1142.65,1616.25,A1,Emily Harris,Delayed,7,Yes,Passed,17
TXN100813,02-12-2025,Bristol Supply Hub,Manchester,Home Appliances,Microwave,London Trade Corp,BATCH-5023,Outbound,848,138,15,12,675.1,897.89,A1,Harry Johnson,Delayed,9,Yes,Passed,23
TXN100814,05-07-2025,Leeds Fulfillment,Leeds,Pharma,Vitamin Tablets,ASDA Distribution,BATCH-2248,Inbound,723,319,16,13,198.42,277.49,A2,Oliver Smith,On Time,3,Yes,Passed,2
TXN100815,27-08-2025,Newcastle Depot,Leeds,Pharma,Vitamin Tablets,ASDA Distribution,BATCH-6836,Inbound,166,135,21,3,603.05,1015.92,C2,George Brown,Delayed,9,No,Passed,25
TXN100816,24-03-2025,Liverpool Logistics,Newcastle,Grocery,Cereal,London Trade Corp,BATCH-1488,Outbound,306,29,39,2,1190.59,1444.91,D1,Amelia Clark,Slightly Delayed,6,Yes,Passed,25
TXN100817,15-05-2026,Liverpool Logistics,Newcastle,Home Appliances,Air Fryer,Prime Wholesale UK,BATCH-7345,Outbound,267,62,12,19,766.8,1258.64,C2,Noah Wilson,On Time,2,Yes,Failed,1
TXN100818,12-05-2026,Newcastle Depot,Manchester,Fashion,Jeans,Sainsbury Logistics,BATCH-2572,Inbound,53,42,1,11,780.22,1085.19,B1,Emily Harris,On Time,1,No,Passed,17
TXN100819,31-05-2025,Manchester Storage,London,Home Appliances,Microwave,Britannia Pharma,BATCH-3243,Outbound,172,28,40,10,299.01,441.33,D1,George Brown,Delayed,7,No,Passed,10
TXN100820,14-01-2025,Glasgow Warehouse,Birmingham,Fashion,Jacket,ASDA Distribution,BATCH-3251,Inbound,593,392,4,15,373.52,489.26,C2,Harry Johnson,On Time,1,Yes,Failed,8
TXN100821,26-01-2025,Manchester Storage,Leeds,Pharma,Cough Syrup,Britannia Pharma,BATCH-2645,Outbound,959,146,11,18,258.71,429.53,A1,Jack Taylor,Slightly Delayed,4,No,Passed,2
TXN100822,24-02-2025,London Central Hub,Newcastle,Pharma,Cough Syrup,London Trade Corp,BATCH-7651,Inbound,808,73,8,2,117.71,207.32,C1,George Brown,On Time,1,Yes,Failed,2
TXN100823,09-01-2026,Birmingham Distribution,Liverpool,Pharma,Vitamin Tablets,Northern Supply Chain,BATCH-1086,Outbound,239,186,36,3,758.85,843.68,B2,Emily Harris,Slightly Delayed,4,Yes,Passed,1
TXN100824,30-07-2025,Leeds Fulfillment,Leeds,Fashion,Jeans,UK Retail Goods,BATCH-3042,Outbound,677,417,12,16,354.78,424.09,C1,Emily Harris,Delayed,10,Yes,Failed,3
TXN100825,03-03-2025,Liverpool Logistics,Birmingham,Fashion,Handbag,Tesco Supply Ltd,BATCH-4782,Inbound,245,211,16,4,694.06,1159.16,A1,Harry Johnson,Delayed,10,No,Failed,4
TXN100826,24-06-2025,Birmingham Distribution,Birmingham,Grocery,Coffee,ASDA Distribution,BATCH-7041,Outbound,165,20,13,3,996.81,1106.09,D1,Amelia Clark,On Time,2,No,Passed,14
TXN100827,08-09-2025,Leeds Fulfillment,Bristol,Grocery,Cooking Oil,Tesco Supply Ltd,BATCH-5130,Inbound,261,119,22,6,1044.59,1776.51,D1,Emily Harris,Slightly Delayed,4,Yes,Passed,1
TXN100828,24-05-2025,London Central Hub,Newcastle,Electronics,Monitor,ASDA Distribution,BATCH-8445,Outbound,586,316,13,13,136.95,178.18,C1,Noah Wilson,Slightly Delayed,5,No,Passed,6
TXN100829,04-02-2026,Newcastle Depot,Bristol,Pharma,Bandages,UK Retail Goods,BATCH-9350,Inbound,449,158,10,15,268.58,465.55,A2,Jack Taylor,On Time,1,No,Passed,16
TXN100830,04-05-2025,Leeds Fulfillment,Liverpool,Pharma,Paracetamol,Sainsbury Logistics,BATCH-9143,Inbound,328,284,19,12,29.26,43.8,B1,Oliver Smith,On Time,2,No,Failed,24
TXN100831,05-01-2026,Leeds Fulfillment,Leeds,Home Appliances,Air Fryer,UK Retail Goods,BATCH-7585,Outbound,631,369,0,15,236.14,277.68,A2,Amelia Clark,Slightly Delayed,5,No,Passed,19
TXN100832,10-09-2025,London Central Hub,Manchester,Grocery,Cooking Oil,ASDA Distribution,BATCH-3244,Inbound,382,43,21,11,568.3,721.07,D1,Oliver Smith,Slightly Delayed,6,Yes,Passed,14
TXN100833,22-04-2025,London Central Hub,Leeds,Fashion,Handbag,Tesco Supply Ltd,BATCH-7703,Inbound,806,94,6,17,532.33,636.14,C1,Emily Harris,Slightly Delayed,4,Yes,Passed,2
TXN100834,23-01-2025,Leeds Fulfillment,Birmingham,Pharma,Vitamin Tablets,Tesco Supply Ltd,BATCH-9020,Inbound,676,141,5,8,950.36,1402.56,D1,Charlie Davies,Slightly Delayed,4,Yes,Passed,2
TXN100835,21-01-2026,Birmingham Distribution,London,Home Appliances,Vacuum Cleaner,ASDA Distribution,BATCH-1349,Outbound,997,609,17,0,515.39,692.82,B2,George Brown,Slightly Delayed,6,Yes,Passed,7
TXN100836,26-04-2025,London Central Hub,Manchester,Electronics,Tablet,UK Retail Goods,BATCH-7007,Outbound,250,231,13,6,163.49,232.58,D1,George Brown,Delayed,8,Yes,Passed,5
TXN100837,25-02-2025,Birmingham Distribution,Liverpool,Fashion,T-Shirt,ASDA Distribution,BATCH-3518,Outbound,57,30,23,1,641.97,1013.74,A2,Amelia Clark,Delayed,7,Yes,Passed,22
TXN100838,18-06-2025,Birmingham Distribution,Liverpool,Grocery,Coffee,Prime Wholesale UK,BATCH-7961,Inbound,780,552,35,16,1140.21,1998.15,D2,Jack Taylor,Delayed,10,No,Failed,8
TXN100839,27-08-2025,Manchester Storage,Birmingham,Home Appliances,Vacuum Cleaner,Tesco Supply Ltd,BATCH-4764,Inbound,998,771,1,6,489.95,667.74,D2,Amelia Clark,Delayed,9,Yes,Failed,1
TXN100840,06-10-2025,Liverpool Logistics,Manchester,Home Appliances,Vacuum Cleaner,London Trade Corp,BATCH-9602,Inbound,601,257,8,7,1090.06,1587.01,C1,Jack Taylor,Delayed,10,No,Failed,17
TXN100841,23-09-2025,Newcastle Depot,Manchester,Grocery,Cooking Oil,Northern Supply Chain,BATCH-9957,Inbound,95,74,31,6,171.96,284.25,C2,Emily Harris,On Time,2,Yes,Passed,21
TXN100842,12-02-2025,Manchester Storage,Manchester,Pharma,Cough Syrup,UK Retail Goods,BATCH-8877,Inbound,80,22,0,0,931.49,1475.12,D2,Charlie Davies,On Time,1,Yes,Passed,25
TXN100843,27-11-2025,Leeds Fulfillment,Leeds,Home Appliances,Mixer,Sainsbury Logistics,BATCH-2393,Inbound,786,173,22,10,457.96,540.67,D2,Jack Taylor,Delayed,9,No,Passed,16
TXN100844,29-08-2025,Bristol Supply Hub,Newcastle,Electronics,Tablet,Tesco Supply Ltd,BATCH-1723,Inbound,229,215,18,16,747.88,844.9,A1,Jack Taylor,Delayed,7,Yes,Passed,12
TXN100845,04-03-2025,Birmingham Distribution,Leeds,Pharma,Cough Syrup,UK Retail Goods,BATCH-6269,Outbound,140,66,33,8,638.39,883.29,A1,Charlie Davies,Delayed,10,No,Passed,5
TXN100846,04-05-2025,Newcastle Depot,Glasgow,Home Appliances,Air Fryer,Tesco Supply Ltd,BATCH-9615,Inbound,797,62,35,1,751.9,855.0,B1,Harry Johnson,Slightly Delayed,4,Yes,Passed,8
TXN100847,14-01-2026,Leeds Fulfillment,Birmingham,Electronics,Laptop,Prime Wholesale UK,BATCH-9166,Inbound,936,421,16,16,153.5,228.57,B2,Amelia Clark,Delayed,9,Yes,Passed,16
TXN100848,07-01-2026,Leeds Fulfillment,Bristol,Electronics,Monitor,Britannia Pharma,BATCH-3598,Inbound,324,144,9,2,174.09,240.25,B2,Amelia Clark,Slightly Delayed,5,Yes,Passed,11
TXN100849,30-05-2025,Bristol Supply Hub,Birmingham,Home Appliances,Air Fryer,London Trade Corp,BATCH-7122,Outbound,269,46,19,8,103.19,176.6,A1,George Brown,Delayed,7,No,Failed,25
TXN100850,09-12-2025,Bristol Supply Hub,Leeds,Grocery,Coffee,Northern Supply Chain,BATCH-5584,Outbound,398,298,11,9,234.05,399.25,A1,Noah Wilson,On Time,1,Yes,Passed,11
TXN100851,27-08-2025,London Central Hub,Glasgow,Grocery,Cereal,Tesco Supply Ltd,BATCH-5746,Inbound,764,532,33,5,997.35,1289.38,C1,Noah Wilson,On Time,3,Yes,Passed,6
TXN100852,22-07-2025,Birmingham Distribution,Manchester,Grocery,Coffee,ASDA Distribution,BATCH-2549,Outbound,248,232,33,8,706.61,1214.26,D2,Harry Johnson,On Time,2,Yes,Passed,19
TXN100853,26-04-2025,Bristol Supply Hub,London,Grocery,Cooking Oil,ASDA Distribution,BATCH-2374,Outbound,657,113,40,6,593.63,708.97,C2,Amelia Clark,Slightly Delayed,6,Yes,Passed,14
TXN100854,20-02-2026,Manchester Storage,Glasgow,Home Appliances,Air Fryer,Northern Supply Chain,BATCH-2835,Inbound,847,585,33,0,17.75,21.82,A1,Noah Wilson,On Time,1,No,Passed,10
TXN100855,28-03-2026,Liverpool Logistics,Bristol,Fashion,T-Shirt,London Trade Corp,BATCH-6665,Inbound,320,165,38,3,1152.64,2000.47,A1,Harry Johnson,On Time,1,No,Passed,19
TXN100856,29-04-2025,Newcastle Depot,Glasgow,Electronics,Laptop,Tesco Supply Ltd,BATCH-3282,Outbound,941,558,40,18,347.77,513.82,B2,George Brown,Slightly Delayed,4,Yes,Passed,6
TXN100857,11-05-2025,Leeds Fulfillment,Birmingham,Home Appliances,Vacuum Cleaner,Northern Supply Chain,BATCH-1702,Outbound,125,50,28,8,405.55,564.85,A1,Charlie Davies,On Time,2,Yes,Failed,15
TXN100858,07-08-2025,London Central Hub,London,Fashion,T-Shirt,UK Retail Goods,BATCH-1907,Inbound,495,424,2,16,833.96,985.37,C2,Amelia Clark,On Time,3,No,Passed,19
TXN100859,03-05-2026,Liverpool Logistics,Leeds,Electronics,Laptop,London Trade Corp,BATCH-6829,Inbound,445,98,29,2,387.85,628.94,D1,George Brown,On Time,2,No,Passed,18
TXN100860,26-09-2025,Leeds Fulfillment,London,Electronics,Monitor,ASDA Distribution,BATCH-4966,Outbound,691,516,27,17,774.76,929.57,A1,Emily Harris,Slightly Delayed,4,Yes,Passed,10
TXN100861,06-01-2026,Manchester Storage,Glasgow,Pharma,Vitamin Tablets,Prime Wholesale UK,BATCH-1295,Inbound,538,159,26,1,258.29,400.76,C2,Harry Johnson,Delayed,10,No,Passed,9
TXN100862,28-12-2025,Bristol Supply Hub,Bristol,Home Appliances,Vacuum Cleaner,Britannia Pharma,BATCH-8474,Inbound,66,65,28,8,701.56,853.04,C1,George Brown,Delayed,10,No,Passed,18
TXN100863,31-03-2026,Liverpool Logistics,Birmingham,Fashion,Handbag,UK Retail Goods,BATCH-2775,Inbound,304,95,21,18,128.02,142.73,B2,Jack Taylor,Delayed,9,Yes,Passed,24
TXN100864,31-08-2025,Manchester Storage,Newcastle,Fashion,T-Shirt,Northern Supply Chain,BATCH-1500,Outbound,627,593,3,13,748.55,835.44,B1,Noah Wilson,Delayed,9,No,Passed,17
TXN100865,12-03-2025,London Central Hub,Leeds,Grocery,Cereal,Tesco Supply Ltd,BATCH-6647,Outbound,671,245,20,19,1089.89,1694.92,A2,George Brown,Delayed,9,No,Passed,10
TXN100866,11-08-2025,Manchester Storage,Bristol,Electronics,Keyboard,Northern Supply Chain,BATCH-6647,Outbound,873,822,9,12,710.66,960.18,A2,Noah Wilson,On Time,3,Yes,Passed,17
TXN100867,09-05-2025,Leeds Fulfillment,Bristol,Fashion,T-Shirt,Sainsbury Logistics,BATCH-4942,Outbound,150,57,12,16,379.87,507.43,C1,Oliver Smith,On Time,2,Yes,Passed,5
TXN100868,02-02-2025,Manchester Storage,Bristol,Fashion,Jeans,UK Retail Goods,BATCH-2229,Inbound,51,20,32,13,722.47,1253.58,B2,Charlie Davies,Delayed,7,Yes,Failed,1
TXN100869,07-02-2025,Glasgow Warehouse,London,Electronics,Monitor,Prime Wholesale UK,BATCH-7681,Inbound,590,77,39,20,338.7,442.05,B2,Emily Harris,Delayed,10,No,Failed,20
TXN100870,14-08-2025,Leeds Fulfillment,Bristol,Grocery,Rice Pack,Sainsbury Logistics,BATCH-1953,Outbound,797,397,14,20,339.36,377.29,B1,Amelia Clark,Delayed,8,No,Passed,21
TXN100871,07-01-2026,Newcastle Depot,Bristol,Grocery,Cereal,Tesco Supply Ltd,BATCH-3637,Inbound,190,108,1,17,959.41,1556.26,C1,Oliver Smith,Delayed,8,No,Passed,16
TXN100872,04-05-2026,Glasgow Warehouse,Birmingham,Home Appliances,Microwave,UK Retail Goods,BATCH-6648,Outbound,118,44,12,6,547.37,636.28,A2,Emily Harris,On Time,3,Yes,Failed,14
TXN100873,23-04-2025,Liverpool Logistics,Glasgow,Electronics,Tablet,Sainsbury Logistics,BATCH-8663,Outbound,919,188,6,2,725.5,798.29,C2,Amelia Clark,On Time,2,Yes,Passed,6
TXN100874,19-03-2026,London Central Hub,Birmingham,Grocery,Tea Bags,Northern Supply Chain,BATCH-5817,Inbound,126,105,34,9,371.98,563.47,A2,Amelia Clark,On Time,3,No,Passed,9
TXN100875,09-04-2026,Newcastle Depot,Birmingham,Electronics,Tablet,Sainsbury Logistics,BATCH-2231,Inbound,512,124,16,3,481.04,709.02,B1,Harry Johnson,On Time,3,No,Passed,18
TXN100876,07-10-2025,Newcastle Depot,Newcastle,Home Appliances,Vacuum Cleaner,UK Retail Goods,BATCH-7979,Inbound,154,69,16,16,1117.05,1557.06,B2,Harry Johnson,Delayed,10,Yes,Passed,17
TXN100877,10-09-2025,Bristol Supply Hub,Bristol,Pharma,Bandages,ASDA Distribution,BATCH-8431,Outbound,79,41,14,18,901.57,1597.44,A1,Amelia Clark,On Time,1,No,Passed,7
TXN100878,15-03-2025,Birmingham Distribution,Birmingham,Fashion,Handbag,UK Retail Goods,BATCH-6722,Outbound,848,846,9,0,441.28,486.1,B1,Harry Johnson,Delayed,9,No,Passed,21
TXN100879,19-10-2025,Manchester Storage,Birmingham,Pharma,Paracetamol,ASDA Distribution,BATCH-3273,Outbound,845,363,34,14,1124.79,1777.98,D1,Emily Harris,Delayed,7,Yes,Passed,17
TXN100880,03-05-2026,London Central Hub,Glasgow,Home Appliances,Microwave,Tesco Supply Ltd,BATCH-4765,Outbound,290,240,39,19,652.52,1075.58,C1,Jack Taylor,On Time,1,Yes,Passed,9
TXN100881,26-05-2025,Newcastle Depot,London,Home Appliances,Microwave,Prime Wholesale UK,BATCH-2501,Outbound,916,773,39,16,666.48,763.93,B1,Noah Wilson,On Time,2,No,Passed,14
TXN100882,04-02-2026,Manchester Storage,Newcastle,Fashion,T-Shirt,Prime Wholesale UK,BATCH-9719,Outbound,250,158,11,0,1121.02,1587.82,D1,George Brown,Delayed,7,No,Passed,16
TXN100883,09-02-2026,Glasgow Warehouse,London,Fashion,Jeans,Northern Supply Chain,BATCH-4051,Inbound,907,874,8,10,621.76,769.31,C2,Oliver Smith,On Time,1,No,Passed,0
TXN100884,11-12-2025,Leeds Fulfillment,Birmingham,Pharma,Bandages,London Trade Corp,BATCH-7136,Outbound,440,392,39,10,824.31,1235.18,C1,George Brown,On Time,1,No,Passed,14
TXN100885,16-12-2025,Leeds Fulfillment,Bristol,Home Appliances,Air Fryer,UK Retail Goods,BATCH-4187,Inbound,250,55,22,19,356.53,551.48,C2,Amelia Clark,On Time,3,Yes,Passed,8
TXN100886,27-03-2025,Birmingham Distribution,Bristol,Electronics,Smartphone,UK Retail Goods,BATCH-4641,Outbound,241,156,21,15,217.59,383.29,C2,Harry Johnson,Delayed,7,Yes,Failed,16
TXN100887,15-05-2025,Glasgow Warehouse,London,Electronics,Keyboard,London Trade Corp,BATCH-8991,Outbound,777,420,23,11,35.66,55.35,C1,Noah Wilson,Delayed,9,Yes,Failed,6
TXN100888,03-11-2025,London Central Hub,Liverpool,Pharma,Paracetamol,London Trade Corp,BATCH-4866,Outbound,948,711,32,18,94.04,158.24,A1,Harry Johnson,Delayed,8,No,Passed,6
TXN100889,24-02-2025,Birmingham Distribution,Glasgow,Fashion,Sneakers,UK Retail Goods,BATCH-7872,Outbound,140,61,18,14,133.49,224.17,A2,Noah Wilson,Slightly Delayed,4,No,Passed,14
TXN100890,26-05-2025,Manchester Storage,London,Pharma,Paracetamol,London Trade Corp,BATCH-3905,Outbound,66,59,17,4,838.07,1299.28,D1,Harry Johnson,On Time,2,No,Failed,17
TXN100891,27-09-2025,Glasgow Warehouse,Bristol,Electronics,Keyboard,Sainsbury Logistics,BATCH-3242,Outbound,800,154,30,0,329.66,392.57,D1,Amelia Clark,Delayed,9,Yes,Passed,10
TXN100892,12-03-2025,Glasgow Warehouse,Glasgow,Home Appliances,Air Fryer,Britannia Pharma,BATCH-9869,Outbound,861,792,28,17,533.43,698.29,D1,Charlie Davies,On Time,3,No,Passed,25
TXN100893,20-02-2026,Glasgow Warehouse,London,Home Appliances,Microwave,Sainsbury Logistics,BATCH-1102,Inbound,232,148,8,9,1149.82,1997.63,A1,George Brown,On Time,2,No,Passed,11
TXN100894,14-02-2026,Glasgow Warehouse,Manchester,Grocery,Cereal,UK Retail Goods,BATCH-1091,Outbound,712,257,4,7,161.7,277.18,C2,Emily Harris,On Time,2,Yes,Passed,16
TXN100895,12-11-2025,Newcastle Depot,Birmingham,Grocery,Tea Bags,Prime Wholesale UK,BATCH-4638,Outbound,618,206,6,9,367.4,623.03,D2,Emily Harris,Delayed,9,No,Passed,20
TXN100896,16-04-2026,Liverpool Logistics,Manchester,Fashion,Jeans,UK Retail Goods,BATCH-3832,Inbound,814,26,8,11,1015.93,1817.86,B1,Noah Wilson,On Time,3,Yes,Passed,4
TXN100897,14-01-2026,Manchester Storage,Liverpool,Grocery,Cereal,Northern Supply Chain,BATCH-5299,Outbound,196,185,0,20,369.32,430.19,B1,Noah Wilson,Delayed,7,No,Passed,11
TXN100898,01-04-2025,Glasgow Warehouse,Newcastle,Electronics,Keyboard,Prime Wholesale UK,BATCH-6256,Outbound,219,216,30,12,624.82,725.39,C2,Jack Taylor,Delayed,8,No,Passed,4
TXN100899,15-07-2025,Liverpool Logistics,Manchester,Fashion,Jeans,Northern Supply Chain,BATCH-1869,Inbound,933,604,2,10,175.22,203.81,D2,Harry Johnson,Delayed,8,No,Failed,5
TXN100900,02-12-2025,Birmingham Distribution,London,Electronics,Monitor,London Trade Corp,BATCH-3978,Inbound,753,240,12,14,945.72,1522.43,B1,Noah Wilson,Delayed,10,No,Passed,5
TXN100901,15-03-2025,Birmingham Distribution,Glasgow,Electronics,Monitor,London Trade Corp,BATCH-5006,Inbound,868,354,37,2,770.23,974.64,C2,Jack Taylor,Delayed,9,No,Passed,13
TXN100902,07-05-2025,Glasgow Warehouse,Leeds,Electronics,Monitor,Britannia Pharma,BATCH-9161,Inbound,792,680,29,15,266.54,443.99,B1,Emily Harris,Slightly Delayed,5,No,Failed,0
TXN100903,28-08-2025,Newcastle Depot,Manchester,Grocery,Cereal,UK Retail Goods,BATCH-9033,Outbound,228,132,4,5,71.25,90.67,B1,Noah Wilson,Delayed,10,Yes,Passed,4
TXN100904,16-05-2025,Newcastle Depot,Newcastle,Electronics,Laptop,Prime Wholesale UK,BATCH-6723,Inbound,187,113,25,1,659.84,805.85,C2,Charlie Davies,On Time,1,Yes,Passed,7
TXN100905,18-04-2026,Manchester Storage,Glasgow,Home Appliances,Air Fryer,ASDA Distribution,BATCH-8540,Inbound,996,82,2,6,25.72,45.9,C2,George Brown,Slightly Delayed,4,Yes,Passed,23
TXN100906,19-01-2026,London Central Hub,Manchester,Home Appliances,Mixer,Britannia Pharma,BATCH-4257,Outbound,73,69,9,20,694.74,1143.16,C1,Noah Wilson,Delayed,10,Yes,Passed,19
TXN100907,08-11-2025,Birmingham Distribution,Bristol,Grocery,Rice Pack,Tesco Supply Ltd,BATCH-3472,Inbound,640,445,30,2,256.45,388.63,A2,Noah Wilson,On Time,2,Yes,Failed,3
TXN100908,01-03-2025,Bristol Supply Hub,Manchester,Fashion,T-Shirt,Sainsbury Logistics,BATCH-3960,Inbound,527,405,8,1,142.62,233.89,A2,Oliver Smith,On Time,2,No,Passed,4
TXN100909,14-07-2025,London Central Hub,Birmingham,Pharma,Bandages,Prime Wholesale UK,BATCH-5939,Inbound,304,121,39,6,49.24,73.88,B1,Jack Taylor,Delayed,7,Yes,Passed,3
TXN100910,17-03-2026,Glasgow Warehouse,Birmingham,Electronics,Smartphone,Sainsbury Logistics,BATCH-5697,Outbound,73,70,35,12,752.29,901.57,B1,Oliver Smith,Slightly Delayed,6,Yes,Passed,22
TXN100911,02-11-2025,Newcastle Depot,London,Pharma,Cough Syrup,ASDA Distribution,BATCH-4749,Outbound,788,409,4,20,6.48,11.35,A2,George Brown,Delayed,10,No,Passed,6
TXN100912,19-04-2025,Leeds Fulfillment,Manchester,Fashion,Sneakers,Sainsbury Logistics,BATCH-1420,Inbound,612,354,34,11,467.91,764.47,D2,Oliver Smith,On Time,3,No,Passed,3
TXN100913,01-02-2025,Manchester Storage,Bristol,Pharma,Vitamin Tablets,Northern Supply Chain,BATCH-1366,Outbound,540,256,35,15,337.13,410.1,B2,George Brown,Delayed,10,Yes,Passed,9
TXN100914,24-04-2025,Leeds Fulfillment,London,Home Appliances,Mixer,UK Retail Goods,BATCH-1960,Inbound,400,183,16,5,994.18,1569.92,A1,Charlie Davies,On Time,1,No,Passed,15
TXN100915,10-07-2025,Birmingham Distribution,Liverpool,Home Appliances,Air Fryer,Britannia Pharma,BATCH-8857,Inbound,427,236,19,19,82.53,116.36,B1,Jack Taylor,Slightly Delayed,6,No,Passed,13
TXN100916,17-04-2025,Bristol Supply Hub,Liverpool,Electronics,Laptop,ASDA Distribution,BATCH-8361,Outbound,95,91,3,3,957.72,1398.2,C1,Harry Johnson,On Time,1,No,Passed,5
TXN100917,18-08-2025,London Central Hub,Manchester,Fashion,Handbag,London Trade Corp,BATCH-1996,Outbound,93,89,0,16,121.43,195.35,A2,Noah Wilson,Slightly Delayed,6,Yes,Passed,13
TXN100918,04-07-2025,Leeds Fulfillment,Newcastle,Fashion,Jacket,Britannia Pharma,BATCH-4268,Outbound,302,47,29,7,401.91,714.65,B1,Harry Johnson,Slightly Delayed,5,Yes,Failed,0
TXN100919,07-08-2025,Leeds Fulfillment,Newcastle,Electronics,Keyboard,Tesco Supply Ltd,BATCH-4351,Inbound,495,113,22,17,1031.99,1623.79,A1,Charlie Davies,Delayed,8,Yes,Passed,21
TXN100920,26-02-2026,Glasgow Warehouse,Manchester,Grocery,Cereal,UK Retail Goods,BATCH-3264,Outbound,462,100,28,8,1006.81,1734.48,A1,Oliver Smith,Delayed,7,Yes,Passed,8
TXN100921,12-02-2026,Newcastle Depot,Newcastle,Fashion,T-Shirt,Prime Wholesale UK,BATCH-3036,Outbound,485,71,19,10,754.07,842.64,A1,Oliver Smith,On Time,2,No,Passed,18
TXN100922,21-10-2025,Liverpool Logistics,Manchester,Grocery,Cereal,London Trade Corp,BATCH-3820,Inbound,836,585,4,18,909.96,1547.43,C1,Oliver Smith,Slightly Delayed,5,No,Passed,20
TXN100923,12-04-2025,Newcastle Depot,Manchester,Home Appliances,Air Fryer,Northern Supply Chain,BATCH-7262,Outbound,984,424,38,16,1187.69,1837.61,A2,Amelia Clark,On Time,2,No,Passed,3
TXN100924,02-03-2026,Glasgow Warehouse,Bristol,Grocery,Cooking Oil,Sainsbury Logistics,BATCH-4455,Outbound,546,313,3,15,578.47,744.1,A2,Emily Harris,Slightly Delayed,4,Yes,Passed,2
TXN100925,24-02-2026,Birmingham Distribution,Manchester,Pharma,Vitamin Tablets,ASDA Distribution,BATCH-7729,Inbound,954,461,8,0,261.14,296.57,B1,Oliver Smith,Delayed,8,No,Failed,3
TXN100926,18-08-2025,Manchester Storage,Manchester,Home Appliances,Mixer,Prime Wholesale UK,BATCH-1367,Outbound,290,209,39,18,617.98,898.0,A1,Harry Johnson,Delayed,10,No,Failed,8
TXN100927,20-09-2025,Liverpool Logistics,Newcastle,Pharma,Vitamin Tablets,London Trade Corp,BATCH-8170,Inbound,214,214,7,14,1136.43,1952.85,B1,Oliver Smith,Delayed,9,Yes,Passed,8
TXN100928,08-03-2026,Manchester Storage,Leeds,Home Appliances,Mixer,Northern Supply Chain,BATCH-2499,Inbound,478,262,20,15,801.57,1346.77,B1,Emily Harris,On Time,3,No,Passed,25
TXN100929,24-10-2025,Newcastle Depot,London,Grocery,Cereal,Britannia Pharma,BATCH-1706,Outbound,736,453,35,16,184.77,297.17,B2,Harry Johnson,Delayed,7,No,Failed,25
TXN100930,01-04-2025,Liverpool Logistics,Glasgow,Electronics,Keyboard,Northern Supply Chain,BATCH-6800,Inbound,483,77,22,13,57.61,99.65,D2,Amelia Clark,Slightly Delayed,4,Yes,Passed,9
TXN100931,08-05-2025,Bristol Supply Hub,London,Electronics,Keyboard,Britannia Pharma,BATCH-8422,Outbound,998,451,40,9,1002.93,1367.42,B1,Harry Johnson,Delayed,9,No,Passed,0
TXN100932,25-01-2026,Bristol Supply Hub,Leeds,Grocery,Cereal,Sainsbury Logistics,BATCH-1005,Inbound,396,72,24,4,195.97,343.61,C1,Amelia Clark,Delayed,10,Yes,Passed,19
TXN100933,16-08-2025,Manchester Storage,Bristol,Electronics,Monitor,Tesco Supply Ltd,BATCH-2038,Inbound,190,86,25,15,185.85,332.91,C1,Harry Johnson,Delayed,9,Yes,Passed,3
TXN100934,01-01-2026,Liverpool Logistics,Liverpool,Home Appliances,Vacuum Cleaner,Prime Wholesale UK,BATCH-7678,Inbound,416,358,38,20,978.76,1760.79,C2,George Brown,Slightly Delayed,4,Yes,Passed,1
TXN100935,11-04-2026,Leeds Fulfillment,Leeds,Pharma,Cough Syrup,Prime Wholesale UK,BATCH-3369,Outbound,619,543,6,12,402.28,676.25,A2,Harry Johnson,On Time,1,No,Passed,10
TXN100936,29-08-2025,Newcastle Depot,Manchester,Electronics,Tablet,Sainsbury Logistics,BATCH-5238,Inbound,763,316,17,0,946.3,1316.75,A1,Amelia Clark,On Time,2,No,Passed,17
TXN100937,08-02-2026,Glasgow Warehouse,Birmingham,Grocery,Rice Pack,Northern Supply Chain,BATCH-7169,Outbound,328,60,28,8,499.37,845.66,D1,Noah Wilson,On Time,2,No,Passed,22
TXN100938,17-06-2025,Leeds Fulfillment,Glasgow,Home Appliances,Air Fryer,Tesco Supply Ltd,BATCH-2812,Inbound,369,279,24,18,378.26,652.41,B1,George Brown,On Time,2,Yes,Passed,21
TXN100939,16-12-2025,Liverpool Logistics,Bristol,Fashion,Sneakers,UK Retail Goods,BATCH-7901,Outbound,302,215,2,11,140.5,201.22,B2,Amelia Clark,Delayed,7,Yes,Passed,3
TXN100940,01-11-2025,Leeds Fulfillment,Birmingham,Home Appliances,Microwave,Britannia Pharma,BATCH-9689,Outbound,385,210,38,1,457.88,506.13,B1,Oliver Smith,On Time,1,No,Passed,12
TXN100941,17-06-2025,Leeds Fulfillment,Birmingham,Fashion,Sneakers,Tesco Supply Ltd,BATCH-6091,Outbound,854,778,35,19,524.72,759.93,D1,Charlie Davies,On Time,1,No,Passed,24
TXN100942,09-05-2026,London Central Hub,Bristol,Fashion,Sneakers,Sainsbury Logistics,BATCH-4973,Outbound,600,49,36,14,940.11,1237.15,C1,Amelia Clark,Slightly Delayed,6,No,Passed,25
TXN100943,06-11-2025,Liverpool Logistics,London,Grocery,Cooking Oil,Tesco Supply Ltd,BATCH-7971,Inbound,838,448,21,9,69.76,96.1,B1,Harry Johnson,Slightly Delayed,6,Yes,Passed,4
TXN100944,10-03-2025,Manchester Storage,Bristol,Pharma,Vitamin Tablets,Tesco Supply Ltd,BATCH-2698,Inbound,830,482,27,15,834.27,1194.48,B1,Jack Taylor,Delayed,7,Yes,Passed,2
TXN100945,08-01-2025,Bristol Supply Hub,Newcastle,Pharma,Cough Syrup,Prime Wholesale UK,BATCH-3094,Inbound,596,549,40,12,1192.08,1316.39,A2,George Brown,Delayed,9,No,Passed,14
TXN100946,08-02-2025,Manchester Storage,Birmingham,Electronics,Smartphone,Tesco Supply Ltd,BATCH-4340,Outbound,506,89,26,8,1024.03,1584.19,B2,Emily Harris,Delayed,7,No,Passed,7
TXN100947,08-07-2025,Birmingham Distribution,Leeds,Fashion,Sneakers,Sainsbury Logistics,BATCH-3021,Inbound,763,622,24,17,62.47,92.95,C2,Jack Taylor,On Time,3,No,Failed,25
TXN100948,23-06-2025,Liverpool Logistics,Manchester,Pharma,Paracetamol,ASDA Distribution,BATCH-3292,Inbound,82,63,27,8,370.08,502.27,B1,Emily Harris,Delayed,8,No,Passed,24
TXN100949,05-05-2025,Birmingham Distribution,Newcastle,Home Appliances,Air Fryer,Sainsbury Logistics,BATCH-1503,Inbound,748,655,5,14,528.87,868.13,D1,George Brown,Slightly Delayed,4,Yes,Passed,15
TXN100950,28-02-2026,Glasgow Warehouse,Liverpool,Pharma,Paracetamol,Tesco Supply Ltd,BATCH-7334,Inbound,720,575,3,2,730.05,1000.84,C2,George Brown,Slightly Delayed,4,No,Passed,19
TXN100951,21-09-2025,Bristol Supply Hub,Newcastle,Grocery,Coffee,Prime Wholesale UK,BATCH-9276,Outbound,918,255,19,0,47.74,83.29,A2,Amelia Clark,On Time,2,No,Passed,5
TXN100952,24-02-2026,Glasgow Warehouse,Manchester,Pharma,Cough Syrup,Prime Wholesale UK,BATCH-4562,Outbound,310,204,16,8,515.86,865.66,A2,Oliver Smith,Slightly Delayed,4,No,Passed,7
TXN100953,12-01-2026,Bristol Supply Hub,Birmingham,Home Appliances,Mixer,Tesco Supply Ltd,BATCH-6014,Outbound,200,157,29,16,617.43,789.58,D2,George Brown,Delayed,9,No,Passed,3
TXN100954,04-10-2025,Bristol Supply Hub,Leeds,Pharma,Bandages,Sainsbury Logistics,BATCH-5387,Inbound,747,160,16,12,282.9,471.64,B2,Noah Wilson,Delayed,10,No,Passed,5
TXN100955,16-01-2025,Birmingham Distribution,Liverpool,Home Appliances,Vacuum Cleaner,Sainsbury Logistics,BATCH-9471,Inbound,293,72,9,3,1182.47,1846.63,B2,George Brown,Delayed,8,Yes,Passed,3
TXN100956,17-07-2025,Bristol Supply Hub,Manchester,Electronics,Laptop,Tesco Supply Ltd,BATCH-1488,Outbound,65,31,14,5,1067.31,1186.2,D1,Harry Johnson,Delayed,9,Yes,Passed,17
TXN100957,05-04-2026,Glasgow Warehouse,Liverpool,Electronics,Smartphone,ASDA Distribution,BATCH-9361,Inbound,243,115,24,2,350.07,609.85,D2,Jack Taylor,Slightly Delayed,4,No,Passed,25
TXN100958,18-01-2025,London Central Hub,Newcastle,Home Appliances,Vacuum Cleaner,Northern Supply Chain,BATCH-3988,Inbound,249,100,19,13,1040.29,1573.01,C2,Jack Taylor,On Time,2,No,Passed,23
TXN100959,10-08-2025,Bristol Supply Hub,Bristol,Home Appliances,Air Fryer,Britannia Pharma,BATCH-2507,Inbound,498,447,4,10,28.36,44.87,A1,Amelia Clark,Delayed,7,No,Failed,9
TXN100960,24-07-2025,Leeds Fulfillment,Newcastle,Electronics,Laptop,Tesco Supply Ltd,BATCH-9565,Inbound,770,250,18,0,970.28,1435.2,C2,Noah Wilson,On Time,2,No,Passed,13
TXN100961,27-07-2025,Newcastle Depot,London,Home Appliances,Vacuum Cleaner,UK Retail Goods,BATCH-9846,Outbound,351,303,9,12,643.48,963.44,A2,Emily Harris,Delayed,10,No,Passed,25
TXN100962,19-10-2025,Bristol Supply Hub,London,Home Appliances,Mixer,UK Retail Goods,BATCH-3072,Inbound,422,35,23,18,517.36,700.56,A2,George Brown,On Time,2,No,Passed,22
TXN100963,08-01-2025,Manchester Storage,London,Pharma,Bandages,London Trade Corp,BATCH-3280,Inbound,919,666,33,18,673.09,1151.57,D2,Charlie Davies,Delayed,7,No,Passed,16
TXN100964,07-09-2025,Birmingham Distribution,Manchester,Pharma,Paracetamol,ASDA Distribution,BATCH-9877,Inbound,521,269,29,9,848.75,1332.26,C1,Harry Johnson,On Time,3,No,Passed,4
TXN100965,08-02-2025,Leeds Fulfillment,Glasgow,Fashion,Sneakers,Britannia Pharma,BATCH-3160,Inbound,231,61,9,19,1131.92,1509.97,C2,Jack Taylor,Delayed,10,No,Passed,15
TXN100966,09-03-2026,Newcastle Depot,London,Electronics,Smartphone,Tesco Supply Ltd,BATCH-1815,Inbound,495,419,32,4,8.45,12.71,D1,Noah Wilson,On Time,3,No,Failed,13
TXN100967,15-09-2025,Glasgow Warehouse,Leeds,Pharma,Paracetamol,Tesco Supply Ltd,BATCH-1957,Inbound,520,107,13,4,337.74,575.9,D2,George Brown,On Time,3,Yes,Passed,22
TXN100968,19-04-2026,Glasgow Warehouse,London,Pharma,Bandages,Prime Wholesale UK,BATCH-2079,Inbound,296,66,8,13,91.62,161.17,C2,Oliver Smith,Delayed,9,Yes,Failed,3
TXN100969,06-04-2025,London Central Hub,Glasgow,Home Appliances,Microwave,UK Retail Goods,BATCH-8218,Inbound,51,31,29,3,1177.36,1836.51,B1,Noah Wilson,Slightly Delayed,6,Yes,Passed,1
TXN100970,12-05-2025,Manchester Storage,Leeds,Fashion,Jacket,London Trade Corp,BATCH-5801,Inbound,879,460,37,10,818.18,902.63,B1,Emily Harris,Delayed,8,No,Failed,18
TXN100971,28-01-2026,Manchester Storage,Birmingham,Home Appliances,Vacuum Cleaner,Prime Wholesale UK,BATCH-4312,Outbound,935,898,26,11,162.15,207.55,A2,Noah Wilson,Delayed,8,Yes,Passed,1
TXN100972,05-02-2025,Leeds Fulfillment,Liverpool,Pharma,Cough Syrup,London Trade Corp,BATCH-8173,Outbound,96,39,22,17,798.47,1103.72,B2,Charlie Davies,On Time,3,Yes,Passed,13
TXN100973,10-04-2025,Liverpool Logistics,Leeds,Home Appliances,Mixer,Britannia Pharma,BATCH-9879,Inbound,465,461,17,17,525.33,851.94,C1,George Brown,Delayed,8,No,Passed,25
TXN100974,19-06-2025,Newcastle Depot,Newcastle,Grocery,Tea Bags,Britannia Pharma,BATCH-1821,Outbound,993,836,40,9,490.04,586.35,C2,Emily Harris,On Time,1,No,Passed,11
TXN100975,18-01-2025,Glasgow Warehouse,Glasgow,Electronics,Smartphone,ASDA Distribution,BATCH-1696,Outbound,456,101,13,18,223.41,374.72,C1,Oliver Smith,Delayed,10,Yes,Passed,7
TXN100976,14-03-2025,Leeds Fulfillment,Newcastle,Electronics,Laptop,Northern Supply Chain,BATCH-1884,Inbound,152,138,32,12,118.23,211.68,B1,Oliver Smith,On Time,1,No,Passed,22
TXN100977,01-01-2025,Birmingham Distribution,Birmingham,Home Appliances,Microwave,Prime Wholesale UK,BATCH-6140,Outbound,991,259,20,8,839.87,972.75,A1,Oliver Smith,On Time,3,Yes,Failed,13
TXN100978,10-05-2026,Leeds Fulfillment,Newcastle,Electronics,Laptop,London Trade Corp,BATCH-1524,Outbound,377,76,21,6,1036.07,1814.52,C1,Oliver Smith,Slightly Delayed,6,No,Passed,3
TXN100979,12-12-2025,London Central Hub,Liverpool,Fashion,Jeans,ASDA Distribution,BATCH-1788,Inbound,914,152,29,19,663.14,1161.51,D1,Jack Taylor,Delayed,10,Yes,Passed,9
TXN100980,26-03-2026,London Central Hub,Leeds,Electronics,Tablet,ASDA Distribution,BATCH-2179,Outbound,756,612,7,0,336.53,399.88,A2,Noah Wilson,On Time,1,No,Passed,19
TXN100981,17-03-2025,Bristol Supply Hub,Manchester,Home Appliances,Vacuum Cleaner,Tesco Supply Ltd,BATCH-1971,Outbound,608,387,22,7,1091.62,1725.0,D2,Oliver Smith,Slightly Delayed,6,Yes,Passed,12
TXN100982,02-09-2025,Liverpool Logistics,Newcastle,Home Appliances,Air Fryer,Britannia Pharma,BATCH-3053,Inbound,985,950,35,1,93.06,127.57,B2,Jack Taylor,Delayed,8,No,Passed,18
TXN100983,21-06-2025,Liverpool Logistics,Birmingham,Pharma,Vitamin Tablets,London Trade Corp,BATCH-1181,Inbound,71,20,25,15,552.88,901.82,D2,Noah Wilson,On Time,3,No,Passed,10
TXN100984,26-10-2025,Birmingham Distribution,Birmingham,Pharma,Vitamin Tablets,UK Retail Goods,BATCH-4626,Outbound,970,420,11,9,131.39,193.94,C2,Harry Johnson,On Time,3,Yes,Passed,0
TXN100985,12-10-2025,Leeds Fulfillment,Liverpool,Electronics,Keyboard,Tesco Supply Ltd,BATCH-3481,Inbound,90,73,2,11,296.92,459.05,A2,Amelia Clark,Delayed,9,No,Failed,14
TXN100986,21-06-2025,Newcastle Depot,Glasgow,Grocery,Cooking Oil,Sainsbury Logistics,BATCH-2437,Inbound,681,26,18,10,1149.44,2007.46,D1,Jack Taylor,Delayed,8,Yes,Passed,12
TXN100987,23-08-2025,Birmingham Distribution,Manchester,Electronics,Tablet,Britannia Pharma,BATCH-8568,Outbound,913,266,26,5,957.82,1646.8,A1,George Brown,On Time,3,Yes,Passed,14
TXN100988,07-04-2025,Birmingham Distribution,Manchester,Electronics,Laptop,Sainsbury Logistics,BATCH-2106,Outbound,870,372,10,7,857.86,1274.36,A2,Emily Harris,On Time,3,Yes,Passed,21
TXN100989,09-10-2025,Glasgow Warehouse,Newcastle,Pharma,Paracetamol,Prime Wholesale UK,BATCH-3743,Inbound,494,74,7,16,526.65,776.74,D1,Oliver Smith,Slightly Delayed,6,Yes,Passed,24
TXN100990,18-09-2025,Newcastle Depot,Birmingham,Pharma,Vitamin Tablets,Britannia Pharma,BATCH-6434,Outbound,540,241,4,17,1175.01,1793.14,A1,Harry Johnson,On Time,3,Yes,Failed,5
TXN100991,17-11-2025,Liverpool Logistics,Birmingham,Fashion,Jeans,Sainsbury Logistics,BATCH-1969,Outbound,51,23,11,17,260.43,340.17,A2,Jack Taylor,On Time,3,No,Failed,15
TXN100992,23-10-2025,Liverpool Logistics,London,Pharma,Vitamin Tablets,Sainsbury Logistics,BATCH-1213,Inbound,798,154,33,3,83.92,149.53,A1,Noah Wilson,Slightly Delayed,6,Yes,Passed,8
TXN100993,23-12-2025,Liverpool Logistics,Glasgow,Grocery,Cooking Oil,UK Retail Goods,BATCH-1678,Inbound,922,154,8,14,600.14,1017.44,A2,Amelia Clark,On Time,3,No,Failed,1
TXN100994,24-04-2026,Newcastle Depot,Newcastle,Fashion,Sneakers,London Trade Corp,BATCH-7518,Inbound,455,120,0,1,416.6,689.53,B2,George Brown,Slightly Delayed,4,Yes,Passed,21
TXN100995,21-01-2025,Birmingham Distribution,Liverpool,Electronics,Tablet,ASDA Distribution,BATCH-1477,Outbound,662,111,26,2,566.26,772.77,B2,Jack Taylor,Delayed,10,Yes,Failed,19
TXN100996,03-08-2025,London Central Hub,Glasgow,Fashion,T-Shirt,Northern Supply Chain,BATCH-7038,Outbound,216,58,36,2,962.74,1195.84,D1,Emily Harris,On Time,2,Yes,Passed,12
TXN100997,05-06-2025,Leeds Fulfillment,Leeds,Grocery,Tea Bags,Tesco Supply Ltd,BATCH-8224,Outbound,206,41,36,16,966.0,1307.42,D1,Noah Wilson,On Time,1,No,Passed,19
TXN100998,21-08-2025,Birmingham Distribution,Bristol,Grocery,Cooking Oil,Sainsbury Logistics,BATCH-8108,Inbound,631,446,22,0,366.25,557.86,A2,Jack Taylor,On Time,3,Yes,Passed,8
TXN100999,21-02-2025,London Central Hub,Newcastle,Grocery,Tea Bags,ASDA Distribution,BATCH-7677,Inbound,731,160,21,20,667.99,884.68,B2,Jack Taylor,On Time,3,Yes,Passed,21
TXN101000,04-01-2026,Leeds Fulfillment,Newcastle,Home Appliances,Air Fryer,Sainsbury Logistics,BATCH-6990,Inbound,319,132,12,17,409.91,519.6,C2,Noah Wilson,On Time,3,Yes,Failed,7
TXN101001,13-09-2025,Glasgow Warehouse,Leeds,Pharma,Vitamin Tablets,London Trade Corp,BATCH-8649,Outbound,884,55,15,2,99.03,166.78,C1,Emily Harris,Delayed,9,No,Passed,25
TXN101002,12-08-2025,Newcastle Depot,Leeds,Fashion,T-Shirt,Northern Supply Chain,BATCH-7335,Outbound,650,294,40,10,1136.65,1537.14,A2,Amelia Clark,Slightly Delayed,4,Yes,Passed,8
TXN101003,21-10-2025,Leeds Fulfillment,Manchester,Grocery,Rice Pack,London Trade Corp,BATCH-4037,Outbound,231,107,18,11,31.44,49.94,B1,Charlie Davies,On Time,1,No,Passed,18
TXN101004,22-03-2026,Birmingham Distribution,Liverpool,Fashion,T-Shirt,London Trade Corp,BATCH-2944,Outbound,359,248,11,3,1024.87,1299.2,B1,Amelia Clark,Delayed,8,Yes,Failed,9
TXN101005,23-02-2026,Glasgow Warehouse,Leeds,Electronics,Smartphone,UK Retail Goods,BATCH-1914,Outbound,716,577,37,6,301.14,520.39,D1,Noah Wilson,Delayed,7,No,Passed,7
TXN101006,14-03-2025,Manchester Storage,Glasgow,Electronics,Laptop,Prime Wholesale UK,BATCH-2513,Outbound,80,54,7,15,1128.48,1890.62,C2,George Brown,On Time,3,Yes,Failed,11
TXN101007,25-01-2025,Liverpool Logistics,Birmingham,Pharma,Vitamin Tablets,Tesco Supply Ltd,BATCH-9667,Outbound,493,475,32,14,315.42,533.34,C2,George Brown,Delayed,8,Yes,Passed,14
TXN101008,28-08-2025,Leeds Fulfillment,London,Fashion,T-Shirt,Tesco Supply Ltd,BATCH-6850,Inbound,185,167,27,12,819.95,1135.4,D2,Harry Johnson,Slightly Delayed,4,Yes,Passed,11
TXN101009,03-02-2025,Glasgow Warehouse,Newcastle,Pharma,Paracetamol,UK Retail Goods,BATCH-2964,Outbound,87,23,9,15,1028.32,1259.41,A1,Jack Taylor,On Time,3,Yes,Passed,18
TXN101010,11-04-2026,Manchester Storage,Liverpool,Electronics,Tablet,Northern Supply Chain,BATCH-6666,Outbound,831,427,33,20,834.48,1206.71,B1,Amelia Clark,On Time,3,Yes,Passed,23
TXN101011,07-03-2025,Glasgow Warehouse,Liverpool,Electronics,Keyboard,UK Retail Goods,BATCH-3430,Inbound,710,210,36,20,1027.85,1694.79,B1,Emily Harris,Slightly Delayed,6,Yes,Passed,22
TXN101012,20-12-2025,Liverpool Logistics,Glasgow,Home Appliances,Vacuum Cleaner,UK Retail Goods,BATCH-3116,Inbound,965,554,38,19,213.3,277.53,D1,Amelia Clark,Delayed,8,Yes,Passed,16
TXN101013,06-04-2025,Newcastle Depot,Manchester,Pharma,Paracetamol,Sainsbury Logistics,BATCH-4275,Outbound,530,223,5,1,663.72,943.4,A1,Harry Johnson,Delayed,9,Yes,Passed,15
TXN101014,24-04-2025,Birmingham Distribution,Manchester,Electronics,Tablet,Prime Wholesale UK,BATCH-8122,Outbound,455,71,22,20,1015.16,1701.95,C1,Amelia Clark,Delayed,9,No,Failed,6
TXN101015,20-12-2025,Birmingham Distribution,Birmingham,Pharma,Bandages,Tesco Supply Ltd,BATCH-2738,Outbound,821,288,8,4,255.74,454.94,C1,George Brown,Slightly Delayed,4,No,Failed,17
TXN101016,30-01-2025,Glasgow Warehouse,Liverpool,Home Appliances,Vacuum Cleaner,London Trade Corp,BATCH-1807,Outbound,784,700,40,5,218.47,386.88,B2,Emily Harris,Delayed,7,Yes,Passed,2
TXN101017,06-09-2025,Liverpool Logistics,Leeds,Electronics,Keyboard,ASDA Distribution,BATCH-6307,Inbound,106,54,25,15,334.56,561.85,A1,Harry Johnson,On Time,1,Yes,Passed,24
TXN101018,20-10-2025,Newcastle Depot,Glasgow,Fashion,Jeans,Northern Supply Chain,BATCH-2036,Outbound,460,358,3,16,942.53,1474.85,C1,Emily Harris,Slightly Delayed,4,Yes,Passed,11
TXN101019,16-05-2026,Manchester Storage,Manchester,Pharma,Cough Syrup,London Trade Corp,BATCH-6405,Outbound,632,94,11,20,793.33,1077.18,C1,Oliver Smith,Delayed,7,Yes,Passed,18
TXN101020,31-01-2025,London Central Hub,Birmingham,Fashion,Handbag,Tesco Supply Ltd,BATCH-5155,Inbound,266,171,20,14,658.81,889.67,D1,George Brown,On Time,3,Yes,Passed,2
TXN101021,05-05-2025,Bristol Supply Hub,Bristol,Home Appliances,Air Fryer,Prime Wholesale UK,BATCH-9715,Outbound,148,54,5,4,372.44,654.96,D1,Oliver Smith,Delayed,10,No,Passed,6
TXN101022,09-03-2025,Bristol Supply Hub,London,Electronics,Tablet,Prime Wholesale UK,BATCH-6556,Outbound,486,271,30,7,100.48,152.87,D1,Charlie Davies,On Time,3,Yes,Passed,20
TXN101023,18-06-2025,London Central Hub,Glasgow,Grocery,Cereal,Sainsbury Logistics,BATCH-4820,Inbound,971,957,19,6,142.77,166.21,B1,Oliver Smith,Delayed,7,Yes,Passed,3
TXN101024,16-10-2025,Leeds Fulfillment,Newcastle,Home Appliances,Mixer,Tesco Supply Ltd,BATCH-1818,Inbound,410,32,22,15,970.03,1251.92,B1,Amelia Clark,Slightly Delayed,5,No,Passed,12
TXN101025,18-04-2026,Manchester Storage,Bristol,Pharma,Cough Syrup,UK Retail Goods,BATCH-7318,Outbound,607,465,31,12,360.8,509.98,D1,Oliver Smith,Delayed,8,No,Passed,10
TXN101026,29-10-2025,Leeds Fulfillment,Bristol,Electronics,Laptop,Sainsbury Logistics,BATCH-8608,Outbound,466,145,22,10,840.34,1201.0,A2,Harry Johnson,On Time,1,No,Passed,4
TXN101027,02-04-2025,Manchester Storage,Birmingham,Home Appliances,Air Fryer,Sainsbury Logistics,BATCH-8580,Outbound,278,184,13,1,835.19,1265.73,B2,Amelia Clark,On Time,1,No,Passed,7
TXN101028,10-11-2025,Leeds Fulfillment,Bristol,Electronics,Smartphone,Northern Supply Chain,BATCH-5063,Outbound,678,316,33,19,1020.68,1723.26,C2,Jack Taylor,Slightly Delayed,6,No,Passed,23
TXN101029,29-10-2025,Liverpool Logistics,Leeds,Grocery,Coffee,Britannia Pharma,BATCH-8387,Outbound,776,283,4,9,736.32,1013.81,B2,Jack Taylor,Delayed,10,No,Passed,8
TXN101030,14-09-2025,Newcastle Depot,Liverpool,Electronics,Keyboard,Britannia Pharma,BATCH-2634,Inbound,827,712,35,5,179.59,203.55,B1,Harry Johnson,Slightly Delayed,6,Yes,Passed,24
TXN101031,17-06-2025,Glasgow Warehouse,Liverpool,Home Appliances,Air Fryer,Britannia Pharma,BATCH-7763,Outbound,182,35,11,3,1033.2,1687.4,C2,Emily Harris,Delayed,8,Yes,Passed,24
TXN101032,15-07-2025,Birmingham Distribution,Liverpool,Grocery,Rice Pack,Tesco Supply Ltd,BATCH-1448,Inbound,300,25,2,9,337.37,473.33,C2,Harry Johnson,Slightly Delayed,5,Yes,Failed,24
TXN101033,20-07-2025,Glasgow Warehouse,Newcastle,Electronics,Tablet,Tesco Supply Ltd,BATCH-8049,Inbound,801,492,21,12,1037.86,1525.79,B2,Harry Johnson,Delayed,10,No,Passed,22
TXN101034,24-04-2026,Glasgow Warehouse,London,Pharma,Cough Syrup,UK Retail Goods,BATCH-5859,Inbound,243,86,20,12,468.52,543.13,B2,Amelia Clark,Slightly Delayed,4,Yes,Passed,21
TXN101035,17-04-2025,London Central Hub,Leeds,Grocery,Rice Pack,UK Retail Goods,BATCH-8385,Outbound,928,274,12,9,551.74,677.63,D1,Oliver Smith,Delayed,7,Yes,Passed,17
TXN101036,28-11-2025,Newcastle Depot,Newcastle,Pharma,Vitamin Tablets,Britannia Pharma,BATCH-2055,Outbound,632,307,24,18,1151.32,1389.75,C1,Noah Wilson,On Time,2,Yes,Passed,9
TXN101037,25-03-2025,Leeds Fulfillment,Bristol,Grocery,Coffee,Northern Supply Chain,BATCH-6543,Inbound,109,39,14,17,953.76,1606.42,D2,Charlie Davies,On Time,1,Yes,Passed,6
TXN101038,25-07-2025,Manchester Storage,Liverpool,Grocery,Cooking Oil,UK Retail Goods,BATCH-1163,Inbound,582,176,39,7,16.14,17.94,A1,Noah Wilson,Slightly Delayed,6,Yes,Passed,8
TXN101039,13-08-2025,Birmingham Distribution,Newcastle,Fashion,T-Shirt,London Trade Corp,BATCH-6164,Inbound,501,54,7,13,941.06,1275.74,A1,George Brown,On Time,1,No,Failed,20
TXN101040,22-02-2026,Liverpool Logistics,London,Pharma,Vitamin Tablets,UK Retail Goods,BATCH-5437,Inbound,107,30,11,7,882.99,1315.03,A1,George Brown,Slightly Delayed,5,No,Passed,14
TXN101041,05-12-2025,Leeds Fulfillment,London,Electronics,Keyboard,London Trade Corp,BATCH-1958,Outbound,878,779,1,2,547.79,665.09,D1,Jack Taylor,On Time,3,No,Passed,23
TXN101042,07-02-2026,Birmingham Distribution,Leeds,Electronics,Monitor,Tesco Supply Ltd,BATCH-7329,Outbound,707,671,31,10,990.68,1376.79,B2,Emily Harris,Delayed,10,Yes,Passed,25
TXN101043,05-02-2026,Bristol Supply Hub,Bristol,Fashion,Jeans,Britannia Pharma,BATCH-5173,Inbound,397,278,4,5,190.88,289.98,B2,Emily Harris,Delayed,10,Yes,Passed,20
TXN101044,03-03-2025,London Central Hub,Liverpool,Grocery,Tea Bags,London Trade Corp,BATCH-7814,Inbound,637,98,11,3,160.34,186.02,A2,Emily Harris,On Time,1,Yes,Passed,15
TXN101045,13-11-2025,Glasgow Warehouse,Birmingham,Pharma,Paracetamol,London Trade Corp,BATCH-2792,Outbound,867,664,14,19,185.51,217.51,A2,George Brown,Delayed,10,Yes,Passed,4
TXN101046,04-07-2025,Birmingham Distribution,Birmingham,Fashion,T-Shirt,ASDA Distribution,BATCH-7155,Inbound,816,280,15,7,671.28,823.83,D1,Charlie Davies,On Time,1,No,Failed,18
TXN101047,31-05-2025,London Central Hub,Leeds,Fashion,Jeans,Prime Wholesale UK,BATCH-9332,Outbound,980,219,0,17,980.66,1217.64,A1,Jack Taylor,Slightly Delayed,5,No,Passed,0
TXN101048,10-11-2025,Glasgow Warehouse,Liverpool,Grocery,Rice Pack,Prime Wholesale UK,BATCH-9140,Outbound,930,403,39,12,920.32,1453.23,B1,Amelia Clark,On Time,2,No,Passed,20
TXN101049,31-08-2025,Birmingham Distribution,Birmingham,Grocery,Cooking Oil,London Trade Corp,BATCH-3516,Inbound,948,632,20,13,283.64,348.73,D1,Harry Johnson,Delayed,8,No,Passed,11
TXN101050,19-03-2025,Manchester Storage,Manchester,Home Appliances,Mixer,London Trade Corp,BATCH-7725,Inbound,195,174,8,0,786.67,1180.71,A1,George Brown,On Time,3,No,Passed,10
TXN101051,30-03-2025,Leeds Fulfillment,Birmingham,Home Appliances,Air Fryer,Tesco Supply Ltd,BATCH-8069,Outbound,288,243,15,14,803.71,1341.11,A2,Charlie Davies,Delayed,7,No,Passed,19
TXN101052,25-04-2025,London Central Hub,London,Home Appliances,Mixer,Britannia Pharma,BATCH-9756,Inbound,711,704,35,10,121.03,150.48,B1,Harry Johnson,On Time,2,Yes,Passed,5
TXN101053,31-12-2025,Birmingham Distribution,Bristol,Grocery,Rice Pack,Northern Supply Chain,BATCH-9778,Outbound,898,197,4,11,900.27,1312.55,D1,Jack Taylor,On Time,2,Yes,Passed,3
TXN101054,20-01-2026,London Central Hub,London,Home Appliances,Mixer,Northern Supply Chain,BATCH-3910,Outbound,593,354,16,17,646.99,888.07,D2,Emily Harris,Slightly Delayed,5,Yes,Passed,10
TXN101055,19-01-2026,Manchester Storage,Bristol,Home Appliances,Microwave,Sainsbury Logistics,BATCH-4566,Outbound,844,774,24,20,485.06,854.68,B1,Harry Johnson,Delayed,7,Yes,Passed,22
TXN101056,26-05-2025,Leeds Fulfillment,Liverpool,Fashion,Jeans,ASDA Distribution,BATCH-5610,Outbound,233,39,12,5,25.44,40.27,A2,Harry Johnson,On Time,1,No,Passed,19
TXN101057,22-10-2025,Manchester Storage,Birmingham,Fashion,Jeans,UK Retail Goods,BATCH-2816,Inbound,895,798,26,18,733.25,1307.92,A1,Noah Wilson,Slightly Delayed,5,No,Passed,13
TXN101058,18-01-2026,Glasgow Warehouse,Liverpool,Fashion,Jacket,Northern Supply Chain,BATCH-4089,Inbound,805,724,10,0,79.55,106.87,A1,Charlie Davies,Slightly Delayed,4,Yes,Passed,10
TXN101059,19-12-2025,Bristol Supply Hub,Birmingham,Grocery,Coffee,Tesco Supply Ltd,BATCH-1977,Outbound,300,291,15,17,853.19,1497.11,D1,Amelia Clark,Delayed,9,Yes,Passed,14
TXN101060,09-11-2025,Liverpool Logistics,Liverpool,Fashion,Jeans,Prime Wholesale UK,BATCH-7676,Inbound,928,252,11,17,1191.57,1483.23,C2,Harry Johnson,Delayed,9,No,Failed,5
TXN101061,14-05-2026,Birmingham Distribution,Birmingham,Fashion,T-Shirt,UK Retail Goods,BATCH-4696,Inbound,157,83,27,17,369.12,606.79,A2,Noah Wilson,On Time,1,No,Passed,5
TXN101062,27-07-2025,Newcastle Depot,Newcastle,Fashion,Handbag,Northern Supply Chain,BATCH-2556,Inbound,795,84,33,15,393.81,691.74,D1,Charlie Davies,On Time,1,Yes,Failed,0
TXN101063,07-11-2025,Bristol Supply Hub,Manchester,Home Appliances,Mixer,Prime Wholesale UK,BATCH-9243,Inbound,926,689,17,7,925.54,1420.54,C2,Amelia Clark,Delayed,8,Yes,Passed,17
TXN101064,26-12-2025,Glasgow Warehouse,Bristol,Pharma,Cough Syrup,Northern Supply Chain,BATCH-3798,Outbound,726,529,11,0,1188.86,1991.74,A2,George Brown,On Time,3,No,Passed,14
TXN101065,25-04-2025,Bristol Supply Hub,London,Grocery,Coffee,Prime Wholesale UK,BATCH-5880,Inbound,681,539,37,18,1069.88,1298.57,A1,Emily Harris,Slightly Delayed,6,No,Passed,20
TXN101066,27-01-2026,Bristol Supply Hub,Newcastle,Fashion,Jeans,Tesco Supply Ltd,BATCH-1063,Outbound,833,652,26,13,710.37,1277.18,C1,Emily Harris,On Time,2,No,Passed,17
TXN101067,10-03-2026,Bristol Supply Hub,Newcastle,Pharma,Cough Syrup,UK Retail Goods,BATCH-5734,Outbound,465,161,4,16,236.28,360.51,C2,Noah Wilson,Delayed,9,No,Passed,23
TXN101068,10-02-2026,Bristol Supply Hub,London,Home Appliances,Mixer,London Trade Corp,BATCH-3800,Inbound,439,169,37,17,38.41,50.05,A1,George Brown,On Time,1,No,Passed,4
TXN101069,02-04-2025,Leeds Fulfillment,Glasgow,Fashion,Jacket,ASDA Distribution,BATCH-4628,Inbound,456,224,18,17,724.19,827.64,B2,Oliver Smith,Delayed,9,No,Passed,15
TXN101070,11-10-2025,Liverpool Logistics,London,Pharma,Vitamin Tablets,Sainsbury Logistics,BATCH-8324,Outbound,683,629,30,8,1000.92,1621.95,A1,Oliver Smith,On Time,2,Yes,Passed,6
TXN101071,02-07-2025,London Central Hub,Glasgow,Electronics,Smartphone,Northern Supply Chain,BATCH-5796,Inbound,787,419,25,3,712.65,1217.64,C1,Noah Wilson,Delayed,10,No,Passed,17
TXN101072,01-12-2025,Newcastle Depot,Birmingham,Pharma,Bandages,Northern Supply Chain,BATCH-1572,Inbound,509,311,3,16,914.6,1591.21,A2,Noah Wilson,On Time,1,No,Passed,11
TXN101073,01-11-2025,Bristol Supply Hub,Newcastle,Electronics,Laptop,Britannia Pharma,BATCH-6618,Outbound,286,158,18,9,1139.88,1454.99,D1,Charlie Davies,Delayed,10,Yes,Failed,9
TXN101074,23-03-2026,Glasgow Warehouse,Bristol,Electronics,Monitor,Sainsbury Logistics,BATCH-4018,Inbound,195,52,7,10,1092.64,1669.44,A2,Oliver Smith,Delayed,7,No,Passed,7
TXN101075,05-06-2025,Glasgow Warehouse,Glasgow,Grocery,Coffee,UK Retail Goods,BATCH-8161,Outbound,500,426,1,8,601.19,863.48,B1,Harry Johnson,Delayed,7,Yes,Passed,17
TXN101076,22-02-2025,London Central Hub,London,Grocery,Coffee,UK Retail Goods,BATCH-7461,Inbound,56,51,5,4,348.53,561.15,B1,Harry Johnson,Slightly Delayed,4,Yes,Passed,22
TXN101077,06-08-2025,Liverpool Logistics,Glasgow,Fashion,Jeans,London Trade Corp,BATCH-6263,Outbound,995,817,40,4,761.8,1085.05,B1,George Brown,On Time,3,No,Passed,5
TXN101078,08-07-2025,Newcastle Depot,Manchester,Pharma,Vitamin Tablets,Tesco Supply Ltd,BATCH-6504,Inbound,779,340,6,12,143.21,207.89,A1,Charlie Davies,Delayed,8,No,Passed,19
TXN101079,02-07-2025,Leeds Fulfillment,Newcastle,Electronics,Smartphone,Britannia Pharma,BATCH-2837,Outbound,508,252,19,8,568.58,929.79,A2,Charlie Davies,Slightly Delayed,4,No,Passed,22
TXN101080,19-09-2025,Liverpool Logistics,Liverpool,Home Appliances,Air Fryer,ASDA Distribution,BATCH-9681,Inbound,254,86,18,19,247.79,330.39,D1,Harry Johnson,Delayed,8,Yes,Passed,22
TXN101081,20-09-2025,Birmingham Distribution,Manchester,Grocery,Cooking Oil,London Trade Corp,BATCH-3852,Outbound,895,679,33,19,1176.58,1646.02,D2,Noah Wilson,On Time,1,Yes,Passed,9
TXN101082,29-07-2025,Liverpool Logistics,Glasgow,Home Appliances,Air Fryer,UK Retail Goods,BATCH-8907,Inbound,238,100,4,10,221.94,313.29,A2,Harry Johnson,Slightly Delayed,5,No,Passed,13
TXN101083,23-04-2026,Bristol Supply Hub,Manchester,Fashion,Jeans,Britannia Pharma,BATCH-4677,Inbound,349,162,24,15,109.71,157.48,D1,George Brown,Delayed,7,No,Passed,12
TXN101084,20-12-2025,London Central Hub,Glasgow,Fashion,Sneakers,Prime Wholesale UK,BATCH-4733,Inbound,977,369,3,19,707.11,1067.8,B2,Charlie Davies,On Time,1,Yes,Passed,3
TXN101085,19-07-2025,Leeds Fulfillment,Newcastle,Electronics,Keyboard,London Trade Corp,BATCH-8176,Inbound,658,439,33,9,1086.0,1323.99,C2,Emily Harris,Slightly Delayed,5,No,Passed,20
TXN101086,02-04-2025,Newcastle Depot,Newcastle,Home Appliances,Microwave,ASDA Distribution,BATCH-3255,Outbound,822,552,8,16,891.57,1506.58,B2,Emily Harris,On Time,1,Yes,Passed,14
TXN101087,20-02-2026,Leeds Fulfillment,Liverpool,Electronics,Smartphone,Northern Supply Chain,BATCH-9132,Inbound,818,614,33,9,1099.51,1411.64,D1,Harry Johnson,Slightly Delayed,6,Yes,Passed,5
TXN101088,01-02-2026,Liverpool Logistics,Newcastle,Grocery,Rice Pack,ASDA Distribution,BATCH-5507,Outbound,264,155,32,10,903.62,1530.95,A1,Oliver Smith,On Time,2,Yes,Passed,3
TXN101089,27-10-2025,Glasgow Warehouse,Manchester,Fashion,T-Shirt,London Trade Corp,BATCH-9267,Inbound,640,68,23,10,181.63,309.32,D2,Oliver Smith,Delayed,7,No,Passed,6
TXN101090,06-01-2025,Birmingham Distribution,Newcastle,Grocery,Tea Bags,Britannia Pharma,BATCH-3202,Outbound,70,67,7,3,692.93,1144.09,C2,Harry Johnson,On Time,2,Yes,Passed,23
TXN101091,03-01-2026,Leeds Fulfillment,Glasgow,Fashion,Jacket,Tesco Supply Ltd,BATCH-3222,Outbound,637,80,33,10,992.49,1645.87,B2,Emily Harris,Delayed,9,Yes,Passed,12
TXN101092,10-02-2025,Glasgow Warehouse,Bristol,Electronics,Smartphone,UK Retail Goods,BATCH-4424,Outbound,763,563,31,6,458.04,632.75,B2,Oliver Smith,Delayed,8,Yes,Passed,20
TXN101093,07-12-2025,Glasgow Warehouse,Bristol,Pharma,Cough Syrup,Northern Supply Chain,BATCH-4922,Outbound,944,789,27,2,443.23,784.05,B1,Charlie Davies,Delayed,8,No,Passed,25
TXN101094,06-03-2026,Liverpool Logistics,Newcastle,Electronics,Laptop,Prime Wholesale UK,BATCH-3977,Outbound,438,168,15,12,1148.04,1755.83,A1,George Brown,On Time,3,No,Passed,24
TXN101095,12-05-2025,Bristol Supply Hub,Manchester,Fashion,T-Shirt,Tesco Supply Ltd,BATCH-2717,Outbound,54,41,15,9,216.62,250.75,C2,Noah Wilson,Slightly Delayed,5,No,Passed,17
TXN101096,07-10-2025,Newcastle Depot,Liverpool,Pharma,Bandages,Tesco Supply Ltd,BATCH-5326,Inbound,898,291,2,11,1156.18,1302.13,D2,Amelia Clark,Delayed,9,Yes,Passed,13
TXN101097,28-09-2025,Liverpool Logistics,Glasgow,Grocery,Cereal,UK Retail Goods,BATCH-1354,Outbound,943,124,16,20,314.7,405.78,A1,Amelia Clark,On Time,2,No,Passed,12
TXN101098,18-09-2025,Leeds Fulfillment,Glasgow,Pharma,Paracetamol,London Trade Corp,BATCH-2833,Inbound,633,197,11,16,646.21,1099.03,C2,Emily Harris,Delayed,10,Yes,Passed,15
TXN101099,03-03-2025,Bristol Supply Hub,Leeds,Electronics,Monitor,Tesco Supply Ltd,BATCH-4327,Outbound,322,120,1,20,1161.56,1933.1,B2,Harry Johnson,Delayed,9,No,Passed,6
TXN101100,26-05-2025,Newcastle Depot,London,Home Appliances,Air Fryer,Britannia Pharma,BATCH-2544,Inbound,503,353,22,16,270.82,342.27,A1,Oliver Smith,Delayed,7,Yes,Passed,11
TXN101101,28-06-2025,Birmingham Distribution,London,Grocery,Cereal,Britannia Pharma,BATCH-2111,Inbound,895,672,26,0,227.62,270.73,B2,Harry Johnson,On Time,3,Yes,Passed,23
TXN101102,29-12-2025,Leeds Fulfillment,Manchester,Pharma,Bandages,UK Retail Goods,BATCH-3614,Outbound,522,88,0,8,910.76,1044.09,C2,Noah Wilson,On Time,1,Yes,Passed,1
TXN101103,20-01-2026,Newcastle Depot,London,Home Appliances,Air Fryer,Prime Wholesale UK,BATCH-3474,Outbound,781,650,19,3,1145.93,2001.39,C1,Amelia Clark,On Time,3,Yes,Passed,5
TXN101104,30-03-2025,Manchester Storage,London,Grocery,Coffee,Tesco Supply Ltd,BATCH-4152,Outbound,130,83,19,4,226.7,251.59,D1,Amelia Clark,Slightly Delayed,4,Yes,Passed,22
TXN101105,29-01-2025,Birmingham Distribution,London,Fashion,Jeans,Tesco Supply Ltd,BATCH-6492,Inbound,101,80,0,4,657.66,929.97,D1,Amelia Clark,On Time,3,Yes,Failed,2
TXN101106,06-11-2025,London Central Hub,Manchester,Home Appliances,Microwave,Prime Wholesale UK,BATCH-4987,Inbound,251,124,34,18,42.26,56.51,C2,Oliver Smith,Delayed,8,Yes,Passed,25
TXN101107,29-03-2025,Manchester Storage,Liverpool,Fashion,Jeans,Northern Supply Chain,BATCH-1675,Outbound,680,492,5,6,904.4,1016.75,A2,Amelia Clark,Delayed,8,No,Passed,4
TXN101108,16-01-2026,Manchester Storage,Newcastle,Grocery,Rice Pack,ASDA Distribution,BATCH-3739,Inbound,75,71,16,10,1044.82,1668.54,D2,Oliver Smith,Slightly Delayed,5,No,Passed,8
TXN101109,05-04-2025,Manchester Storage,Bristol,Pharma,Vitamin Tablets,Tesco Supply Ltd,BATCH-3360,Outbound,466,47,9,7,912.69,1191.24,B1,Noah Wilson,On Time,3,No,Passed,24
TXN101110,13-02-2026,Birmingham Distribution,Bristol,Electronics,Tablet,Tesco Supply Ltd,BATCH-4411,Inbound,800,700,1,18,329.56,533.67,D1,Charlie Davies,Delayed,8,No,Passed,3
TXN101111,13-01-2025,Birmingham Distribution,Leeds,Grocery,Cooking Oil,London Trade Corp,BATCH-6883,Outbound,531,438,5,20,561.41,939.15,A2,Amelia Clark,Delayed,9,Yes,Failed,4
TXN101112,17-02-2026,Bristol Supply Hub,Leeds,Electronics,Laptop,Northern Supply Chain,BATCH-5182,Outbound,638,133,20,17,699.82,1182.08,D1,Amelia Clark,On Time,3,Yes,Passed,6
TXN101113,19-09-2025,Newcastle Depot,Manchester,Fashion,T-Shirt,ASDA Distribution,BATCH-1532,Outbound,110,21,32,16,326.73,463.74,C1,George Brown,On Time,1,Yes,Passed,13
TXN101114,21-07-2025,Birmingham Distribution,Liverpool,Pharma,Paracetamol,London Trade Corp,BATCH-4775,Outbound,101,71,36,16,1120.28,1834.99,C1,Amelia Clark,Slightly Delayed,4,No,Passed,14
TXN101115,10-08-2025,London Central Hub,Birmingham,Electronics,Keyboard,ASDA Distribution,BATCH-3727,Inbound,211,50,14,18,1158.73,1607.34,D2,George Brown,Slightly Delayed,5,Yes,Passed,11
TXN101116,12-07-2025,Leeds Fulfillment,Bristol,Pharma,Paracetamol,Prime Wholesale UK,BATCH-4920,Inbound,949,233,13,0,77.85,86.63,A1,Oliver Smith,Delayed,9,Yes,Passed,3
TXN101117,16-07-2025,Birmingham Distribution,Liverpool,Pharma,Paracetamol,Sainsbury Logistics,BATCH-9101,Inbound,465,428,0,0,697.68,1185.44,D2,Emily Harris,On Time,2,Yes,Passed,12
TXN101118,28-04-2026,Bristol Supply Hub,Newcastle,Electronics,Keyboard,Britannia Pharma,BATCH-7365,Inbound,864,770,21,9,654.28,1105.64,A1,Oliver Smith,On Time,2,Yes,Failed,19
TXN101119,03-05-2026,Manchester Storage,Manchester,Home Appliances,Microwave,London Trade Corp,BATCH-2514,Outbound,750,244,15,13,146.9,171.54,C1,Charlie Davies,Slightly Delayed,4,Yes,Passed,24
TXN101120,05-02-2025,Glasgow Warehouse,Liverpool,Home Appliances,Microwave,Britannia Pharma,BATCH-7764,Outbound,203,24,12,20,315.43,534.18,A1,Emily Harris,On Time,1,No,Passed,12
TXN101121,18-02-2025,Birmingham Distribution,Leeds,Home Appliances,Microwave,Tesco Supply Ltd,BATCH-3281,Inbound,340,317,17,12,521.17,627.38,B1,George Brown,On Time,1,Yes,Passed,16
TXN101122,18-01-2025,Manchester Storage,Newcastle,Fashion,Handbag,Britannia Pharma,BATCH-6320,Inbound,994,805,18,0,183.4,316.09,D2,Noah Wilson,On Time,3,No,Passed,20
TXN101123,14-02-2025,Manchester Storage,Birmingham,Grocery,Tea Bags,London Trade Corp,BATCH-2756,Inbound,369,101,14,11,1194.92,1328.96,D1,Harry Johnson,Slightly Delayed,5,Yes,Passed,25
TXN101124,05-11-2025,London Central Hub,Leeds,Pharma,Cough Syrup,Northern Supply Chain,BATCH-7691,Inbound,628,38,18,12,141.73,159.05,A1,Harry Johnson,Delayed,8,Yes,Passed,17
TXN101125,13-04-2025,Birmingham Distribution,Bristol,Grocery,Cereal,ASDA Distribution,BATCH-6748,Inbound,196,137,5,0,112.23,192.51,B1,Oliver Smith,On Time,3,No,Failed,17
TXN101126,09-06-2025,London Central Hub,Leeds,Pharma,Paracetamol,Sainsbury Logistics,BATCH-3364,Outbound,559,459,27,10,273.14,456.26,D1,Noah Wilson,Slightly Delayed,5,No,Passed,12
TXN101127,09-05-2026,Newcastle Depot,Birmingham,Electronics,Laptop,Britannia Pharma,BATCH-4848,Outbound,686,110,21,7,13.18,19.1,D1,Harry Johnson,Slightly Delayed,4,No,Passed,13
TXN101128,21-07-2025,London Central Hub,Bristol,Home Appliances,Vacuum Cleaner,Northern Supply Chain,BATCH-7347,Outbound,217,101,6,4,992.13,1555.39,D1,George Brown,On Time,3,Yes,Passed,8
TXN101129,09-02-2026,Newcastle Depot,Newcastle,Electronics,Keyboard,ASDA Distribution,BATCH-3615,Inbound,950,472,26,17,533.19,906.09,B2,Charlie Davies,Slightly Delayed,5,Yes,Passed,1
TXN101130,06-03-2025,Leeds Fulfillment,Liverpool,Fashion,Jacket,Britannia Pharma,BATCH-1878,Outbound,875,542,19,16,680.92,1222.52,D1,Amelia Clark,On Time,3,Yes,Passed,3
TXN101131,02-07-2025,Birmingham Distribution,London,Grocery,Rice Pack,Northern Supply Chain,BATCH-5528,Outbound,394,346,27,8,727.5,1182.8,A2,Harry Johnson,On Time,3,Yes,Passed,21
TXN101132,02-01-2025,Bristol Supply Hub,Liverpool,Home Appliances,Air Fryer,Britannia Pharma,BATCH-4692,Outbound,842,220,34,17,100.97,121.44,C1,George Brown,Slightly Delayed,4,Yes,Failed,16
TXN101133,27-06-2025,Manchester Storage,London,Home Appliances,Microwave,Sainsbury Logistics,BATCH-2492,Inbound,650,449,34,0,1191.72,1648.87,C2,Jack Taylor,On Time,1,Yes,Passed,21
TXN101134,27-01-2025,Bristol Supply Hub,London,Pharma,Paracetamol,UK Retail Goods,BATCH-9137,Inbound,871,763,11,7,1036.51,1226.11,A2,Amelia Clark,Delayed,7,Yes,Passed,1
TXN101135,15-11-2025,London Central Hub,Manchester,Grocery,Cooking Oil,ASDA Distribution,BATCH-5522,Inbound,113,109,12,3,715.64,1063.11,A1,Noah Wilson,Delayed,10,No,Passed,15
TXN101136,01-08-2025,Manchester Storage,Bristol,Electronics,Tablet,Sainsbury Logistics,BATCH-6812,Inbound,159,147,6,18,988.05,1613.83,C1,Harry Johnson,Delayed,9,No,Passed,20
TXN101137,24-06-2025,Birmingham Distribution,Manchester,Fashion,Handbag,Tesco Supply Ltd,BATCH-8742,Inbound,386,206,0,20,148.97,185.35,D2,Oliver Smith,Delayed,8,No,Passed,4
TXN101138,15-01-2025,Manchester Storage,Newcastle,Fashion,Handbag,Sainsbury Logistics,BATCH-3126,Inbound,828,77,14,14,138.78,193.02,D1,Jack Taylor,Delayed,7,No,Passed,15
TXN101139,19-03-2026,London Central Hub,Birmingham,Electronics,Keyboard,Britannia Pharma,BATCH-9962,Inbound,252,144,21,7,53.18,91.19,C2,Charlie Davies,Delayed,9,No,Passed,16
TXN101140,25-03-2026,Birmingham Distribution,Birmingham,Electronics,Laptop,ASDA Distribution,BATCH-7401,Inbound,223,186,16,9,237.01,388.13,D1,Amelia Clark,Slightly Delayed,4,No,Passed,14
TXN101141,03-02-2025,Manchester Storage,Liverpool,Pharma,Bandages,London Trade Corp,BATCH-3327,Inbound,732,503,1,12,962.01,1517.64,C2,Oliver Smith,Slightly Delayed,6,Yes,Passed,13
TXN101142,24-01-2025,Leeds Fulfillment,Birmingham,Pharma,Vitamin Tablets,Britannia Pharma,BATCH-4471,Inbound,447,57,0,15,1113.65,1394.63,B2,George Brown,Slightly Delayed,6,No,Failed,17
TXN101143,19-02-2026,London Central Hub,Glasgow,Pharma,Paracetamol,UK Retail Goods,BATCH-1767,Inbound,275,32,0,9,1095.89,1772.07,A2,Charlie Davies,Delayed,10,Yes,Passed,12
TXN101144,29-04-2025,Glasgow Warehouse,Liverpool,Fashion,Sneakers,Britannia Pharma,BATCH-2486,Inbound,831,751,35,12,839.45,1160.96,A1,Charlie Davies,Slightly Delayed,4,Yes,Passed,3
TXN101145,15-03-2026,Glasgow Warehouse,Newcastle,Pharma,Bandages,UK Retail Goods,BATCH-6520,Outbound,480,152,9,15,609.15,1014.76,A2,George Brown,Delayed,7,Yes,Failed,14
TXN101146,17-09-2025,Glasgow Warehouse,Leeds,Fashion,Sneakers,Sainsbury Logistics,BATCH-7166,Inbound,876,120,8,7,712.77,1165.77,D2,George Brown,Delayed,8,Yes,Passed,23
TXN101147,31-01-2026,Newcastle Depot,Newcastle,Fashion,Jacket,Sainsbury Logistics,BATCH-1600,Outbound,207,95,18,13,911.26,1539.85,A2,Emily Harris,Slightly Delayed,6,Yes,Passed,0
TXN101148,30-09-2025,Liverpool Logistics,Newcastle,Fashion,Jeans,Tesco Supply Ltd,BATCH-4547,Inbound,112,84,29,3,437.18,727.4,D2,Charlie Davies,Delayed,8,No,Failed,7
TXN101149,10-03-2026,Newcastle Depot,Birmingham,Home Appliances,Mixer,Northern Supply Chain,BATCH-1816,Inbound,844,210,28,9,986.5,1665.58,B1,Charlie Davies,Delayed,9,No,Passed,24
TXN101150,18-08-2025,Leeds Fulfillment,Birmingham,Fashion,Handbag,Tesco Supply Ltd,BATCH-8296,Outbound,462,95,28,5,668.23,1125.12,B2,George Brown,On Time,1,No,Passed,2
TXN101151,06-11-2025,Bristol Supply Hub,Newcastle,Grocery,Coffee,Tesco Supply Ltd,BATCH-7659,Inbound,263,206,35,12,573.69,908.81,C1,Amelia Clark,Slightly Delayed,6,Yes,Passed,5
TXN101152,29-04-2026,Birmingham Distribution,Newcastle,Electronics,Smartphone,UK Retail Goods,BATCH-7850,Inbound,848,399,15,8,12.2,20.15,C2,Emily Harris,Delayed,9,No,Passed,8
TXN101153,01-11-2025,Newcastle Depot,Glasgow,Electronics,Smartphone,London Trade Corp,BATCH-5172,Inbound,246,194,20,13,543.03,877.39,D1,Harry Johnson,Delayed,9,Yes,Failed,7
TXN101154,22-08-2025,Birmingham Distribution,London,Home Appliances,Microwave,Sainsbury Logistics,BATCH-3874,Inbound,200,66,30,6,1033.07,1678.43,D2,Harry Johnson,On Time,3,Yes,Passed,24
TXN101155,05-08-2025,Leeds Fulfillment,Birmingham,Electronics,Monitor,London Trade Corp,BATCH-2868,Outbound,900,399,31,13,730.06,1298.12,C1,Amelia Clark,On Time,2,Yes,Passed,1
TXN101156,06-04-2025,Birmingham Distribution,Bristol,Pharma,Vitamin Tablets,Tesco Supply Ltd,BATCH-2567,Outbound,156,128,37,0,252.76,429.57,B1,Amelia Clark,On Time,3,No,Passed,15
TXN101157,17-04-2026,Manchester Storage,Bristol,Electronics,Laptop,UK Retail Goods,BATCH-8301,Inbound,482,299,1,2,543.44,933.89,C2,Oliver Smith,On Time,1,Yes,Passed,9
TXN101158,23-10-2025,Manchester Storage,Newcastle,Home Appliances,Vacuum Cleaner,Sainsbury Logistics,BATCH-5565,Outbound,263,67,26,14,224.33,390.73,D1,Noah Wilson,Delayed,7,Yes,Passed,17
TXN101159,09-01-2026,Glasgow Warehouse,Manchester,Grocery,Cereal,UK Retail Goods,BATCH-4684,Inbound,83,70,20,8,77.73,133.44,D2,George Brown,Delayed,10,No,Passed,5
TXN101160,15-05-2026,Bristol Supply Hub,London,Home Appliances,Mixer,Sainsbury Logistics,BATCH-8052,Outbound,213,166,7,12,270.54,421.11,D2,Amelia Clark,Slightly Delayed,5,No,Passed,5
TXN101161,11-07-2025,London Central Hub,Bristol,Fashion,Jeans,Britannia Pharma,BATCH-1045,Outbound,616,331,22,6,707.79,909.75,D2,Charlie Davies,Delayed,10,No,Passed,0
TXN101162,24-01-2025,Manchester Storage,Glasgow,Grocery,Rice Pack,Britannia Pharma,BATCH-4902,Inbound,608,30,6,18,1152.0,1948.16,C1,Jack Taylor,Delayed,10,Yes,Passed,18
TXN101163,06-05-2025,London Central Hub,Birmingham,Grocery,Cooking Oil,London Trade Corp,BATCH-6429,Outbound,970,180,22,6,300.48,366.98,A1,Harry Johnson,On Time,3,Yes,Passed,10
TXN101164,18-02-2026,Liverpool Logistics,Liverpool,Pharma,Cough Syrup,UK Retail Goods,BATCH-4157,Inbound,865,755,2,7,1027.1,1547.46,C1,Noah Wilson,Delayed,9,No,Passed,5
TXN101165,27-11-2025,Birmingham Distribution,Leeds,Home Appliances,Air Fryer,Britannia Pharma,BATCH-2482,Inbound,185,21,34,0,419.45,680.61,A1,Emily Harris,Delayed,9,No,Passed,24
TXN101166,05-05-2025,Bristol Supply Hub,Liverpool,Home Appliances,Air Fryer,ASDA Distribution,BATCH-8882,Outbound,370,333,38,19,165.01,188.03,C1,Charlie Davies,On Time,3,No,Failed,5
TXN101167,25-06-2025,Manchester Storage,Birmingham,Electronics,Laptop,Sainsbury Logistics,BATCH-7480,Outbound,443,113,38,8,770.9,1153.61,A2,Noah Wilson,Delayed,8,Yes,Passed,15
TXN101168,19-03-2025,Bristol Supply Hub,Leeds,Pharma,Vitamin Tablets,Northern Supply Chain,BATCH-2685,Inbound,789,430,8,13,1026.69,1326.33,A1,Amelia Clark,Slightly Delayed,6,Yes,Passed,14
TXN101169,08-04-2025,Manchester Storage,Manchester,Grocery,Rice Pack,London Trade Corp,BATCH-4772,Outbound,54,30,34,8,381.91,456.84,C2,Oliver Smith,On Time,1,No,Passed,3
TXN101170,22-09-2025,Newcastle Depot,Newcastle,Pharma,Vitamin Tablets,Sainsbury Logistics,BATCH-5275,Outbound,787,162,6,18,769.62,1007.94,B1,Charlie Davies,On Time,1,No,Failed,4
TXN101171,10-02-2026,Birmingham Distribution,London,Grocery,Rice Pack,Britannia Pharma,BATCH-9892,Outbound,563,261,16,20,958.48,1269.92,D2,Oliver Smith,Delayed,9,No,Passed,15
TXN101172,01-07-2025,London Central Hub,Birmingham,Fashion,Handbag,London Trade Corp,BATCH-8655,Outbound,253,73,15,5,708.75,1268.89,D1,Jack Taylor,Delayed,7,Yes,Passed,16
TXN101173,25-12-2025,Newcastle Depot,Birmingham,Pharma,Cough Syrup,Northern Supply Chain,BATCH-3816,Inbound,802,559,33,6,996.3,1473.57,C1,Amelia Clark,Slightly Delayed,6,No,Passed,4
TXN101174,07-02-2026,Birmingham Distribution,Birmingham,Home Appliances,Vacuum Cleaner,Sainsbury Logistics,BATCH-4007,Outbound,421,176,13,20,1050.5,1697.59,A1,Harry Johnson,On Time,2,Yes,Passed,11
TXN101175,27-03-2026,London Central Hub,Manchester,Fashion,Jeans,Sainsbury Logistics,BATCH-3662,Inbound,825,327,28,5,665.2,819.59,C1,Harry Johnson,Slightly Delayed,5,No,Passed,18
TXN101176,02-03-2026,London Central Hub,Birmingham,Home Appliances,Vacuum Cleaner,Northern Supply Chain,BATCH-7529,Inbound,658,31,0,19,844.09,1175.19,C1,Charlie Davies,On Time,3,Yes,Passed,18
TXN101177,03-01-2026,Manchester Storage,London,Pharma,Bandages,ASDA Distribution,BATCH-4598,Inbound,248,67,4,15,1003.96,1559.06,C2,Noah Wilson,On Time,1,Yes,Passed,4
TXN101178,22-12-2025,London Central Hub,Birmingham,Grocery,Coffee,Prime Wholesale UK,BATCH-8960,Inbound,906,494,5,2,1139.82,1431.08,C2,Amelia Clark,On Time,1,No,Passed,12
TXN101179,25-05-2025,Glasgow Warehouse,London,Electronics,Monitor,Tesco Supply Ltd,BATCH-6334,Inbound,900,880,3,15,1170.86,2001.25,D2,George Brown,Delayed,7,Yes,Passed,8
TXN101180,21-03-2026,Bristol Supply Hub,Manchester,Fashion,Jacket,Tesco Supply Ltd,BATCH-5243,Outbound,505,442,27,4,1029.58,1617.79,A2,Amelia Clark,Slightly Delayed,4,No,Failed,4
TXN101181,02-04-2025,Bristol Supply Hub,Glasgow,Grocery,Rice Pack,Prime Wholesale UK,BATCH-7884,Inbound,448,198,17,9,143.98,233.85,D1,Noah Wilson,Delayed,8,No,Passed,19
TXN101182,21-02-2025,Newcastle Depot,London,Pharma,Vitamin Tablets,ASDA Distribution,BATCH-9100,Inbound,688,66,17,13,971.58,1390.69,B1,Jack Taylor,Slightly Delayed,6,Yes,Passed,1
TXN101183,28-03-2025,Glasgow Warehouse,Bristol,Grocery,Coffee,London Trade Corp,BATCH-4217,Outbound,623,244,28,9,323.6,416.51,C1,Emily Harris,Delayed,8,Yes,Passed,5
TXN101184,14-10-2025,Leeds Fulfillment,Newcastle,Pharma,Cough Syrup,Sainsbury Logistics,BATCH-4241,Outbound,841,568,23,7,457.31,746.67,C1,Harry Johnson,Delayed,7,Yes,Passed,0
TXN101185,31-03-2025,Leeds Fulfillment,Liverpool,Home Appliances,Microwave,London Trade Corp,BATCH-1262,Inbound,282,276,21,20,1063.34,1528.23,B2,Emily Harris,Slightly Delayed,5,Yes,Passed,8
TXN101186,16-09-2025,Leeds Fulfillment,Leeds,Fashion,Jacket,UK Retail Goods,BATCH-8488,Inbound,362,270,40,13,885.76,1156.38,D1,Amelia Clark,Delayed,8,Yes,Failed,17
TXN101187,22-01-2026,Manchester Storage,Glasgow,Fashion,Sneakers,Britannia Pharma,BATCH-2427,Outbound,949,445,16,13,1019.65,1215.38,A1,Oliver Smith,Delayed,7,Yes,Passed,14
TXN101188,29-11-2025,Bristol Supply Hub,London,Fashion,Jeans,Britannia Pharma,BATCH-4869,Outbound,640,132,0,16,373.14,421.17,D1,Amelia Clark,Delayed,8,Yes,Passed,10
TXN101189,19-04-2025,Newcastle Depot,Newcastle,Electronics,Tablet,UK Retail Goods,BATCH-1364,Outbound,772,273,28,8,1098.24,1663.28,D2,Harry Johnson,Slightly Delayed,4,Yes,Passed,5
TXN101190,09-01-2025,Newcastle Depot,Bristol,Grocery,Tea Bags,London Trade Corp,BATCH-4572,Outbound,470,459,30,18,772.64,1269.66,A1,Amelia Clark,Delayed,10,No,Passed,24
TXN101191,23-01-2026,Bristol Supply Hub,London,Grocery,Cereal,London Trade Corp,BATCH-6286,Inbound,474,124,19,5,837.17,1327.35,C1,George Brown,Delayed,9,Yes,Passed,3
TXN101192,16-01-2025,Liverpool Logistics,Birmingham,Fashion,Jacket,Tesco Supply Ltd,BATCH-2142,Outbound,318,307,27,2,656.35,906.44,B1,Oliver Smith,Delayed,8,No,Passed,6
TXN101193,22-04-2026,Manchester Storage,Birmingham,Home Appliances,Vacuum Cleaner,Northern Supply Chain,BATCH-6289,Inbound,835,541,39,2,809.12,1210.97,B2,Emily Harris,Delayed,9,Yes,Passed,14
TXN101194,22-03-2025,Liverpool Logistics,Manchester,Electronics,Keyboard,UK Retail Goods,BATCH-6354,Outbound,483,441,19,19,318.59,440.82,A1,Harry Johnson,Slightly Delayed,5,No,Passed,11
TXN101195,13-08-2025,Glasgow Warehouse,Leeds,Home Appliances,Air Fryer,Sainsbury Logistics,BATCH-5449,Inbound,510,33,24,19,219.66,336.49,C1,Noah Wilson,Delayed,9,Yes,Passed,22
TXN101196,17-07-2025,Leeds Fulfillment,Liverpool,Grocery,Rice Pack,ASDA Distribution,BATCH-6631,Inbound,527,391,34,3,500.07,725.8,A2,Amelia Clark,On Time,1,No,Passed,24
TXN101197,01-02-2026,Newcastle Depot,London,Home Appliances,Vacuum Cleaner,Sainsbury Logistics,BATCH-7754,Outbound,972,890,32,2,397.64,492.99,A1,Emily Harris,Delayed,8,Yes,Passed,6
TXN101198,21-08-2025,Birmingham Distribution,Birmingham,Electronics,Keyboard,Northern Supply Chain,BATCH-3848,Outbound,694,572,2,16,770.54,1314.79,C1,Charlie Davies,On Time,2,Yes,Passed,21
TXN101199,25-11-2025,Leeds Fulfillment,Manchester,Electronics,Monitor,ASDA Distribution,BATCH-7864,Inbound,200,152,32,18,1159.3,2047.31,D1,Harry Johnson,On Time,3,No,Passed,3
TXN101200,03-05-2025,Newcastle Depot,London,Grocery,Tea Bags,Sainsbury Logistics,BATCH-7902,Inbound,465,220,8,0,671.18,987.49,C1,Jack Taylor,On Time,1,No,Passed,6
TXN101201,06-04-2026,Birmingham Distribution,London,Pharma,Bandages,Britannia Pharma,BATCH-3336,Outbound,695,686,11,20,307.43,553.01,B1,Charlie Davies,Delayed,8,Yes,Passed,13
TXN101202,10-10-2025,Newcastle Depot,Bristol,Home Appliances,Mixer,Tesco Supply Ltd,BATCH-5094,Outbound,649,112,9,7,552.94,704.47,D2,Oliver Smith,On Time,3,Yes,Failed,24
TXN101203,11-05-2025,Manchester Storage,Newcastle,Pharma,Vitamin Tablets,London Trade Corp,BATCH-5561,Inbound,434,182,8,9,55.22,74.46,B2,Amelia Clark,Delayed,7,No,Passed,16
TXN101204,22-05-2025,Bristol Supply Hub,Bristol,Home Appliances,Vacuum Cleaner,Sainsbury Logistics,BATCH-4237,Inbound,171,110,36,14,1197.7,1526.04,B2,Amelia Clark,Slightly Delayed,6,Yes,Failed,12
TXN101205,25-10-2025,Newcastle Depot,Birmingham,Fashion,T-Shirt,Sainsbury Logistics,BATCH-1827,Outbound,668,659,33,13,344.03,396.18,B1,Amelia Clark,Slightly Delayed,6,Yes,Passed,5
TXN101206,01-05-2026,Bristol Supply Hub,Birmingham,Fashion,Handbag,UK Retail Goods,BATCH-6648,Outbound,684,151,0,12,503.26,579.19,B1,Noah Wilson,Delayed,8,Yes,Failed,10
TXN101207,06-04-2025,Bristol Supply Hub,London,Home Appliances,Air Fryer,Britannia Pharma,BATCH-2989,Inbound,935,429,35,16,559.47,809.44,C1,George Brown,Delayed,10,Yes,Passed,16
TXN101208,13-02-2025,Birmingham Distribution,Bristol,Pharma,Vitamin Tablets,Tesco Supply Ltd,BATCH-1480,Inbound,147,103,12,19,635.82,783.79,A2,Jack Taylor,Delayed,10,No,Passed,1
TXN101209,22-03-2026,Manchester Storage,Liverpool,Fashion,T-Shirt,Britannia Pharma,BATCH-2936,Inbound,200,177,4,9,890.72,1392.14,B2,Emily Harris,On Time,1,No,Passed,4
TXN101210,02-06-2025,Birmingham Distribution,Leeds,Home Appliances,Air Fryer,Tesco Supply Ltd,BATCH-6398,Inbound,185,28,37,19,650.47,1008.94,A1,George Brown,Delayed,7,Yes,Passed,10
TXN101211,28-04-2026,Bristol Supply Hub,Birmingham,Grocery,Rice Pack,Tesco Supply Ltd,BATCH-7062,Outbound,633,516,27,13,732.31,1215.84,B1,Oliver Smith,Delayed,10,Yes,Passed,15
TXN101212,09-08-2025,Newcastle Depot,Birmingham,Pharma,Vitamin Tablets,Britannia Pharma,BATCH-1110,Outbound,693,22,28,19,493.15,577.16,B2,Jack Taylor,Delayed,9,No,Passed,8
TXN101213,19-02-2025,Newcastle Depot,Newcastle,Electronics,Tablet,Prime Wholesale UK,BATCH-4218,Inbound,375,135,4,6,581.18,890.99,A2,Emily Harris,Delayed,7,No,Passed,1
TXN101214,03-03-2026,Manchester Storage,Liverpool,Grocery,Tea Bags,Prime Wholesale UK,BATCH-4168,Inbound,138,116,36,5,1159.37,1394.29,D2,Oliver Smith,Slightly Delayed,6,Yes,Passed,9
TXN101215,10-09-2025,Newcastle Depot,Bristol,Grocery,Coffee,Sainsbury Logistics,BATCH-4694,Outbound,922,337,17,14,347.5,530.37,A2,Oliver Smith,Slightly Delayed,5,No,Passed,13
TXN101216,13-03-2026,Glasgow Warehouse,Manchester,Pharma,Paracetamol,Prime Wholesale UK,BATCH-4914,Inbound,846,795,38,2,944.78,1455.82,C2,Harry Johnson,Delayed,9,No,Passed,11
TXN101217,26-06-2025,Manchester Storage,Manchester,Fashion,Jeans,London Trade Corp,BATCH-8403,Outbound,311,38,38,2,672.22,906.03,C1,Amelia Clark,On Time,1,No,Passed,7
TXN101218,26-05-2025,Liverpool Logistics,London,Home Appliances,Mixer,Britannia Pharma,BATCH-6225,Outbound,993,427,3,20,592.82,848.3,A2,Jack Taylor,On Time,1,Yes,Passed,24
TXN101219,15-12-2025,Bristol Supply Hub,Bristol,Grocery,Cereal,Sainsbury Logistics,BATCH-1653,Inbound,995,827,34,4,217.96,362.47,C2,Amelia Clark,On Time,1,No,Passed,20
TXN101220,16-02-2025,Bristol Supply Hub,Leeds,Electronics,Monitor,Northern Supply Chain,BATCH-4385,Inbound,596,573,0,4,473.13,572.59,B2,Charlie Davies,Slightly Delayed,6,No,Failed,4
TXN101221,06-04-2026,Bristol Supply Hub,Newcastle,Grocery,Rice Pack,Tesco Supply Ltd,BATCH-9283,Outbound,244,174,29,9,320.06,356.7,A1,George Brown,Delayed,9,Yes,Passed,21
TXN101222,20-03-2026,Manchester Storage,Liverpool,Electronics,Keyboard,Sainsbury Logistics,BATCH-7386,Outbound,766,649,5,17,1007.72,1688.56,A2,Harry Johnson,Slightly Delayed,5,No,Passed,17
TXN101223,27-02-2025,Bristol Supply Hub,London,Pharma,Cough Syrup,Britannia Pharma,BATCH-8451,Inbound,624,68,21,5,961.41,1219.72,B1,Oliver Smith,On Time,2,No,Passed,7
TXN101224,01-06-2025,London Central Hub,Birmingham,Home Appliances,Air Fryer,UK Retail Goods,BATCH-2309,Outbound,744,27,30,15,1142.61,1547.49,A2,Jack Taylor,Slightly Delayed,5,No,Passed,23
TXN101225,16-02-2026,Bristol Supply Hub,Birmingham,Electronics,Keyboard,Northern Supply Chain,BATCH-3945,Inbound,636,367,15,18,330.4,566.13,C2,Amelia Clark,Delayed,8,Yes,Passed,11
TXN101226,21-02-2026,Newcastle Depot,London,Grocery,Rice Pack,UK Retail Goods,BATCH-7361,Outbound,191,118,4,17,364.94,434.58,A1,Charlie Davies,Delayed,8,Yes,Passed,12
TXN101227,10-01-2026,Manchester Storage,Bristol,Grocery,Rice Pack,Britannia Pharma,BATCH-1131,Inbound,455,222,15,13,995.94,1354.15,A1,Noah Wilson,On Time,3,Yes,Passed,18
TXN101228,15-05-2025,Liverpool Logistics,Newcastle,Electronics,Tablet,London Trade Corp,BATCH-8659,Outbound,110,50,40,0,176.08,210.36,B2,Harry Johnson,Delayed,10,Yes,Passed,12
TXN101229,15-04-2026,Newcastle Depot,Leeds,Electronics,Laptop,London Trade Corp,BATCH-5223,Outbound,688,566,27,1,163.99,291.39,B1,Oliver Smith,Slightly Delayed,6,No,Passed,9
TXN101230,19-11-2025,Bristol Supply Hub,Glasgow,Home Appliances,Microwave,London Trade Corp,BATCH-9673,Inbound,760,312,21,7,618.98,734.76,C1,Jack Taylor,On Time,1,No,Passed,12
TXN101231,27-01-2025,Bristol Supply Hub,Bristol,Fashion,Jeans,Tesco Supply Ltd,BATCH-4845,Outbound,937,191,38,11,183.54,265.28,A2,Amelia Clark,Delayed,8,Yes,Passed,9
TXN101232,07-04-2026,London Central Hub,Birmingham,Home Appliances,Air Fryer,UK Retail Goods,BATCH-6788,Inbound,81,48,0,9,541.45,838.3,C2,Charlie Davies,Delayed,7,Yes,Failed,2
TXN101233,05-08-2025,Manchester Storage,Glasgow,Pharma,Vitamin Tablets,Northern Supply Chain,BATCH-1884,Outbound,747,24,4,14,280.33,450.79,D2,Oliver Smith,On Time,2,No,Passed,4
TXN101234,16-05-2025,Bristol Supply Hub,Leeds,Grocery,Coffee,London Trade Corp,BATCH-4502,Inbound,359,58,13,7,710.92,935.08,C2,Emily Harris,Delayed,10,Yes,Passed,10
TXN101235,10-03-2026,Liverpool Logistics,Bristol,Fashion,Jacket,London Trade Corp,BATCH-7362,Inbound,636,101,33,20,692.82,955.05,B2,Noah Wilson,Slightly Delayed,5,No,Passed,22
TXN101236,26-01-2025,Liverpool Logistics,Newcastle,Home Appliances,Air Fryer,Prime Wholesale UK,BATCH-2453,Outbound,320,306,29,12,658.59,727.64,B2,Oliver Smith,Delayed,8,Yes,Passed,18
TXN101237,20-12-2025,Newcastle Depot,Liverpool,Grocery,Cooking Oil,Sainsbury Logistics,BATCH-4446,Outbound,76,58,23,13,589.2,737.63,C1,Jack Taylor,On Time,3,Yes,Passed,5
TXN101238,12-07-2025,Birmingham Distribution,Leeds,Home Appliances,Vacuum Cleaner,Sainsbury Logistics,BATCH-8197,Outbound,379,142,10,12,1122.05,1937.82,B2,George Brown,Delayed,8,Yes,Passed,23
TXN101239,18-02-2025,London Central Hub,Manchester,Home Appliances,Microwave,Northern Supply Chain,BATCH-4094,Inbound,717,164,2,4,289.77,355.74,B1,Jack Taylor,Delayed,10,No,Passed,4
TXN101240,14-02-2026,Glasgow Warehouse,Glasgow,Grocery,Coffee,ASDA Distribution,BATCH-6378,Outbound,556,92,38,18,632.7,1089.9,C2,George Brown,On Time,1,No,Passed,1
TXN101241,05-03-2025,Bristol Supply Hub,Leeds,Fashion,Sneakers,UK Retail Goods,BATCH-4497,Inbound,496,311,38,19,87.98,130.72,B1,Amelia Clark,Slightly Delayed,4,Yes,Passed,4
TXN101242,25-12-2025,Bristol Supply Hub,Bristol,Fashion,T-Shirt,Britannia Pharma,BATCH-8833,Inbound,528,259,13,6,1127.38,1566.96,D2,Oliver Smith,Delayed,9,Yes,Failed,17
TXN101243,12-02-2026,Leeds Fulfillment,Manchester,Pharma,Paracetamol,Tesco Supply Ltd,BATCH-8748,Outbound,293,213,2,10,739.16,900.76,A1,George Brown,Delayed,9,No,Passed,8
TXN101244,19-10-2025,Bristol Supply Hub,Birmingham,Electronics,Monitor,Tesco Supply Ltd,BATCH-1655,Inbound,534,395,32,5,516.49,720.08,D1,Noah Wilson,Slightly Delayed,6,No,Failed,20
TXN101245,06-09-2025,Liverpool Logistics,Manchester,Fashion,Sneakers,UK Retail Goods,BATCH-8936,Outbound,471,393,4,9,690.54,888.78,A2,Jack Taylor,Delayed,10,No,Passed,1
TXN101246,15-03-2025,Bristol Supply Hub,Leeds,Home Appliances,Microwave,UK Retail Goods,BATCH-3089,Inbound,883,341,0,9,718.67,1193.21,B2,Jack Taylor,Slightly Delayed,4,No,Passed,3
TXN101247,05-12-2025,Manchester Storage,Glasgow,Grocery,Rice Pack,Britannia Pharma,BATCH-6561,Inbound,210,203,35,18,846.15,1452.3,C1,Oliver Smith,On Time,2,Yes,Failed,22
TXN101248,13-05-2026,Leeds Fulfillment,Newcastle,Electronics,Tablet,Britannia Pharma,BATCH-3828,Inbound,751,481,27,5,169.28,209.09,C2,Amelia Clark,Delayed,10,No,Passed,23
TXN101249,19-08-2025,Newcastle Depot,London,Home Appliances,Air Fryer,London Trade Corp,BATCH-9956,Outbound,115,85,32,16,173.91,308.8,A2,Amelia Clark,Slightly Delayed,4,Yes,Passed,12
TXN101250,18-01-2026,Leeds Fulfillment,Bristol,Electronics,Tablet,Tesco Supply Ltd,BATCH-6317,Outbound,764,760,16,18,772.71,1066.78,D2,Jack Taylor,Delayed,8,No,Failed,6
TXN101251,31-01-2025,Birmingham Distribution,Bristol,Home Appliances,Vacuum Cleaner,ASDA Distribution,BATCH-7294,Outbound,53,48,9,6,476.99,564.53,B1,Oliver Smith,Delayed,9,Yes,Passed,13
TXN101252,07-12-2025,Bristol Supply Hub,Glasgow,Pharma,Cough Syrup,London Trade Corp,BATCH-6873,Outbound,972,346,28,16,490.59,635.04,C2,Harry Johnson,Delayed,8,Yes,Failed,8
TXN101253,07-02-2026,Birmingham Distribution,Leeds,Fashion,T-Shirt,Tesco Supply Ltd,BATCH-6855,Inbound,331,22,0,1,466.77,659.31,D1,Amelia Clark,Delayed,9,No,Passed,8
TXN101254,10-11-2025,Leeds Fulfillment,London,Pharma,Paracetamol,Sainsbury Logistics,BATCH-4304,Inbound,207,64,16,9,315.71,517.41,D1,Amelia Clark,Delayed,10,Yes,Passed,16
TXN101255,10-04-2025,Leeds Fulfillment,Leeds,Grocery,Coffee,Sainsbury Logistics,BATCH-4476,Outbound,890,501,2,2,545.9,966.7,A1,George Brown,Delayed,7,Yes,Passed,25
TXN101256,18-01-2026,Leeds Fulfillment,London,Pharma,Paracetamol,Northern Supply Chain,BATCH-2084,Outbound,603,567,14,0,1179.83,1939.41,D2,Emily Harris,Slightly Delayed,5,Yes,Passed,8
TXN101257,07-01-2025,London Central Hub,Newcastle,Pharma,Vitamin Tablets,UK Retail Goods,BATCH-6798,Outbound,618,295,7,6,438.28,669.07,D2,Jack Taylor,Delayed,9,Yes,Passed,18
TXN101258,27-10-2025,London Central Hub,Birmingham,Pharma,Bandages,Northern Supply Chain,BATCH-1017,Inbound,705,674,14,18,305.2,339.74,C1,Jack Taylor,Slightly Delayed,6,Yes,Passed,20
TXN101259,24-05-2025,London Central Hub,Newcastle,Electronics,Tablet,UK Retail Goods,BATCH-6114,Inbound,142,65,33,19,1170.07,1401.67,A1,Noah Wilson,Delayed,9,Yes,Passed,18
TXN101260,03-12-2025,Bristol Supply Hub,Leeds,Fashion,T-Shirt,Sainsbury Logistics,BATCH-4300,Inbound,532,312,34,13,555.03,847.4,B1,Charlie Davies,On Time,2,No,Passed,22
TXN101261,16-01-2025,Glasgow Warehouse,Bristol,Home Appliances,Microwave,Britannia Pharma,BATCH-3715,Outbound,158,127,10,7,777.81,975.26,D1,Emily Harris,Delayed,7,No,Passed,16
TXN101262,20-04-2025,Manchester Storage,Glasgow,Grocery,Rice Pack,ASDA Distribution,BATCH-9677,Inbound,919,474,12,0,463.82,569.23,D2,George Brown,Delayed,10,No,Passed,24
TXN101263,05-03-2026,Bristol Supply Hub,Birmingham,Grocery,Tea Bags,UK Retail Goods,BATCH-3187,Outbound,893,390,21,18,378.33,581.11,B1,Noah Wilson,Delayed,10,No,Passed,3
TXN101264,29-01-2025,Bristol Supply Hub,Glasgow,Fashion,Handbag,Britannia Pharma,BATCH-9882,Outbound,564,47,9,5,277.46,437.14,A1,Jack Taylor,Delayed,10,No,Passed,14
TXN101265,10-06-2025,Manchester Storage,London,Home Appliances,Microwave,Prime Wholesale UK,BATCH-4442,Outbound,770,285,4,20,950.32,1325.22,A2,Charlie Davies,Slightly Delayed,6,Yes,Passed,10
TXN101266,27-03-2025,Liverpool Logistics,Leeds,Fashion,Handbag,Prime Wholesale UK,BATCH-7734,Inbound,109,91,37,9,446.66,800.1,A1,George Brown,Delayed,7,Yes,Passed,21
TXN101267,25-04-2026,London Central Hub,Glasgow,Fashion,T-Shirt,ASDA Distribution,BATCH-9965,Inbound,131,39,15,18,481.98,566.88,B1,Amelia Clark,On Time,2,Yes,Passed,16
TXN101268,19-01-2025,London Central Hub,Newcastle,Grocery,Rice Pack,Sainsbury Logistics,BATCH-4595,Outbound,714,520,0,12,468.69,765.04,B1,George Brown,Delayed,10,No,Failed,17
TXN101269,17-04-2026,Glasgow Warehouse,London,Home Appliances,Vacuum Cleaner,Northern Supply Chain,BATCH-9041,Outbound,279,160,32,13,795.32,1213.05,D2,Amelia Clark,Delayed,8,Yes,Passed,6
TXN101270,07-03-2026,Liverpool Logistics,Manchester,Pharma,Cough Syrup,London Trade Corp,BATCH-6394,Outbound,757,476,0,15,533.5,863.1,A1,Charlie Davies,On Time,3,No,Passed,21
TXN101271,22-09-2025,Leeds Fulfillment,Leeds,Electronics,Smartphone,Tesco Supply Ltd,BATCH-6098,Outbound,180,43,33,15,743.35,1169.18,B2,Harry Johnson,Slightly Delayed,4,Yes,Passed,9
TXN101272,25-04-2026,Glasgow Warehouse,London,Electronics,Smartphone,UK Retail Goods,BATCH-7563,Outbound,959,514,3,20,1104.1,1293.65,A2,Charlie Davies,On Time,3,No,Passed,24
TXN101273,17-08-2025,Birmingham Distribution,Liverpool,Home Appliances,Mixer,Britannia Pharma,BATCH-5374,Outbound,811,58,37,20,528.3,903.87,D1,Jack Taylor,Delayed,10,No,Passed,13
TXN101274,04-05-2026,London Central Hub,Manchester,Fashion,Handbag,Northern Supply Chain,BATCH-4570,Inbound,879,320,1,7,984.19,1374.21,C2,Emily Harris,Delayed,7,Yes,Passed,24
TXN101275,28-12-2025,Birmingham Distribution,Newcastle,Fashion,Handbag,UK Retail Goods,BATCH-2711,Outbound,727,233,7,11,700.84,1015.34,B2,Oliver Smith,Delayed,8,Yes,Failed,18
TXN101276,31-03-2025,Bristol Supply Hub,Glasgow,Electronics,Smartphone,ASDA Distribution,BATCH-6684,Outbound,622,397,19,20,200.59,336.02,B2,Amelia Clark,Slightly Delayed,4,No,Passed,0
TXN101277,26-06-2025,Glasgow Warehouse,Leeds,Fashion,Jeans,ASDA Distribution,BATCH-8979,Outbound,357,169,24,15,852.28,1169.45,A2,Amelia Clark,On Time,2,Yes,Passed,14
TXN101278,10-10-2025,Leeds Fulfillment,Manchester,Electronics,Smartphone,UK Retail Goods,BATCH-5912,Outbound,63,30,10,2,618.78,721.39,D2,Amelia Clark,Delayed,10,Yes,Passed,22
TXN101279,30-10-2025,Birmingham Distribution,Bristol,Home Appliances,Microwave,Britannia Pharma,BATCH-4954,Inbound,886,595,13,15,973.98,1267.6,A1,George Brown,On Time,3,No,Passed,20
TXN101280,13-07-2025,Manchester Storage,Bristol,Pharma,Paracetamol,Northern Supply Chain,BATCH-7780,Outbound,638,619,24,5,144.31,248.72,A2,Oliver Smith,Delayed,7,Yes,Passed,10
TXN101281,15-12-2025,Liverpool Logistics,Leeds,Fashion,Jeans,Tesco Supply Ltd,BATCH-2185,Inbound,334,109,2,4,953.15,1607.77,D2,Amelia Clark,On Time,3,Yes,Passed,13
TXN101282,18-03-2025,Leeds Fulfillment,Bristol,Fashion,Sneakers,ASDA Distribution,BATCH-5494,Outbound,682,36,6,15,1037.77,1587.78,A1,George Brown,Slightly Delayed,6,Yes,Passed,7
TXN101283,21-02-2026,Bristol Supply Hub,Liverpool,Pharma,Paracetamol,Prime Wholesale UK,BATCH-3101,Outbound,518,175,25,11,523.97,689.03,B2,Harry Johnson,Delayed,7,No,Passed,23
TXN101284,17-12-2025,Leeds Fulfillment,Manchester,Fashion,Handbag,Britannia Pharma,BATCH-1736,Inbound,698,362,22,18,910.73,1409.4,B2,Charlie Davies,Delayed,8,Yes,Passed,5
TXN101285,25-03-2026,Newcastle Depot,Birmingham,Pharma,Cough Syrup,Sainsbury Logistics,BATCH-9739,Inbound,115,113,13,8,936.49,1636.75,A1,Jack Taylor,Slightly Delayed,5,No,Passed,24
TXN101286,11-07-2025,Leeds Fulfillment,Liverpool,Grocery,Cooking Oil,Sainsbury Logistics,BATCH-6858,Inbound,117,52,23,8,456.67,738.55,A2,Jack Taylor,On Time,2,No,Passed,16
TXN101287,08-01-2025,Leeds Fulfillment,Liverpool,Home Appliances,Air Fryer,Prime Wholesale UK,BATCH-9119,Outbound,653,344,13,2,165.15,261.22,D1,Harry Johnson,Slightly Delayed,5,Yes,Passed,1
TXN101288,13-02-2025,Manchester Storage,Glasgow,Home Appliances,Microwave,ASDA Distribution,BATCH-2063,Outbound,564,72,3,3,869.09,1282.03,B2,Amelia Clark,Slightly Delayed,4,No,Passed,17
TXN101289,19-02-2025,Bristol Supply Hub,Glasgow,Fashion,Jeans,Northern Supply Chain,BATCH-5934,Inbound,696,126,0,15,959.13,1107.15,C2,Emily Harris,Delayed,8,Yes,Passed,13
TXN101290,10-07-2025,Birmingham Distribution,Liverpool,Home Appliances,Mixer,Tesco Supply Ltd,BATCH-7623,Inbound,196,129,37,6,297.05,494.9,A1,George Brown,On Time,2,Yes,Failed,1
TXN101291,12-12-2025,Birmingham Distribution,Birmingham,Grocery,Cereal,Britannia Pharma,BATCH-2565,Inbound,492,467,21,20,831.2,1109.32,C1,George Brown,On Time,1,Yes,Passed,12
TXN101292,14-03-2025,Bristol Supply Hub,Bristol,Fashion,T-Shirt,UK Retail Goods,BATCH-4371,Inbound,87,33,20,2,311.03,502.93,B1,George Brown,Delayed,10,Yes,Passed,8
TXN101293,13-07-2025,London Central Hub,Manchester,Electronics,Laptop,Tesco Supply Ltd,BATCH-2237,Inbound,377,138,37,4,225.11,275.37,B2,Jack Taylor,Slightly Delayed,6,No,Passed,6
TXN101294,05-05-2026,Liverpool Logistics,Birmingham,Grocery,Cereal,UK Retail Goods,BATCH-5164,Outbound,153,69,14,20,213.3,261.74,D1,Jack Taylor,Delayed,7,No,Failed,4
TXN101295,08-08-2025,Birmingham Distribution,Leeds,Grocery,Coffee,Northern Supply Chain,BATCH-8035,Inbound,240,148,25,9,928.16,1214.56,C1,George Brown,Delayed,8,Yes,Passed,23
TXN101296,22-05-2025,Glasgow Warehouse,Birmingham,Home Appliances,Microwave,Prime Wholesale UK,BATCH-4801,Outbound,303,243,29,20,805.68,1238.79,D1,Harry Johnson,Slightly Delayed,4,No,Passed,22
TXN101297,07-05-2026,Liverpool Logistics,London,Grocery,Tea Bags,Northern Supply Chain,BATCH-7823,Outbound,463,209,21,18,1017.24,1309.45,A2,Jack Taylor,Delayed,7,No,Passed,25
TXN101298,18-04-2026,Bristol Supply Hub,Glasgow,Pharma,Vitamin Tablets,UK Retail Goods,BATCH-6538,Inbound,305,227,37,11,195.31,334.9,D1,George Brown,Slightly Delayed,5,No,Passed,23
TXN101299,23-06-2025,Birmingham Distribution,Newcastle,Grocery,Cooking Oil,Northern Supply Chain,BATCH-4219,Inbound,346,123,24,15,1108.92,1336.82,C2,Jack Taylor,On Time,2,Yes,Passed,21
TXN101300,06-02-2026,Birmingham Distribution,Leeds,Pharma,Bandages,Prime Wholesale UK,BATCH-4872,Inbound,611,356,32,13,299.39,450.41,D1,Harry Johnson,Delayed,7,No,Passed,7
TXN101301,06-05-2025,Liverpool Logistics,Newcastle,Home Appliances,Mixer,Sainsbury Logistics,BATCH-7218,Inbound,153,120,32,20,240.1,341.74,D2,George Brown,On Time,1,Yes,Passed,3
TXN101302,21-10-2025,Birmingham Distribution,Manchester,Pharma,Bandages,Britannia Pharma,BATCH-7524,Inbound,884,513,35,0,669.34,801.84,C1,Emily Harris,Slightly Delayed,5,No,Passed,5
TXN101303,26-06-2025,Liverpool Logistics,Liverpool,Pharma,Cough Syrup,ASDA Distribution,BATCH-8536,Inbound,908,167,37,20,201.52,340.51,C1,Oliver Smith,Slightly Delayed,5,Yes,Passed,12
TXN101304,03-01-2026,Newcastle Depot,Manchester,Home Appliances,Microwave,Northern Supply Chain,BATCH-8397,Inbound,567,101,7,5,772.23,1229.21,D1,Noah Wilson,Delayed,7,Yes,Passed,10
TXN101305,15-01-2025,Liverpool Logistics,Leeds,Grocery,Cereal,Tesco Supply Ltd,BATCH-2332,Inbound,163,28,6,12,133.39,179.4,B2,Noah Wilson,Delayed,10,No,Passed,8
TXN101306,01-10-2025,Leeds Fulfillment,London,Grocery,Tea Bags,Britannia Pharma,BATCH-2451,Inbound,989,701,26,15,789.87,982.27,A2,Amelia Clark,Slightly Delayed,5,No,Passed,19
TXN101307,24-10-2025,Manchester Storage,London,Grocery,Rice Pack,Tesco Supply Ltd,BATCH-6104,Inbound,125,52,34,2,128.96,142.8,A1,George Brown,Slightly Delayed,5,No,Passed,13
TXN101308,30-05-2025,Liverpool Logistics,Leeds,Electronics,Monitor,London Trade Corp,BATCH-5953,Outbound,987,577,2,2,1052.02,1600.71,B1,Oliver Smith,Slightly Delayed,4,Yes,Passed,10
TXN101309,21-02-2025,Bristol Supply Hub,London,Grocery,Rice Pack,ASDA Distribution,BATCH-6307,Outbound,485,51,30,18,1181.32,1378.98,A2,Harry Johnson,Delayed,10,No,Passed,3
TXN101310,11-03-2025,Newcastle Depot,London,Grocery,Cooking Oil,Sainsbury Logistics,BATCH-9532,Inbound,851,742,6,18,819.8,1433.3,C1,Harry Johnson,On Time,1,Yes,Passed,4
TXN101311,31-01-2026,Liverpool Logistics,Bristol,Home Appliances,Air Fryer,Prime Wholesale UK,BATCH-9357,Outbound,921,667,19,10,168.38,242.33,D2,Amelia Clark,On Time,2,No,Failed,13
TXN101312,11-11-2025,Bristol Supply Hub,Manchester,Grocery,Cereal,Britannia Pharma,BATCH-3774,Inbound,123,50,35,2,49.82,77.02,B1,Harry Johnson,Slightly Delayed,5,No,Failed,9
TXN101313,06-12-2025,Birmingham Distribution,Bristol,Electronics,Laptop,ASDA Distribution,BATCH-7660,Outbound,777,263,5,10,265.27,301.34,C2,Charlie Davies,Delayed,10,Yes,Passed,10
TXN101314,04-01-2026,Newcastle Depot,Leeds,Grocery,Tea Bags,London Trade Corp,BATCH-7978,Outbound,807,339,4,0,171.02,231.61,C1,Noah Wilson,Delayed,8,Yes,Passed,0
TXN101315,17-04-2025,Leeds Fulfillment,Birmingham,Pharma,Paracetamol,Sainsbury Logistics,BATCH-8344,Inbound,655,368,27,14,420.7,658.14,D2,George Brown,Delayed,7,No,Passed,12
TXN101316,06-12-2025,Leeds Fulfillment,Leeds,Grocery,Coffee,ASDA Distribution,BATCH-4645,Inbound,464,207,1,8,462.42,511.25,D1,Amelia Clark,On Time,1,Yes,Passed,8
TXN101317,29-07-2025,London Central Hub,Leeds,Electronics,Keyboard,ASDA Distribution,BATCH-8960,Inbound,505,418,6,0,9.1,14.08,B1,Oliver Smith,Delayed,7,No,Passed,13
TXN101318,28-04-2025,Birmingham Distribution,Birmingham,Grocery,Cooking Oil,Sainsbury Logistics,BATCH-3539,Outbound,563,133,7,11,1044.87,1631.8,A1,Jack Taylor,On Time,3,No,Passed,10
TXN101319,17-02-2025,Leeds Fulfillment,Newcastle,Grocery,Cereal,ASDA Distribution,BATCH-4738,Outbound,247,111,38,18,716.62,804.31,A2,Harry Johnson,Slightly Delayed,5,Yes,Passed,11
TXN101320,09-03-2025,London Central Hub,Bristol,Electronics,Smartphone,Britannia Pharma,BATCH-2927,Outbound,248,101,28,4,201.85,312.91,D2,Oliver Smith,Delayed,10,No,Failed,16
TXN101321,28-05-2025,Glasgow Warehouse,Liverpool,Grocery,Rice Pack,Britannia Pharma,BATCH-2264,Outbound,180,158,1,2,33.36,43.7,B1,Harry Johnson,Delayed,10,No,Failed,9
TXN101322,19-01-2025,Liverpool Logistics,London,Fashion,Handbag,Northern Supply Chain,BATCH-4637,Outbound,469,429,29,9,880.65,1356.35,D2,Oliver Smith,Delayed,9,Yes,Passed,14
TXN101323,09-05-2025,Liverpool Logistics,Bristol,Home Appliances,Mixer,Tesco Supply Ltd,BATCH-6225,Outbound,733,169,6,7,989.57,1518.39,C2,Charlie Davies,Delayed,8,No,Failed,25
TXN101324,04-03-2026,Bristol Supply Hub,London,Pharma,Cough Syrup,Britannia Pharma,BATCH-6886,Inbound,764,41,34,8,227.95,393.52,D1,Oliver Smith,On Time,1,No,Passed,2
TXN101325,16-08-2025,Manchester Storage,Bristol,Electronics,Monitor,London Trade Corp,BATCH-3357,Outbound,389,235,29,7,284.07,462.84,D1,Harry Johnson,Slightly Delayed,6,Yes,Failed,13
TXN101326,20-09-2025,Newcastle Depot,Bristol,Home Appliances,Mixer,Sainsbury Logistics,BATCH-7517,Outbound,356,320,35,1,172.32,216.08,C1,Jack Taylor,On Time,1,No,Passed,24
TXN101327,07-04-2026,Liverpool Logistics,Leeds,Fashion,Jeans,Tesco Supply Ltd,BATCH-1522,Outbound,380,24,34,9,812.0,1029.84,A2,Emily Harris,On Time,3,Yes,Passed,9
TXN101328,23-08-2025,London Central Hub,Bristol,Electronics,Smartphone,Sainsbury Logistics,BATCH-9175,Outbound,400,146,25,19,134.07,197.65,A1,George Brown,Slightly Delayed,6,No,Passed,5
TXN101329,12-12-2025,Glasgow Warehouse,Birmingham,Pharma,Bandages,UK Retail Goods,BATCH-2352,Outbound,112,50,13,7,790.3,1212.64,B1,Amelia Clark,Slightly Delayed,6,Yes,Passed,1
TXN101330,04-11-2025,Birmingham Distribution,Manchester,Pharma,Paracetamol,Prime Wholesale UK,BATCH-5841,Inbound,983,868,8,19,524.92,644.96,B1,George Brown,Delayed,10,Yes,Passed,9
TXN101331,06-04-2026,Liverpool Logistics,Newcastle,Electronics,Monitor,Tesco Supply Ltd,BATCH-7491,Inbound,525,297,11,3,434.22,550.82,B1,Charlie Davies,On Time,3,Yes,Passed,6
TXN101332,04-01-2025,London Central Hub,Bristol,Electronics,Tablet,ASDA Distribution,BATCH-1798,Inbound,650,180,32,1,365.97,602.45,B2,Noah Wilson,Slightly Delayed,6,Yes,Passed,11
TXN101333,05-04-2025,Glasgow Warehouse,Bristol,Home Appliances,Vacuum Cleaner,ASDA Distribution,BATCH-7173,Inbound,551,518,5,19,78.84,89.93,B1,Charlie Davies,On Time,1,No,Passed,22
TXN101334,24-10-2025,Birmingham Distribution,Liverpool,Pharma,Bandages,Tesco Supply Ltd,BATCH-5680,Outbound,115,85,23,11,1163.94,1532.18,B2,George Brown,Delayed,8,Yes,Failed,2
TXN101335,11-01-2026,Liverpool Logistics,Newcastle,Fashion,T-Shirt,Tesco Supply Ltd,BATCH-2937,Outbound,526,489,34,2,345.41,471.07,C2,Noah Wilson,Delayed,8,Yes,Passed,2
TXN101336,28-11-2025,Bristol Supply Hub,Manchester,Fashion,T-Shirt,Sainsbury Logistics,BATCH-1434,Inbound,488,235,27,10,74.8,91.54,A2,Charlie Davies,Delayed,8,No,Failed,17
TXN101337,20-07-2025,Newcastle Depot,London,Electronics,Monitor,Northern Supply Chain,BATCH-8828,Outbound,728,95,39,1,191.28,243.33,B2,Charlie Davies,On Time,2,Yes,Passed,4
TXN101338,13-07-2025,Leeds Fulfillment,Glasgow,Grocery,Cooking Oil,Northern Supply Chain,BATCH-4615,Outbound,750,517,7,17,430.1,519.87,A2,Harry Johnson,On Time,3,No,Passed,4
TXN101339,31-01-2026,Birmingham Distribution,Liverpool,Home Appliances,Microwave,ASDA Distribution,BATCH-4394,Inbound,247,25,2,0,1127.06,1432.93,C1,Amelia Clark,Slightly Delayed,6,No,Failed,19
TXN101340,01-01-2026,Newcastle Depot,Liverpool,Home Appliances,Air Fryer,Prime Wholesale UK,BATCH-7762,Outbound,439,333,13,4,1165.22,1897.53,A2,Charlie Davies,Delayed,9,Yes,Passed,16
TXN101341,25-12-2025,Leeds Fulfillment,Birmingham,Grocery,Rice Pack,Northern Supply Chain,BATCH-8292,Inbound,146,32,17,0,978.36,1626.7,C2,Harry Johnson,On Time,3,Yes,Passed,15
TXN101342,10-06-2025,Bristol Supply Hub,Newcastle,Grocery,Coffee,Northern Supply Chain,BATCH-5262,Outbound,373,196,14,7,589.37,992.56,C1,Amelia Clark,Delayed,7,Yes,Failed,5
TXN101343,03-01-2025,Birmingham Distribution,Bristol,Pharma,Cough Syrup,London Trade Corp,BATCH-7276,Outbound,775,396,7,0,371.66,571.55,A2,George Brown,Slightly Delayed,6,Yes,Failed,13
TXN101344,26-12-2025,Newcastle Depot,Liverpool,Grocery,Tea Bags,Britannia Pharma,BATCH-5412,Inbound,946,447,31,5,718.75,907.06,A2,George Brown,Slightly Delayed,6,Yes,Passed,9
TXN101345,25-08-2025,London Central Hub,Leeds,Fashion,Sneakers,London Trade Corp,BATCH-9073,Outbound,972,24,11,4,945.97,1234.39,B1,Charlie Davies,Delayed,8,Yes,Passed,16
TXN101346,30-05-2025,Birmingham Distribution,Liverpool,Pharma,Paracetamol,UK Retail Goods,BATCH-8286,Inbound,519,32,13,7,781.43,1149.32,A1,Jack Taylor,On Time,2,No,Passed,2
TXN101347,10-12-2025,Bristol Supply Hub,Liverpool,Fashion,T-Shirt,Tesco Supply Ltd,BATCH-2848,Inbound,459,412,28,0,477.53,661.33,B1,George Brown,Slightly Delayed,4,Yes,Passed,1
TXN101348,15-04-2025,Liverpool Logistics,Bristol,Home Appliances,Microwave,Prime Wholesale UK,BATCH-7242,Inbound,565,294,8,12,981.44,1610.8,B1,Amelia Clark,Delayed,9,No,Passed,23
TXN101349,02-04-2026,Birmingham Distribution,London,Electronics,Tablet,London Trade Corp,BATCH-7869,Outbound,440,24,21,20,814.23,1241.39,A1,Harry Johnson,Slightly Delayed,5,Yes,Passed,4
TXN101350,09-02-2025,Glasgow Warehouse,Leeds,Pharma,Cough Syrup,Northern Supply Chain,BATCH-2797,Outbound,831,115,36,6,452.17,758.47,C2,Oliver Smith,On Time,1,Yes,Passed,6
TXN101351,02-02-2025,Bristol Supply Hub,Glasgow,Home Appliances,Mixer,ASDA Distribution,BATCH-4499,Outbound,342,150,40,2,78.2,89.38,B2,Harry Johnson,Slightly Delayed,4,No,Passed,16
TXN101352,24-11-2025,Bristol Supply Hub,Glasgow,Grocery,Tea Bags,Northern Supply Chain,BATCH-5617,Outbound,367,254,20,11,609.29,754.28,A2,Emily Harris,Delayed,10,No,Passed,17
TXN101353,27-07-2025,Liverpool Logistics,Newcastle,Pharma,Paracetamol,ASDA Distribution,BATCH-8142,Inbound,143,143,38,1,189.95,270.45,A2,Charlie Davies,On Time,2,No,Failed,13
TXN101354,02-07-2025,Liverpool Logistics,Liverpool,Home Appliances,Air Fryer,Sainsbury Logistics,BATCH-7780,Inbound,165,41,36,18,566.68,953.23,D2,Oliver Smith,Delayed,8,No,Passed,0
TXN101355,05-08-2025,Birmingham Distribution,Glasgow,Pharma,Vitamin Tablets,UK Retail Goods,BATCH-6975,Inbound,433,117,16,11,774.13,887.84,B2,George Brown,Slightly Delayed,6,No,Passed,5
TXN101356,14-10-2025,Glasgow Warehouse,Leeds,Fashion,T-Shirt,Northern Supply Chain,BATCH-8008,Outbound,725,165,6,14,1086.98,1728.6,B2,Oliver Smith,Slightly Delayed,6,Yes,Passed,0
TXN101357,31-10-2025,Liverpool Logistics,Leeds,Grocery,Cereal,London Trade Corp,BATCH-2140,Outbound,399,124,10,14,218.63,355.88,A1,George Brown,Delayed,7,No,Passed,4
TXN101358,27-04-2026,Newcastle Depot,Birmingham,Home Appliances,Microwave,Tesco Supply Ltd,BATCH-8482,Inbound,357,238,6,7,10.28,15.23,B1,Emily Harris,Slightly Delayed,4,No,Failed,15
TXN101359,01-12-2025,Bristol Supply Hub,Liverpool,Fashion,Jacket,Tesco Supply Ltd,BATCH-2007,Inbound,173,148,18,4,386.25,612.32,D2,Harry Johnson,Delayed,8,Yes,Passed,2
TXN101360,31-03-2026,London Central Hub,Glasgow,Electronics,Tablet,Prime Wholesale UK,BATCH-8324,Outbound,783,305,9,6,357.77,466.24,A2,Amelia Clark,Slightly Delayed,4,Yes,Passed,21
TXN101361,30-01-2026,Leeds Fulfillment,London,Home Appliances,Air Fryer,Northern Supply Chain,BATCH-9585,Inbound,160,116,23,19,524.23,859.9,B2,Jack Taylor,Delayed,7,No,Passed,0
TXN101362,12-12-2025,Glasgow Warehouse,Liverpool,Electronics,Keyboard,Prime Wholesale UK,BATCH-4281,Inbound,780,395,9,5,1123.72,1896.55,B1,Harry Johnson,On Time,3,Yes,Passed,24
TXN101363,04-08-2025,Manchester Storage,Glasgow,Pharma,Vitamin Tablets,Prime Wholesale UK,BATCH-2872,Inbound,688,33,29,0,437.41,568.27,C2,Oliver Smith,Slightly Delayed,4,Yes,Passed,1
TXN101364,28-06-2025,Liverpool Logistics,Leeds,Electronics,Monitor,Prime Wholesale UK,BATCH-6509,Outbound,775,175,26,0,41.72,46.85,B2,Noah Wilson,Delayed,7,No,Passed,9
TXN101365,30-08-2025,Leeds Fulfillment,Bristol,Home Appliances,Vacuum Cleaner,UK Retail Goods,BATCH-9279,Outbound,416,271,5,19,228.33,296.51,D1,Jack Taylor,Delayed,7,Yes,Passed,25
TXN101366,05-08-2025,Birmingham Distribution,Leeds,Grocery,Rice Pack,Northern Supply Chain,BATCH-9826,Outbound,947,232,5,15,832.74,1392.43,C1,George Brown,Delayed,7,No,Passed,21
TXN101367,14-02-2025,Bristol Supply Hub,London,Grocery,Coffee,London Trade Corp,BATCH-2409,Inbound,52,22,2,4,29.85,41.01,C2,Jack Taylor,On Time,1,Yes,Passed,4
TXN101368,01-05-2025,Bristol Supply Hub,Liverpool,Fashion,Jacket,Northern Supply Chain,BATCH-4289,Inbound,460,353,12,1,1055.53,1675.39,A2,Oliver Smith,Slightly Delayed,4,Yes,Passed,23
TXN101369,28-02-2025,Leeds Fulfillment,London,Electronics,Keyboard,Sainsbury Logistics,BATCH-9629,Inbound,103,87,38,18,285.58,424.69,C2,Jack Taylor,Delayed,9,Yes,Passed,10
TXN101370,21-11-2025,Bristol Supply Hub,Manchester,Home Appliances,Vacuum Cleaner,UK Retail Goods,BATCH-7840,Outbound,689,71,39,7,64.0,82.16,B1,Oliver Smith,Slightly Delayed,4,Yes,Passed,4
TXN101371,29-01-2026,London Central Hub,Glasgow,Grocery,Tea Bags,UK Retail Goods,BATCH-2206,Inbound,582,88,22,18,367.2,521.87,A1,Charlie Davies,Slightly Delayed,5,Yes,Passed,21
TXN101372,15-09-2025,Birmingham Distribution,Manchester,Grocery,Rice Pack,ASDA Distribution,BATCH-6053,Inbound,932,647,27,15,1116.19,1700.25,D1,Noah Wilson,Delayed,10,No,Passed,13
TXN101373,18-09-2025,Bristol Supply Hub,Birmingham,Pharma,Paracetamol,UK Retail Goods,BATCH-7703,Inbound,825,765,6,12,975.69,1364.99,D1,Charlie Davies,On Time,2,Yes,Passed,2
TXN101374,11-08-2025,London Central Hub,Liverpool,Fashion,Jeans,Prime Wholesale UK,BATCH-7505,Inbound,520,493,25,5,712.59,875.67,D1,Charlie Davies,Delayed,7,Yes,Passed,5
TXN101375,24-02-2025,Glasgow Warehouse,Newcastle,Home Appliances,Mixer,Prime Wholesale UK,BATCH-8616,Inbound,524,169,37,18,294.0,388.84,D1,Charlie Davies,Delayed,9,No,Passed,12
TXN101376,16-01-2025,Leeds Fulfillment,Manchester,Pharma,Paracetamol,Prime Wholesale UK,BATCH-2791,Outbound,612,212,35,11,1151.71,1695.94,C2,Emily Harris,Slightly Delayed,6,Yes,Failed,18
TXN101377,11-02-2025,Leeds Fulfillment,Bristol,Electronics,Tablet,Tesco Supply Ltd,BATCH-1918,Outbound,654,380,25,11,962.71,1419.1,A1,Oliver Smith,Delayed,8,Yes,Passed,8
TXN101378,17-11-2025,London Central Hub,Birmingham,Pharma,Vitamin Tablets,UK Retail Goods,BATCH-1295,Inbound,585,477,35,15,422.75,602.05,A2,George Brown,On Time,1,No,Passed,20
TXN101379,22-01-2026,Bristol Supply Hub,Glasgow,Electronics,Laptop,Sainsbury Logistics,BATCH-3968,Inbound,709,539,25,20,48.17,62.27,B2,Noah Wilson,Delayed,10,No,Failed,19
TXN101380,24-11-2025,Birmingham Distribution,Leeds,Grocery,Rice Pack,Sainsbury Logistics,BATCH-7306,Outbound,699,594,1,12,205.94,232.57,B1,Jack Taylor,Delayed,8,No,Passed,11
TXN101381,11-09-2025,Manchester Storage,Leeds,Grocery,Tea Bags,Britannia Pharma,BATCH-7406,Outbound,861,772,40,9,1193.0,1894.6,D1,Emily Harris,Slightly Delayed,6,No,Failed,1
TXN101382,23-04-2025,Manchester Storage,Leeds,Fashion,Handbag,Northern Supply Chain,BATCH-8030,Outbound,974,524,13,11,776.9,992.26,C2,Noah Wilson,Slightly Delayed,6,No,Passed,16
TXN101383,14-03-2026,Newcastle Depot,Liverpool,Grocery,Coffee,Northern Supply Chain,BATCH-7416,Outbound,625,254,22,20,658.7,922.36,C2,Noah Wilson,On Time,3,Yes,Passed,0
TXN101384,05-05-2025,Bristol Supply Hub,Liverpool,Fashion,T-Shirt,Britannia Pharma,BATCH-5927,Inbound,423,288,30,0,1109.55,1920.37,D1,Charlie Davies,Slightly Delayed,5,Yes,Passed,11
TXN101385,26-08-2025,London Central Hub,London,Electronics,Smartphone,Prime Wholesale UK,BATCH-4228,Outbound,376,50,23,1,717.08,1055.83,B1,Noah Wilson,Delayed,7,Yes,Passed,22
TXN101386,08-12-2025,London Central Hub,Liverpool,Fashion,T-Shirt,Tesco Supply Ltd,BATCH-2039,Outbound,282,270,9,18,381.11,588.61,B1,Charlie Davies,Slightly Delayed,6,No,Passed,3
TXN101387,07-05-2026,Leeds Fulfillment,Liverpool,Pharma,Paracetamol,London Trade Corp,BATCH-4718,Inbound,742,155,40,0,363.38,487.09,B1,Emily Harris,On Time,3,No,Passed,24
TXN101388,27-02-2025,Glasgow Warehouse,London,Grocery,Cooking Oil,Britannia Pharma,BATCH-3733,Outbound,818,523,39,10,229.77,381.01,C2,George Brown,On Time,2,No,Passed,8
TXN101389,26-09-2025,Liverpool Logistics,Liverpool,Grocery,Cereal,London Trade Corp,BATCH-6710,Outbound,494,450,24,5,968.32,1298.29,C2,Harry Johnson,On Time,1,No,Passed,20
TXN101390,02-09-2025,Leeds Fulfillment,Glasgow,Fashion,Jacket,London Trade Corp,BATCH-6122,Inbound,867,638,40,2,703.6,933.62,D2,Oliver Smith,On Time,2,No,Passed,4
TXN101391,18-02-2025,Birmingham Distribution,Manchester,Fashion,Jeans,London Trade Corp,BATCH-8792,Outbound,606,130,26,14,243.76,343.6,D1,George Brown,Delayed,7,No,Failed,8
TXN101392,20-07-2025,London Central Hub,Bristol,Electronics,Tablet,UK Retail Goods,BATCH-2373,Outbound,821,454,1,16,312.76,369.99,B2,Oliver Smith,Delayed,8,Yes,Passed,19
TXN101393,05-01-2026,Birmingham Distribution,Birmingham,Home Appliances,Microwave,Northern Supply Chain,BATCH-8220,Inbound,125,75,31,1,376.36,422.55,A2,George Brown,Slightly Delayed,6,Yes,Passed,8
TXN101394,03-12-2025,Birmingham Distribution,London,Grocery,Cereal,Sainsbury Logistics,BATCH-7050,Inbound,991,589,33,1,373.75,501.16,D1,Jack Taylor,On Time,2,No,Passed,1
TXN101395,28-01-2026,Bristol Supply Hub,Newcastle,Grocery,Cereal,Sainsbury Logistics,BATCH-2047,Inbound,229,221,15,3,299.35,357.05,C2,Jack Taylor,Slightly Delayed,6,Yes,Passed,23
TXN101396,10-07-2025,Manchester Storage,London,Pharma,Cough Syrup,Sainsbury Logistics,BATCH-8926,Outbound,248,41,33,6,778.04,991.31,A2,Harry Johnson,Delayed,10,No,Passed,0
TXN101397,19-02-2026,Newcastle Depot,Liverpool,Fashion,Jeans,Sainsbury Logistics,BATCH-9343,Inbound,749,618,7,14,727.92,999.35,D1,George Brown,Slightly Delayed,6,Yes,Passed,23
TXN101398,23-07-2025,Manchester Storage,Glasgow,Electronics,Keyboard,Prime Wholesale UK,BATCH-4568,Outbound,550,254,39,4,192.29,291.43,D1,Emily Harris,Slightly Delayed,4,Yes,Passed,24
TXN101399,27-06-2025,Manchester Storage,Glasgow,Electronics,Smartphone,UK Retail Goods,BATCH-1925,Outbound,190,164,32,14,587.35,827.84,C1,Charlie Davies,Slightly Delayed,5,Yes,Failed,0
TXN101400,31-03-2026,Leeds Fulfillment,Glasgow,Grocery,Rice Pack,Tesco Supply Ltd,BATCH-3786,Outbound,184,116,33,7,674.75,1004.34,D1,Emily Harris,On Time,1,No,Passed,1
TXN101401,14-12-2025,Manchester Storage,Birmingham,Grocery,Rice Pack,UK Retail Goods,BATCH-7946,Inbound,328,24,38,6,331.41,523.43,A1,Harry Johnson,Delayed,8,Yes,Passed,17
TXN101402,31-01-2025,Leeds Fulfillment,Birmingham,Grocery,Tea Bags,Sainsbury Logistics,BATCH-1047,Inbound,226,38,3,10,124.65,158.45,B2,George Brown,Delayed,7,No,Passed,25
TXN101403,25-09-2025,Bristol Supply Hub,Liverpool,Grocery,Cooking Oil,Northern Supply Chain,BATCH-1148,Inbound,82,69,35,6,823.74,950.4,A2,Emily Harris,Delayed,7,Yes,Passed,23
TXN101404,04-09-2025,London Central Hub,London,Fashion,Handbag,London Trade Corp,BATCH-3120,Inbound,62,49,32,18,849.18,1319.3,C1,Harry Johnson,Delayed,7,Yes,Passed,15
TXN101405,11-02-2026,Glasgow Warehouse,Manchester,Electronics,Monitor,Sainsbury Logistics,BATCH-4550,Outbound,166,131,15,8,674.95,1154.13,A1,Charlie Davies,On Time,1,Yes,Passed,24
TXN101406,24-04-2026,Newcastle Depot,Birmingham,Electronics,Keyboard,Northern Supply Chain,BATCH-6638,Outbound,821,102,39,8,959.26,1259.27,D1,Harry Johnson,Slightly Delayed,5,Yes,Passed,14
TXN101407,14-09-2025,Birmingham Distribution,Bristol,Fashion,T-Shirt,UK Retail Goods,BATCH-6806,Outbound,130,50,28,14,882.56,1471.77,A2,George Brown,Delayed,9,No,Passed,24
TXN101408,11-04-2025,Newcastle Depot,Leeds,Fashion,T-Shirt,Tesco Supply Ltd,BATCH-3717,Inbound,606,244,1,11,439.33,547.07,B2,Jack Taylor,On Time,2,No,Passed,2
TXN101409,01-01-2025,Manchester Storage,Manchester,Pharma,Cough Syrup,Prime Wholesale UK,BATCH-7817,Inbound,856,420,24,5,595.62,740.57,C1,George Brown,Slightly Delayed,4,Yes,Passed,11
TXN101410,17-04-2025,Bristol Supply Hub,Leeds,Grocery,Coffee,Prime Wholesale UK,BATCH-1445,Outbound,573,252,7,19,479.15,705.45,D1,Charlie Davies,Delayed,7,No,Failed,17
TXN101411,02-01-2025,Liverpool Logistics,Newcastle,Home Appliances,Air Fryer,UK Retail Goods,BATCH-7579,Inbound,657,542,30,0,263.66,391.76,A2,Charlie Davies,Slightly Delayed,4,Yes,Passed,23
TXN101412,02-02-2025,Leeds Fulfillment,London,Grocery,Cereal,Northern Supply Chain,BATCH-3378,Inbound,166,62,30,1,463.05,703.29,A2,Emily Harris,Slightly Delayed,5,Yes,Passed,4
TXN101413,17-08-2025,Bristol Supply Hub,London,Home Appliances,Vacuum Cleaner,Prime Wholesale UK,BATCH-6483,Outbound,337,265,7,16,235.13,273.05,C1,Emily Harris,On Time,2,No,Passed,18
TXN101414,09-09-2025,Leeds Fulfillment,Bristol,Home Appliances,Air Fryer,London Trade Corp,BATCH-7840,Outbound,689,634,3,10,197.67,337.58,A2,Harry Johnson,On Time,2,Yes,Passed,13
TXN101415,13-04-2025,Birmingham Distribution,Newcastle,Electronics,Monitor,London Trade Corp,BATCH-6773,Outbound,266,181,20,13,1034.58,1206.63,B1,Amelia Clark,Delayed,7,Yes,Passed,13
TXN101416,21-10-2025,Liverpool Logistics,London,Home Appliances,Microwave,Northern Supply Chain,BATCH-9690,Inbound,673,440,13,15,1097.06,1596.2,A1,Harry Johnson,On Time,2,Yes,Passed,20
TXN101417,28-02-2025,Liverpool Logistics,Bristol,Electronics,Monitor,ASDA Distribution,BATCH-4966,Inbound,128,74,31,11,230.29,363.46,D2,Charlie Davies,On Time,3,No,Passed,18
TXN101418,19-01-2026,Glasgow Warehouse,Liverpool,Electronics,Laptop,London Trade Corp,BATCH-7899,Inbound,367,328,3,7,574.08,697.13,A2,George Brown,Slightly Delayed,6,No,Passed,8
TXN101419,13-08-2025,Manchester Storage,Birmingham,Grocery,Cereal,London Trade Corp,BATCH-2093,Outbound,697,177,9,10,933.75,1610.14,D2,Amelia Clark,On Time,2,Yes,Passed,3
TXN101420,03-11-2025,Leeds Fulfillment,Manchester,Grocery,Cooking Oil,UK Retail Goods,BATCH-5123,Outbound,465,435,2,3,836.98,1152.2,B2,Harry Johnson,Delayed,10,No,Passed,12
TXN101421,01-02-2026,London Central Hub,Bristol,Grocery,Rice Pack,Britannia Pharma,BATCH-6936,Outbound,667,268,0,15,719.39,1053.85,B1,Jack Taylor,Slightly Delayed,6,Yes,Failed,17
TXN101422,30-11-2025,Manchester Storage,Bristol,Home Appliances,Vacuum Cleaner,Northern Supply Chain,BATCH-9326,Inbound,769,130,29,15,765.08,1319.32,A2,Noah Wilson,Slightly Delayed,6,Yes,Failed,19
TXN101423,28-12-2025,London Central Hub,Birmingham,Fashion,Jeans,Britannia Pharma,BATCH-3172,Inbound,489,251,1,15,832.43,986.19,B1,Jack Taylor,Slightly Delayed,4,Yes,Passed,22
TXN101424,11-08-2025,London Central Hub,Manchester,Home Appliances,Vacuum Cleaner,ASDA Distribution,BATCH-6079,Outbound,880,848,3,13,810.08,1030.38,C1,George Brown,Slightly Delayed,4,No,Passed,24
TXN101425,04-01-2025,Leeds Fulfillment,Newcastle,Home Appliances,Microwave,Northern Supply Chain,BATCH-6751,Inbound,209,191,1,5,833.29,1059.32,A2,Amelia Clark,Slightly Delayed,6,Yes,Passed,10
TXN101426,04-10-2025,Manchester Storage,Liverpool,Fashion,Sneakers,Prime Wholesale UK,BATCH-1637,Outbound,58,56,18,3,374.17,503.67,C1,George Brown,Delayed,10,No,Passed,10
TXN101427,14-01-2025,Glasgow Warehouse,Bristol,Electronics,Keyboard,London Trade Corp,BATCH-5377,Inbound,107,85,11,12,1032.79,1618.57,B1,Oliver Smith,On Time,2,Yes,Passed,7
TXN101428,30-03-2025,Glasgow Warehouse,Liverpool,Fashion,T-Shirt,UK Retail Goods,BATCH-9802,Outbound,778,410,27,18,798.44,1436.62,A2,Jack Taylor,Delayed,10,Yes,Passed,2
TXN101429,01-12-2025,Birmingham Distribution,Leeds,Home Appliances,Vacuum Cleaner,Tesco Supply Ltd,BATCH-7202,Outbound,673,36,39,7,941.21,1236.64,B1,Noah Wilson,Slightly Delayed,5,No,Passed,13
TXN101430,17-04-2025,Manchester Storage,Bristol,Grocery,Cooking Oil,Northern Supply Chain,BATCH-5168,Inbound,875,327,33,17,727.39,1285.0,D1,Charlie Davies,Slightly Delayed,5,No,Passed,5
TXN101431,18-06-2025,Newcastle Depot,Leeds,Pharma,Vitamin Tablets,UK Retail Goods,BATCH-6570,Inbound,794,595,11,12,1132.81,1995.22,C2,George Brown,Delayed,9,No,Passed,19
TXN101432,24-03-2026,Leeds Fulfillment,Glasgow,Pharma,Bandages,UK Retail Goods,BATCH-6287,Inbound,913,666,0,7,685.34,1140.86,D2,Amelia Clark,Delayed,10,No,Failed,1
TXN101433,24-06-2025,Newcastle Depot,Liverpool,Pharma,Bandages,Britannia Pharma,BATCH-5666,Outbound,177,160,33,6,10.41,17.0,D1,Amelia Clark,Delayed,10,No,Passed,14
TXN101434,23-03-2026,Bristol Supply Hub,London,Home Appliances,Microwave,ASDA Distribution,BATCH-5273,Outbound,517,28,26,3,551.8,936.6,A2,Harry Johnson,On Time,1,Yes,Failed,24
TXN101435,10-08-2025,London Central Hub,Glasgow,Grocery,Cereal,ASDA Distribution,BATCH-9893,Outbound,316,249,6,10,473.67,796.0,A1,Harry Johnson,Delayed,7,No,Passed,15
TXN101436,09-11-2025,Bristol Supply Hub,Glasgow,Pharma,Cough Syrup,Tesco Supply Ltd,BATCH-5558,Outbound,626,205,13,9,834.68,1484.7,A1,Charlie Davies,Slightly Delayed,6,No,Failed,13
TXN101437,07-04-2026,Bristol Supply Hub,Manchester,Home Appliances,Vacuum Cleaner,Prime Wholesale UK,BATCH-9799,Inbound,546,371,19,1,167.18,267.21,C2,Emily Harris,Slightly Delayed,5,Yes,Passed,9
TXN101438,08-08-2025,Bristol Supply Hub,Leeds,Electronics,Tablet,ASDA Distribution,BATCH-7738,Inbound,388,48,15,17,391.85,624.61,C1,Noah Wilson,Delayed,8,No,Passed,17
TXN101439,12-01-2025,Birmingham Distribution,Newcastle,Electronics,Monitor,Northern Supply Chain,BATCH-6463,Inbound,250,102,32,11,268.78,431.14,B2,Oliver Smith,On Time,2,No,Passed,20
TXN101440,02-04-2026,Glasgow Warehouse,Bristol,Home Appliances,Microwave,Sainsbury Logistics,BATCH-1845,Inbound,200,145,29,11,631.4,1030.0,D1,Noah Wilson,On Time,1,No,Passed,9
TXN101441,30-04-2025,Manchester Storage,Birmingham,Pharma,Vitamin Tablets,UK Retail Goods,BATCH-4642,Outbound,693,629,16,12,612.86,930.58,D2,Amelia Clark,Slightly Delayed,4,Yes,Passed,15
TXN101442,25-08-2025,Birmingham Distribution,Bristol,Electronics,Monitor,Sainsbury Logistics,BATCH-7359,Inbound,953,245,7,14,365.24,623.27,D1,Emily Harris,Delayed,8,No,Failed,22
TXN101443,10-05-2026,Glasgow Warehouse,Leeds,Electronics,Keyboard,Britannia Pharma,BATCH-4922,Outbound,678,587,38,15,977.39,1256.41,C2,George Brown,Delayed,8,No,Passed,6
TXN101444,01-09-2025,Leeds Fulfillment,Birmingham,Fashion,T-Shirt,Tesco Supply Ltd,BATCH-8864,Outbound,856,279,1,7,574.06,818.62,D2,Charlie Davies,Delayed,9,Yes,Passed,9
TXN101445,30-11-2025,London Central Hub,London,Home Appliances,Air Fryer,Tesco Supply Ltd,BATCH-1762,Outbound,409,122,19,2,95.86,156.07,A1,Amelia Clark,Slightly Delayed,4,No,Passed,12
TXN101446,02-12-2025,Glasgow Warehouse,Liverpool,Pharma,Vitamin Tablets,London Trade Corp,BATCH-3953,Inbound,297,168,16,10,296.78,530.71,B1,Amelia Clark,Slightly Delayed,6,No,Passed,1
TXN101447,22-02-2026,Glasgow Warehouse,Bristol,Electronics,Laptop,ASDA Distribution,BATCH-2288,Outbound,316,258,1,18,885.55,1017.58,C2,Harry Johnson,Slightly Delayed,4,Yes,Passed,17
TXN101448,29-08-2025,Manchester Storage,Bristol,Electronics,Smartphone,Prime Wholesale UK,BATCH-1000,Outbound,564,240,28,8,485.14,559.63,D2,Amelia Clark,Slightly Delayed,5,No,Passed,21
TXN101449,26-07-2025,Glasgow Warehouse,London,Fashion,Handbag,ASDA Distribution,BATCH-5525,Inbound,956,170,39,0,889.75,1422.19,B2,Noah Wilson,Slightly Delayed,6,Yes,Passed,23
TXN101450,23-05-2025,Liverpool Logistics,Bristol,Grocery,Cereal,Sainsbury Logistics,BATCH-3548,Inbound,771,210,31,13,1090.38,1852.29,C1,Oliver Smith,Slightly Delayed,6,No,Passed,2
TXN101451,20-04-2025,Manchester Storage,Leeds,Grocery,Rice Pack,Prime Wholesale UK,BATCH-9197,Outbound,594,417,24,1,373.45,491.19,B1,Jack Taylor,Slightly Delayed,4,No,Passed,9
TXN101452,15-04-2026,Newcastle Depot,Liverpool,Pharma,Vitamin Tablets,London Trade Corp,BATCH-2344,Outbound,52,32,20,19,318.63,373.49,D1,Jack Taylor,On Time,3,No,Passed,15
TXN101453,14-03-2025,Glasgow Warehouse,Liverpool,Pharma,Paracetamol,Britannia Pharma,BATCH-7855,Outbound,258,43,13,11,96.24,151.29,A2,Charlie Davies,On Time,1,Yes,Passed,19
TXN101454,18-02-2026,Leeds Fulfillment,Manchester,Home Appliances,Microwave,Sainsbury Logistics,BATCH-7145,Outbound,703,191,7,15,662.7,881.06,C2,Harry Johnson,Delayed,10,No,Passed,14
TXN101455,16-02-2025,London Central Hub,London,Pharma,Vitamin Tablets,UK Retail Goods,BATCH-9730,Inbound,270,157,13,3,707.18,931.88,C1,Amelia Clark,Delayed,10,Yes,Passed,8
TXN101456,22-10-2025,Liverpool Logistics,London,Grocery,Cereal,ASDA Distribution,BATCH-3840,Inbound,886,197,19,5,127.84,195.06,C2,George Brown,Slightly Delayed,6,No,Passed,6
TXN101457,05-07-2025,London Central Hub,Manchester,Pharma,Paracetamol,London Trade Corp,BATCH-4661,Inbound,139,57,25,2,239.99,278.07,B2,Oliver Smith,Slightly Delayed,6,No,Passed,9
TXN101458,04-07-2025,Leeds Fulfillment,Glasgow,Electronics,Monitor,London Trade Corp,BATCH-8481,Outbound,501,292,5,3,1072.98,1643.43,D1,Noah Wilson,Delayed,7,No,Passed,10
TXN101459,16-03-2026,Leeds Fulfillment,Glasgow,Pharma,Paracetamol,Sainsbury Logistics,BATCH-1902,Outbound,851,591,11,19,711.26,852.77,C1,Harry Johnson,Delayed,10,Yes,Failed,0
TXN101460,31-01-2025,Birmingham Distribution,Birmingham,Fashion,Jacket,Britannia Pharma,BATCH-3195,Inbound,989,731,24,20,459.74,703.91,D1,George Brown,On Time,1,No,Failed,16
TXN101461,29-11-2025,Bristol Supply Hub,Birmingham,Grocery,Cooking Oil,Tesco Supply Ltd,BATCH-9668,Inbound,753,105,40,15,430.23,665.4,C1,Emily Harris,On Time,3,Yes,Passed,23
TXN101462,10-09-2025,Birmingham Distribution,Newcastle,Electronics,Laptop,Tesco Supply Ltd,BATCH-4297,Inbound,403,311,14,4,796.15,1229.18,B1,Oliver Smith,Slightly Delayed,6,Yes,Passed,20
TXN101463,12-10-2025,Manchester Storage,Birmingham,Fashion,Sneakers,London Trade Corp,BATCH-2447,Outbound,622,367,39,15,883.34,1128.79,C2,George Brown,Slightly Delayed,4,Yes,Passed,10
TXN101464,28-05-2025,Birmingham Distribution,Birmingham,Home Appliances,Mixer,Britannia Pharma,BATCH-1209,Outbound,773,170,40,16,482.32,802.68,C2,Jack Taylor,On Time,1,No,Passed,8
TXN101465,21-11-2025,Glasgow Warehouse,Bristol,Fashion,T-Shirt,Northern Supply Chain,BATCH-5253,Inbound,759,641,21,1,863.03,963.41,A1,Harry Johnson,On Time,2,No,Passed,10
TXN101466,15-08-2025,Bristol Supply Hub,Glasgow,Pharma,Bandages,Northern Supply Chain,BATCH-4893,Inbound,874,157,14,16,672.84,990.14,B2,Amelia Clark,Delayed,9,Yes,Passed,13
TXN101467,12-10-2025,Leeds Fulfillment,Newcastle,Grocery,Cooking Oil,Britannia Pharma,BATCH-8327,Inbound,913,625,1,2,1190.79,1976.18,A1,Noah Wilson,Slightly Delayed,4,Yes,Passed,6
TXN101468,09-01-2026,Birmingham Distribution,Leeds,Pharma,Paracetamol,Britannia Pharma,BATCH-2202,Inbound,828,758,16,16,706.3,1266.56,C1,Emily Harris,Slightly Delayed,6,Yes,Passed,11
TXN101469,31-08-2025,London Central Hub,Glasgow,Grocery,Coffee,UK Retail Goods,BATCH-3065,Outbound,501,85,35,7,708.29,1216.77,D2,Oliver Smith,Delayed,7,No,Passed,16
TXN101470,31-10-2025,Glasgow Warehouse,Birmingham,Home Appliances,Air Fryer,Sainsbury Logistics,BATCH-9610,Inbound,884,661,33,13,1002.48,1335.51,A1,Harry Johnson,On Time,3,Yes,Failed,4
TXN101471,15-12-2025,Bristol Supply Hub,Newcastle,Grocery,Coffee,Northern Supply Chain,BATCH-9113,Inbound,264,30,27,16,619.52,866.69,D1,Jack Taylor,Slightly Delayed,5,No,Failed,25
TXN101472,17-03-2025,Glasgow Warehouse,Liverpool,Home Appliances,Vacuum Cleaner,ASDA Distribution,BATCH-8824,Outbound,541,295,17,18,393.92,591.82,C2,Charlie Davies,Slightly Delayed,6,Yes,Passed,16
TXN101473,13-05-2026,Birmingham Distribution,Bristol,Home Appliances,Air Fryer,Prime Wholesale UK,BATCH-6295,Inbound,331,295,29,8,108.95,172.15,A2,Emily Harris,Slightly Delayed,5,No,Passed,8
TXN101474,09-06-2025,Bristol Supply Hub,Newcastle,Pharma,Vitamin Tablets,Northern Supply Chain,BATCH-4892,Inbound,324,228,22,10,90.97,122.88,A1,Noah Wilson,Delayed,7,No,Failed,23
TXN101475,22-10-2025,Birmingham Distribution,Birmingham,Home Appliances,Vacuum Cleaner,Britannia Pharma,BATCH-3368,Inbound,112,34,25,6,1005.36,1166.32,C1,Noah Wilson,Slightly Delayed,6,No,Passed,24
TXN101476,12-08-2025,London Central Hub,Manchester,Home Appliances,Vacuum Cleaner,Tesco Supply Ltd,BATCH-5498,Inbound,541,410,26,17,63.34,97.54,B2,Noah Wilson,Slightly Delayed,5,No,Passed,17
TXN101477,24-07-2025,Newcastle Depot,Manchester,Electronics,Laptop,London Trade Corp,BATCH-6346,Outbound,908,894,21,7,529.17,671.73,C1,Amelia Clark,Delayed,9,Yes,Passed,11
TXN101478,22-04-2026,Bristol Supply Hub,Birmingham,Grocery,Cereal,Prime Wholesale UK,BATCH-3228,Inbound,207,120,2,19,1069.18,1538.75,C2,Noah Wilson,Slightly Delayed,5,No,Passed,22
TXN101479,16-02-2026,London Central Hub,Birmingham,Pharma,Paracetamol,ASDA Distribution,BATCH-6855,Outbound,159,59,33,11,493.48,798.07,B2,Noah Wilson,On Time,3,Yes,Passed,21
TXN101480,02-08-2025,Glasgow Warehouse,Bristol,Fashion,T-Shirt,Prime Wholesale UK,BATCH-9388,Outbound,398,183,35,4,111.76,135.35,C1,Amelia Clark,On Time,3,Yes,Passed,14
TXN101481,26-04-2026,Manchester Storage,Newcastle,Home Appliances,Mixer,Prime Wholesale UK,BATCH-7138,Outbound,901,512,21,2,801.23,1382.6,A2,George Brown,Delayed,10,No,Passed,9
TXN101482,14-11-2025,Liverpool Logistics,Glasgow,Electronics,Smartphone,Prime Wholesale UK,BATCH-5458,Outbound,668,189,21,6,808.26,1132.06,D2,Amelia Clark,Slightly Delayed,5,No,Passed,12
TXN101483,23-11-2025,Liverpool Logistics,Bristol,Pharma,Paracetamol,Prime Wholesale UK,BATCH-9071,Inbound,542,39,23,10,367.08,561.24,C2,Amelia Clark,Slightly Delayed,4,Yes,Passed,4
TXN101484,19-03-2026,Liverpool Logistics,Glasgow,Electronics,Keyboard,Prime Wholesale UK,BATCH-8645,Inbound,322,47,31,12,1136.2,1801.73,A1,Oliver Smith,Slightly Delayed,5,Yes,Passed,3
TXN101485,24-02-2026,Leeds Fulfillment,Newcastle,Pharma,Cough Syrup,Sainsbury Logistics,BATCH-3833,Outbound,523,252,14,9,739.4,949.38,C2,Emily Harris,On Time,2,No,Failed,12
TXN101486,18-02-2025,Glasgow Warehouse,Glasgow,Pharma,Paracetamol,Prime Wholesale UK,BATCH-4506,Outbound,278,195,17,20,1159.85,1790.48,B1,Noah Wilson,Slightly Delayed,5,Yes,Passed,17
TXN101487,18-01-2026,Newcastle Depot,Glasgow,Pharma,Cough Syrup,ASDA Distribution,BATCH-7697,Outbound,407,302,1,18,943.98,1591.24,A1,George Brown,Delayed,8,No,Passed,20
TXN101488,16-08-2025,London Central Hub,Newcastle,Electronics,Tablet,ASDA Distribution,BATCH-5122,Outbound,470,105,15,6,891.29,1389.2,D2,Harry Johnson,Slightly Delayed,5,No,Passed,23
TXN101489,24-06-2025,Liverpool Logistics,Newcastle,Fashion,Handbag,Britannia Pharma,BATCH-7108,Outbound,550,271,18,3,669.39,1070.72,A1,Harry Johnson,Delayed,10,No,Failed,0
TXN101490,04-12-2025,Manchester Storage,Newcastle,Grocery,Cereal,Tesco Supply Ltd,BATCH-7278,Outbound,894,417,6,0,98.01,131.68,C1,Oliver Smith,On Time,1,No,Passed,17
TXN101491,26-02-2025,Glasgow Warehouse,Liverpool,Fashion,Handbag,Northern Supply Chain,BATCH-8293,Outbound,232,155,20,10,817.49,1126.92,B2,Charlie Davies,On Time,3,Yes,Passed,25
TXN101492,21-08-2025,Liverpool Logistics,Leeds,Fashion,T-Shirt,ASDA Distribution,BATCH-4500,Inbound,295,208,22,16,715.24,809.53,C2,Harry Johnson,On Time,1,Yes,Passed,19
TXN101493,10-09-2025,Liverpool Logistics,Bristol,Electronics,Laptop,Northern Supply Chain,BATCH-4686,Outbound,328,117,3,19,564.37,959.48,D2,Amelia Clark,On Time,3,No,Passed,24
TXN101494,16-02-2026,Bristol Supply Hub,Glasgow,Electronics,Smartphone,Sainsbury Logistics,BATCH-7387,Inbound,582,42,12,0,798.71,1389.69,B1,Charlie Davies,Slightly Delayed,4,Yes,Passed,21
TXN101495,14-03-2025,Bristol Supply Hub,Bristol,Fashion,Jeans,ASDA Distribution,BATCH-2449,Inbound,968,766,30,18,1135.44,1811.34,B1,Noah Wilson,On Time,2,Yes,Failed,2
TXN101496,18-10-2025,Birmingham Distribution,Glasgow,Pharma,Vitamin Tablets,Britannia Pharma,BATCH-7460,Outbound,380,101,24,2,1108.31,1673.44,D2,Jack Taylor,Delayed,9,No,Passed,12
TXN101497,19-02-2025,Glasgow Warehouse,Manchester,Pharma,Vitamin Tablets,UK Retail Goods,BATCH-7259,Outbound,235,115,20,8,347.26,400.56,B2,Oliver Smith,Delayed,9,No,Passed,4
TXN101498,20-09-2025,Manchester Storage,Leeds,Electronics,Tablet,Prime Wholesale UK,BATCH-2315,Outbound,615,572,6,18,263.58,444.46,D1,George Brown,Delayed,7,Yes,Passed,0
TXN101499,06-04-2026,Birmingham Distribution,Newcastle,Electronics,Smartphone,Sainsbury Logistics,BATCH-9875,Inbound,727,554,15,6,295.31,380.03,D1,Oliver Smith,On Time,1,Yes,Passed,0
TXN101500,06-01-2025,Newcastle Depot,Bristol,Home Appliances,Air Fryer,ASDA Distribution,BATCH-9904,Inbound,949,816,25,9,565.11,812.65,D2,Amelia Clark,Delayed,10,Yes,Failed,23
TXN101501,05-04-2025,Newcastle Depot,Birmingham,Home Appliances,Microwave,Tesco Supply Ltd,BATCH-5619,Outbound,52,50,26,20,581.92,981.6,A1,Jack Taylor,Delayed,7,Yes,Failed,16
TXN101502,12-02-2026,Bristol Supply Hub,Newcastle,Fashion,Handbag,Britannia Pharma,BATCH-2788,Inbound,277,42,14,5,467.61,611.71,D1,Oliver Smith,Slightly Delayed,6,No,Passed,22
TXN101503,04-01-2026,Newcastle Depot,London,Grocery,Cereal,UK Retail Goods,BATCH-5888,Inbound,748,40,24,8,956.32,1432.94,C2,Harry Johnson,Delayed,10,No,Passed,21
TXN101504,14-03-2025,Newcastle Depot,London,Electronics,Laptop,Prime Wholesale UK,BATCH-5542,Inbound,615,90,23,17,690.77,850.67,A2,Charlie Davies,Delayed,9,Yes,Passed,2
TXN101505,13-03-2025,Bristol Supply Hub,London,Home Appliances,Vacuum Cleaner,Prime Wholesale UK,BATCH-7010,Outbound,702,427,8,10,1143.36,1579.06,A1,George Brown,On Time,1,Yes,Passed,6
TXN101506,03-01-2025,Newcastle Depot,Liverpool,Pharma,Vitamin Tablets,London Trade Corp,BATCH-2383,Outbound,824,535,19,6,820.52,1259.57,C1,Charlie Davies,On Time,2,No,Passed,12
TXN101507,05-06-2025,Manchester Storage,Birmingham,Home Appliances,Vacuum Cleaner,UK Retail Goods,BATCH-4103,Inbound,840,726,22,3,36.07,43.79,C2,Charlie Davies,On Time,2,No,Passed,18
TXN101508,15-03-2026,London Central Hub,Liverpool,Home Appliances,Mixer,Tesco Supply Ltd,BATCH-6659,Outbound,275,193,38,14,124.46,217.84,D2,Oliver Smith,On Time,2,No,Passed,2
TXN101509,04-10-2025,Glasgow Warehouse,Liverpool,Grocery,Coffee,UK Retail Goods,BATCH-8343,Outbound,981,975,24,0,399.3,708.45,C1,Harry Johnson,Slightly Delayed,5,No,Passed,24
TXN101510,16-06-2025,Newcastle Depot,Liverpool,Fashion,T-Shirt,ASDA Distribution,BATCH-8740,Inbound,525,463,27,1,16.22,21.02,A1,Noah Wilson,Slightly Delayed,5,Yes,Failed,5
TXN101511,21-03-2026,London Central Hub,Leeds,Pharma,Bandages,Britannia Pharma,BATCH-9738,Inbound,816,759,28,10,1095.33,1959.04,C1,Emily Harris,Slightly Delayed,5,Yes,Passed,3
TXN101512,21-08-2025,Glasgow Warehouse,Leeds,Home Appliances,Mixer,Prime Wholesale UK,BATCH-7775,Inbound,402,218,1,10,1014.92,1231.64,A2,Harry Johnson,On Time,1,Yes,Passed,15
TXN101513,24-06-2025,Newcastle Depot,Birmingham,Home Appliances,Air Fryer,Sainsbury Logistics,BATCH-7347,Inbound,451,177,28,11,351.47,569.46,C1,Charlie Davies,Delayed,7,No,Passed,21
TXN101514,16-03-2026,Bristol Supply Hub,London,Electronics,Tablet,Northern Supply Chain,BATCH-7208,Inbound,643,30,38,16,313.1,494.6,D1,Harry Johnson,Delayed,9,Yes,Passed,16
TXN101515,01-04-2026,Glasgow Warehouse,Newcastle,Grocery,Tea Bags,Tesco Supply Ltd,BATCH-4360,Outbound,850,581,30,1,751.63,1280.49,B1,Amelia Clark,Delayed,8,Yes,Passed,15
TXN101516,24-01-2026,Glasgow Warehouse,Manchester,Fashion,Handbag,Sainsbury Logistics,BATCH-7872,Inbound,238,210,28,2,805.75,934.49,B1,Oliver Smith,Delayed,8,No,Passed,17
TXN101517,08-02-2026,Liverpool Logistics,Leeds,Grocery,Coffee,Britannia Pharma,BATCH-7210,Inbound,256,61,14,6,822.87,1352.32,D1,Oliver Smith,On Time,1,No,Passed,18
TXN101518,13-08-2025,Bristol Supply Hub,Glasgow,Pharma,Vitamin Tablets,Sainsbury Logistics,BATCH-6005,Inbound,746,22,25,19,415.83,495.4,B1,Charlie Davies,Slightly Delayed,6,Yes,Passed,15
TXN101519,28-05-2025,Glasgow Warehouse,Liverpool,Electronics,Laptop,ASDA Distribution,BATCH-2907,Inbound,854,411,16,8,639.62,1074.32,C1,George Brown,Slightly Delayed,6,No,Passed,11
TXN101520,12-05-2026,Glasgow Warehouse,London,Pharma,Vitamin Tablets,Prime Wholesale UK,BATCH-7951,Outbound,592,26,20,7,1169.44,1622.17,D1,Oliver Smith,Slightly Delayed,5,Yes,Passed,1
TXN101521,07-04-2026,Glasgow Warehouse,Bristol,Grocery,Cereal,Northern Supply Chain,BATCH-4421,Inbound,183,63,7,7,1065.82,1856.59,D2,Emily Harris,On Time,1,Yes,Failed,16
TXN101522,05-07-2025,Birmingham Distribution,Manchester,Fashion,Jeans,Prime Wholesale UK,BATCH-7427,Outbound,896,836,4,8,962.72,1601.87,C1,Harry Johnson,Delayed,10,No,Passed,0
TXN101523,15-06-2025,London Central Hub,Birmingham,Grocery,Cooking Oil,Prime Wholesale UK,BATCH-6115,Outbound,828,207,34,17,610.34,872.61,A2,George Brown,On Time,1,Yes,Passed,4
TXN101524,23-07-2025,Newcastle Depot,Birmingham,Grocery,Rice Pack,ASDA Distribution,BATCH-1910,Outbound,134,112,31,11,360.58,635.7,D1,Amelia Clark,On Time,2,Yes,Passed,14
TXN101525,10-05-2025,London Central Hub,Liverpool,Pharma,Paracetamol,Northern Supply Chain,BATCH-1907,Outbound,848,120,22,5,489.88,772.24,C2,Jack Taylor,Delayed,8,Yes,Passed,6
TXN101526,23-07-2025,London Central Hub,Bristol,Electronics,Keyboard,Tesco Supply Ltd,BATCH-2440,Outbound,431,279,31,4,1082.99,1713.46,C2,Emily Harris,Slightly Delayed,4,Yes,Passed,7
TXN101527,21-11-2025,Manchester Storage,Glasgow,Grocery,Tea Bags,Tesco Supply Ltd,BATCH-2750,Outbound,547,97,17,17,413.98,659.3,D2,Emily Harris,Delayed,10,Yes,Passed,0
TXN101528,09-10-2025,Glasgow Warehouse,Birmingham,Home Appliances,Vacuum Cleaner,UK Retail Goods,BATCH-4716,Inbound,408,57,36,4,60.23,102.02,D2,Oliver Smith,On Time,3,No,Passed,18
TXN101529,09-05-2026,Glasgow Warehouse,Glasgow,Grocery,Tea Bags,ASDA Distribution,BATCH-2266,Outbound,649,368,32,5,714.1,837.07,B2,Emily Harris,Delayed,9,Yes,Failed,9
TXN101530,14-04-2026,Newcastle Depot,Liverpool,Home Appliances,Vacuum Cleaner,Northern Supply Chain,BATCH-3596,Outbound,69,49,21,14,366.73,623.97,B1,Charlie Davies,Slightly Delayed,5,Yes,Passed,16
TXN101531,08-01-2026,Bristol Supply Hub,Newcastle,Home Appliances,Vacuum Cleaner,Prime Wholesale UK,BATCH-3815,Outbound,759,91,11,9,785.5,1387.77,C1,Noah Wilson,Delayed,8,No,Passed,6
TXN101532,05-07-2025,Glasgow Warehouse,Bristol,Pharma,Cough Syrup,Britannia Pharma,BATCH-4650,Inbound,687,493,33,15,201.93,359.87,B1,Oliver Smith,Delayed,7,Yes,Passed,8
TXN101533,17-11-2025,London Central Hub,Leeds,Home Appliances,Mixer,Tesco Supply Ltd,BATCH-2078,Outbound,706,323,8,9,567.73,967.92,C2,Emily Harris,On Time,1,Yes,Passed,15
TXN101534,06-03-2025,Birmingham Distribution,London,Fashion,Jeans,UK Retail Goods,BATCH-7759,Inbound,344,105,25,12,834.95,1484.79,A1,Harry Johnson,On Time,3,No,Passed,20
TXN101535,21-01-2026,Birmingham Distribution,Bristol,Electronics,Laptop,Britannia Pharma,BATCH-2078,Outbound,745,360,9,14,293.86,517.47,D2,Charlie Davies,On Time,2,No,Passed,18
TXN101536,22-04-2025,Leeds Fulfillment,Newcastle,Electronics,Laptop,Britannia Pharma,BATCH-3680,Inbound,699,87,33,8,155.42,237.37,B2,Charlie Davies,Slightly Delayed,4,No,Failed,21
TXN101537,27-03-2025,Birmingham Distribution,Leeds,Fashion,T-Shirt,Prime Wholesale UK,BATCH-4871,Outbound,856,508,5,11,302.79,459.21,C2,Oliver Smith,On Time,3,Yes,Passed,23
TXN101538,10-08-2025,Newcastle Depot,Bristol,Grocery,Cooking Oil,ASDA Distribution,BATCH-6107,Outbound,669,596,1,18,50.33,89.59,B1,Emily Harris,On Time,1,No,Passed,7
TXN101539,10-09-2025,London Central Hub,Bristol,Pharma,Cough Syrup,Prime Wholesale UK,BATCH-6958,Outbound,316,46,18,5,771.35,915.95,B2,Noah Wilson,Delayed,10,No,Passed,7
TXN101540,19-03-2026,Glasgow Warehouse,Birmingham,Home Appliances,Air Fryer,Prime Wholesale UK,BATCH-4644,Outbound,651,39,17,10,1025.14,1658.2,D2,Noah Wilson,Delayed,10,Yes,Passed,25
TXN101541,08-05-2025,Liverpool Logistics,London,Home Appliances,Mixer,Sainsbury Logistics,BATCH-4768,Outbound,963,246,15,0,1121.43,1416.04,C1,Harry Johnson,Slightly Delayed,6,Yes,Passed,4
TXN101542,22-03-2025,Liverpool Logistics,Glasgow,Pharma,Bandages,Tesco Supply Ltd,BATCH-6311,Inbound,309,31,40,18,648.79,800.36,D1,Oliver Smith,Delayed,8,Yes,Passed,7
TXN101543,16-03-2026,Leeds Fulfillment,London,Grocery,Coffee,Britannia Pharma,BATCH-3488,Inbound,148,27,31,2,441.94,596.42,C1,Charlie Davies,Delayed,9,No,Passed,9
TXN101544,14-06-2025,London Central Hub,Newcastle,Electronics,Laptop,ASDA Distribution,BATCH-2493,Inbound,657,655,10,11,976.55,1659.25,C2,Oliver Smith,On Time,3,No,Passed,22
TXN101545,21-12-2025,Glasgow Warehouse,Glasgow,Grocery,Coffee,Prime Wholesale UK,BATCH-2986,Outbound,675,280,4,19,856.98,1224.89,D1,Noah Wilson,Slightly Delayed,6,Yes,Passed,16
TXN101546,10-12-2025,Glasgow Warehouse,Bristol,Grocery,Coffee,UK Retail Goods,BATCH-6176,Inbound,469,145,1,13,148.79,206.43,A1,Oliver Smith,On Time,2,No,Passed,13
TXN101547,14-09-2025,Bristol Supply Hub,Newcastle,Electronics,Smartphone,Prime Wholesale UK,BATCH-2267,Outbound,92,57,9,1,380.7,568.64,B2,Noah Wilson,Delayed,7,No,Passed,0
TXN101548,27-01-2026,Manchester Storage,London,Home Appliances,Mixer,UK Retail Goods,BATCH-3437,Outbound,813,803,37,1,135.62,156.65,A2,Noah Wilson,Slightly Delayed,5,Yes,Passed,8
TXN101549,29-12-2025,Glasgow Warehouse,Manchester,Fashion,Jacket,London Trade Corp,BATCH-7888,Inbound,445,144,35,16,141.09,250.69,C2,Oliver Smith,Delayed,8,No,Passed,10
TXN101550,02-05-2026,Newcastle Depot,Birmingham,Fashion,Handbag,Tesco Supply Ltd,BATCH-2839,Outbound,599,184,24,15,215.44,242.15,D2,George Brown,Delayed,8,Yes,Passed,14
TXN101551,07-05-2026,London Central Hub,Bristol,Grocery,Coffee,Prime Wholesale UK,BATCH-9526,Outbound,480,164,1,14,621.34,999.74,A2,Jack Taylor,On Time,1,No,Passed,9
TXN101552,29-04-2026,Bristol Supply Hub,Newcastle,Home Appliances,Vacuum Cleaner,London Trade Corp,BATCH-2120,Outbound,471,256,5,8,468.1,601.23,D2,Harry Johnson,On Time,1,Yes,Passed,13
TXN101553,05-06-2025,Manchester Storage,London,Pharma,Cough Syrup,Prime Wholesale UK,BATCH-4432,Inbound,491,43,22,19,955.75,1600.61,A1,Oliver Smith,Slightly Delayed,4,Yes,Passed,11
TXN101554,11-02-2026,Liverpool Logistics,Manchester,Home Appliances,Microwave,Northern Supply Chain,BATCH-9112,Outbound,488,189,13,7,925.78,1474.26,A2,George Brown,Delayed,8,No,Passed,3
TXN101555,12-03-2025,Leeds Fulfillment,Glasgow,Pharma,Cough Syrup,London Trade Corp,BATCH-1389,Inbound,610,512,9,0,1023.28,1228.45,C2,Jack Taylor,On Time,1,Yes,Failed,16
TXN101556,02-05-2025,Newcastle Depot,Birmingham,Electronics,Keyboard,Britannia Pharma,BATCH-7185,Inbound,650,583,13,18,1016.73,1404.13,D1,Noah Wilson,Delayed,8,Yes,Passed,6
TXN101557,10-06-2025,Leeds Fulfillment,Liverpool,Pharma,Vitamin Tablets,Tesco Supply Ltd,BATCH-9056,Outbound,588,245,3,0,40.74,47.08,A2,Emily Harris,Slightly Delayed,4,No,Passed,10
TXN101558,21-02-2025,Bristol Supply Hub,Birmingham,Pharma,Bandages,Sainsbury Logistics,BATCH-6518,Inbound,822,416,9,16,744.94,1180.9,D2,Charlie Davies,Slightly Delayed,6,No,Passed,1
TXN101559,10-07-2025,Newcastle Depot,Newcastle,Electronics,Tablet,ASDA Distribution,BATCH-4022,Outbound,180,83,2,4,273.22,482.98,A2,Charlie Davies,On Time,1,Yes,Passed,8
TXN101560,31-07-2025,London Central Hub,Manchester,Electronics,Keyboard,Sainsbury Logistics,BATCH-4563,Inbound,921,664,10,16,1059.66,1174.51,D2,Jack Taylor,On Time,2,No,Passed,15
TXN101561,20-07-2025,Leeds Fulfillment,Leeds,Home Appliances,Mixer,Britannia Pharma,BATCH-3544,Inbound,647,590,24,6,502.46,667.5,B1,George Brown,Delayed,8,No,Passed,22
TXN101562,01-05-2025,Leeds Fulfillment,Glasgow,Home Appliances,Vacuum Cleaner,Tesco Supply Ltd,BATCH-4708,Inbound,307,294,34,12,233.71,268.61,A2,Oliver Smith,Delayed,8,Yes,Passed,12
TXN101563,29-07-2025,Manchester Storage,London,Fashion,Handbag,Britannia Pharma,BATCH-8441,Inbound,881,144,16,3,727.12,926.33,A2,Harry Johnson,Delayed,10,Yes,Passed,23
TXN101564,14-10-2025,Liverpool Logistics,Leeds,Pharma,Bandages,ASDA Distribution,BATCH-1741,Inbound,723,712,38,4,1066.63,1715.56,C1,Harry Johnson,Delayed,7,No,Passed,2
TXN101565,17-04-2026,Liverpool Logistics,Birmingham,Grocery,Rice Pack,London Trade Corp,BATCH-2897,Outbound,578,126,7,17,762.02,1004.67,A1,Jack Taylor,Slightly Delayed,6,No,Passed,14
TXN101566,21-08-2025,Newcastle Depot,Liverpool,Electronics,Keyboard,ASDA Distribution,BATCH-1356,Inbound,419,232,0,18,895.08,1481.06,A2,Jack Taylor,Delayed,7,No,Passed,24
TXN101567,04-11-2025,London Central Hub,Newcastle,Fashion,Sneakers,Britannia Pharma,BATCH-1447,Inbound,372,262,8,4,551.98,862.73,B2,Emily Harris,Delayed,8,No,Passed,8
TXN101568,28-05-2025,Bristol Supply Hub,Leeds,Home Appliances,Air Fryer,ASDA Distribution,BATCH-1070,Outbound,53,34,15,19,132.32,166.74,A1,Noah Wilson,Delayed,10,Yes,Passed,13
TXN101569,04-05-2025,London Central Hub,Manchester,Fashion,Sneakers,Tesco Supply Ltd,BATCH-9746,Outbound,289,53,35,1,420.48,734.92,C2,Jack Taylor,Delayed,7,No,Passed,25
TXN101570,24-05-2025,Bristol Supply Hub,Newcastle,Electronics,Tablet,Britannia Pharma,BATCH-7202,Outbound,379,135,25,1,469.25,610.98,C1,Harry Johnson,On Time,1,No,Passed,0
TXN101571,03-01-2025,Newcastle Depot,Newcastle,Grocery,Tea Bags,UK Retail Goods,BATCH-8872,Outbound,877,129,1,1,1106.02,1569.66,C1,Noah Wilson,Delayed,8,Yes,Passed,1
TXN101572,03-03-2026,London Central Hub,Leeds,Fashion,Handbag,Tesco Supply Ltd,BATCH-3788,Inbound,155,48,4,14,132.41,210.85,C1,Jack Taylor,Delayed,7,No,Passed,2
TXN101573,05-06-2025,Bristol Supply Hub,Glasgow,Pharma,Cough Syrup,London Trade Corp,BATCH-3650,Inbound,919,626,27,14,338.78,427.76,A2,Emily Harris,Delayed,9,Yes,Passed,6
TXN101574,03-04-2025,Bristol Supply Hub,Glasgow,Grocery,Coffee,UK Retail Goods,BATCH-7322,Inbound,299,20,3,9,742.54,1231.04,D2,Emily Harris,Delayed,10,Yes,Passed,3
TXN101575,21-04-2026,Glasgow Warehouse,Bristol,Fashion,Jeans,London Trade Corp,BATCH-4991,Inbound,631,330,27,4,331.29,479.28,D2,Amelia Clark,On Time,3,No,Failed,21
TXN101576,15-04-2026,Newcastle Depot,London,Electronics,Smartphone,Northern Supply Chain,BATCH-1096,Outbound,768,100,15,8,693.93,1147.57,C2,Harry Johnson,Delayed,8,No,Passed,7
TXN101577,24-12-2025,Liverpool Logistics,Glasgow,Pharma,Bandages,Britannia Pharma,BATCH-7441,Outbound,672,148,7,3,469.35,627.66,D1,Noah Wilson,Delayed,7,No,Passed,0
TXN101578,03-11-2025,Leeds Fulfillment,Birmingham,Electronics,Smartphone,Prime Wholesale UK,BATCH-2622,Outbound,728,663,20,11,585.77,991.63,D1,George Brown,Slightly Delayed,4,No,Passed,10
TXN101579,28-01-2025,Manchester Storage,Manchester,Grocery,Cereal,Tesco Supply Ltd,BATCH-2362,Outbound,903,892,3,10,33.51,58.53,D1,Harry Johnson,Delayed,7,No,Passed,2
TXN101580,11-02-2025,Manchester Storage,Liverpool,Home Appliances,Air Fryer,Tesco Supply Ltd,BATCH-1768,Inbound,247,163,16,8,1161.69,1885.29,B2,Jack Taylor,Delayed,9,No,Passed,18
TXN101581,07-02-2025,Leeds Fulfillment,Manchester,Home Appliances,Mixer,Prime Wholesale UK,BATCH-8638,Inbound,832,716,35,12,576.3,713.26,D1,Charlie Davies,Slightly Delayed,4,No,Passed,23
TXN101582,26-03-2026,Bristol Supply Hub,Liverpool,Fashion,Jacket,ASDA Distribution,BATCH-9622,Outbound,670,161,8,2,927.66,1364.79,C1,Harry Johnson,On Time,3,No,Passed,12
TXN101583,08-11-2025,Liverpool Logistics,Glasgow,Electronics,Tablet,ASDA Distribution,BATCH-7780,Outbound,898,49,9,6,499.08,816.1,D1,Jack Taylor,Delayed,7,Yes,Passed,7
TXN101584,13-03-2025,Birmingham Distribution,Bristol,Grocery,Cooking Oil,Prime Wholesale UK,BATCH-2666,Inbound,850,611,4,18,882.34,1377.34,D1,Noah Wilson,Slightly Delayed,6,No,Passed,18
TXN101585,25-01-2026,Leeds Fulfillment,Leeds,Pharma,Cough Syrup,UK Retail Goods,BATCH-8032,Outbound,915,900,10,5,379.06,657.63,A2,Harry Johnson,Delayed,7,Yes,Passed,9
TXN101586,15-10-2025,Manchester Storage,Glasgow,Grocery,Cooking Oil,London Trade Corp,BATCH-6697,Inbound,97,74,16,0,727.97,1065.61,D1,George Brown,Slightly Delayed,6,No,Passed,16
TXN101587,04-05-2026,Liverpool Logistics,Newcastle,Fashion,Handbag,Sainsbury Logistics,BATCH-2904,Outbound,103,41,22,18,122.07,147.26,B1,Amelia Clark,Slightly Delayed,5,No,Passed,23
TXN101588,31-03-2025,Glasgow Warehouse,Newcastle,Electronics,Tablet,Prime Wholesale UK,BATCH-4725,Outbound,199,68,20,16,359.86,530.66,B2,Charlie Davies,On Time,1,No,Passed,18
TXN101589,07-02-2025,Liverpool Logistics,Bristol,Pharma,Cough Syrup,Prime Wholesale UK,BATCH-1194,Inbound,119,92,9,8,865.17,1114.86,D1,George Brown,On Time,2,No,Passed,12
TXN101590,16-04-2025,London Central Hub,London,Fashion,T-Shirt,London Trade Corp,BATCH-7519,Inbound,156,46,10,11,1137.95,1484.07,A1,George Brown,On Time,3,Yes,Passed,20
TXN101591,16-12-2025,Liverpool Logistics,Manchester,Pharma,Vitamin Tablets,Sainsbury Logistics,BATCH-8231,Inbound,573,497,14,5,960.25,1082.7,D1,Charlie Davies,Delayed,8,No,Passed,17
TXN101592,09-10-2025,Newcastle Depot,Leeds,Pharma,Vitamin Tablets,ASDA Distribution,BATCH-8157,Inbound,238,20,30,4,12.87,19.72,D2,Amelia Clark,On Time,1,Yes,Passed,20
TXN101593,10-01-2025,Manchester Storage,London,Fashion,Sneakers,ASDA Distribution,BATCH-5973,Outbound,117,40,39,10,427.41,497.49,B1,George Brown,On Time,1,No,Failed,5
TXN101594,14-06-2025,Liverpool Logistics,London,Grocery,Rice Pack,UK Retail Goods,BATCH-5451,Inbound,63,33,26,0,1195.26,1427.44,C1,Noah Wilson,Slightly Delayed,4,No,Passed,10
TXN101595,27-02-2025,Bristol Supply Hub,Liverpool,Grocery,Cereal,ASDA Distribution,BATCH-7914,Outbound,167,131,36,4,1020.06,1522.11,D1,Emily Harris,Delayed,10,No,Failed,0
TXN101596,19-07-2025,Bristol Supply Hub,Leeds,Grocery,Cooking Oil,Prime Wholesale UK,BATCH-1070,Inbound,928,21,16,11,337.75,431.27,C1,Jack Taylor,On Time,1,No,Passed,17
TXN101597,02-03-2026,London Central Hub,Birmingham,Electronics,Laptop,Britannia Pharma,BATCH-2571,Inbound,387,355,6,15,491.62,589.89,C2,Oliver Smith,Delayed,7,No,Passed,0
TXN101598,18-06-2025,Glasgow Warehouse,Glasgow,Home Appliances,Air Fryer,Sainsbury Logistics,BATCH-5006,Inbound,680,606,26,3,878.32,1441.31,B1,Oliver Smith,On Time,2,No,Passed,16
TXN101599,14-01-2026,Leeds Fulfillment,Newcastle,Home Appliances,Vacuum Cleaner,Northern Supply Chain,BATCH-3856,Outbound,516,351,28,20,368.47,495.55,B2,Charlie Davies,Slightly Delayed,5,Yes,Passed,24
TXN101600,26-08-2025,Birmingham Distribution,Bristol,Electronics,Laptop,Tesco Supply Ltd,BATCH-4621,Inbound,168,104,10,10,386.61,610.87,D2,Jack Taylor,On Time,3,Yes,Passed,7
TXN101601,02-03-2025,Bristol Supply Hub,Manchester,Electronics,Smartphone,Britannia Pharma,BATCH-3150,Inbound,980,387,34,16,13.36,21.8,B2,Charlie Davies,Delayed,8,No,Passed,22
TXN101602,15-08-2025,Newcastle Depot,Manchester,Pharma,Cough Syrup,ASDA Distribution,BATCH-4086,Outbound,660,205,2,10,885.06,1192.03,B2,Oliver Smith,Delayed,7,No,Passed,24
TXN101603,14-02-2025,London Central Hub,Glasgow,Pharma,Bandages,Prime Wholesale UK,BATCH-1638,Inbound,471,93,28,8,393.54,672.0,C2,George Brown,On Time,2,Yes,Failed,3
TXN101604,11-04-2025,Bristol Supply Hub,Manchester,Grocery,Cooking Oil,Sainsbury Logistics,BATCH-9316,Inbound,438,383,33,19,933.34,1066.39,A1,Emily Harris,Delayed,9,No,Passed,12
TXN101605,06-03-2025,Glasgow Warehouse,Bristol,Electronics,Laptop,Tesco Supply Ltd,BATCH-4609,Inbound,815,272,36,19,907.35,1302.42,D2,Charlie Davies,Delayed,10,Yes,Passed,16
TXN101606,22-07-2025,London Central Hub,London,Pharma,Bandages,Tesco Supply Ltd,BATCH-8704,Inbound,574,127,34,8,932.25,1657.92,D2,Jack Taylor,Delayed,8,No,Passed,25
TXN101607,20-08-2025,Birmingham Distribution,Bristol,Pharma,Cough Syrup,Sainsbury Logistics,BATCH-7317,Outbound,523,370,16,9,336.14,569.76,C1,Noah Wilson,On Time,1,No,Passed,24
TXN101608,24-06-2025,Liverpool Logistics,Glasgow,Fashion,Sneakers,Tesco Supply Ltd,BATCH-8570,Outbound,631,131,25,0,1124.34,1814.17,C2,Charlie Davies,Slightly Delayed,4,No,Passed,16
TXN101609,06-06-2025,Newcastle Depot,Liverpool,Grocery,Tea Bags,Tesco Supply Ltd,BATCH-8255,Inbound,387,233,35,2,457.21,671.35,D2,Emily Harris,Slightly Delayed,4,No,Passed,3
TXN101610,26-10-2025,Liverpool Logistics,Liverpool,Grocery,Coffee,London Trade Corp,BATCH-5628,Inbound,723,46,40,0,592.86,874.01,B2,Noah Wilson,Delayed,7,No,Passed,18
TXN101611,22-04-2026,Bristol Supply Hub,Glasgow,Home Appliances,Microwave,UK Retail Goods,BATCH-3598,Outbound,183,161,21,1,875.01,1099.84,B2,Charlie Davies,On Time,3,No,Passed,25
TXN101612,11-05-2026,Leeds Fulfillment,Newcastle,Electronics,Smartphone,Prime Wholesale UK,BATCH-2226,Outbound,688,481,9,8,715.11,813.47,D1,Charlie Davies,On Time,3,Yes,Passed,18
TXN101613,19-01-2025,Manchester Storage,Newcastle,Grocery,Coffee,Britannia Pharma,BATCH-2206,Inbound,371,208,22,14,1184.1,1337.24,D1,Jack Taylor,On Time,3,No,Passed,25
TXN101614,08-05-2025,Manchester Storage,Birmingham,Pharma,Cough Syrup,Prime Wholesale UK,BATCH-1233,Outbound,868,501,25,3,920.34,1081.81,C2,Oliver Smith,Delayed,10,No,Failed,23
TXN101615,02-12-2025,London Central Hub,Glasgow,Fashion,Jacket,Northern Supply Chain,BATCH-5850,Outbound,977,177,10,4,1088.09,1608.97,D1,Charlie Davies,Slightly Delayed,4,Yes,Passed,21
TXN101616,19-04-2025,Bristol Supply Hub,London,Electronics,Smartphone,Prime Wholesale UK,BATCH-9166,Outbound,429,209,20,10,698.86,793.72,C1,Noah Wilson,Delayed,7,Yes,Passed,20
TXN101617,19-01-2025,Birmingham Distribution,Liverpool,Grocery,Tea Bags,Northern Supply Chain,BATCH-7177,Inbound,469,459,12,18,869.19,993.66,D1,Oliver Smith,Delayed,7,Yes,Passed,21
TXN101618,23-02-2025,London Central Hub,Bristol,Grocery,Cooking Oil,Prime Wholesale UK,BATCH-1389,Inbound,113,92,28,11,1138.93,1792.19,C2,Harry Johnson,Delayed,7,Yes,Passed,1
TXN101619,01-09-2025,Manchester Storage,Bristol,Electronics,Tablet,Sainsbury Logistics,BATCH-2210,Inbound,648,233,16,9,735.86,1044.9,B2,Noah Wilson,Delayed,10,Yes,Failed,23
TXN101620,13-01-2025,Birmingham Distribution,Birmingham,Home Appliances,Vacuum Cleaner,Northern Supply Chain,BATCH-1690,Inbound,641,406,39,4,139.41,236.31,B1,George Brown,Slightly Delayed,4,Yes,Passed,20
TXN101621,14-10-2025,Newcastle Depot,Birmingham,Fashion,T-Shirt,Sainsbury Logistics,BATCH-2018,Outbound,816,306,11,14,936.39,1236.87,B2,George Brown,Delayed,10,Yes,Passed,22
TXN101622,01-08-2025,Glasgow Warehouse,Glasgow,Home Appliances,Mixer,Sainsbury Logistics,BATCH-5435,Outbound,131,41,26,18,666.32,1153.45,D1,Oliver Smith,Slightly Delayed,5,No,Passed,22
TXN101623,01-04-2025,Liverpool Logistics,Newcastle,Electronics,Monitor,Prime Wholesale UK,BATCH-5105,Outbound,957,870,16,14,190.98,293.98,D2,Jack Taylor,Slightly Delayed,6,Yes,Passed,14
TXN101624,11-08-2025,Newcastle Depot,Birmingham,Electronics,Keyboard,Britannia Pharma,BATCH-3540,Outbound,329,233,20,15,564.38,927.17,A1,George Brown,On Time,1,Yes,Passed,12
TXN101625,08-02-2025,Bristol Supply Hub,London,Electronics,Monitor,London Trade Corp,BATCH-7343,Outbound,313,81,28,0,6.57,8.13,A1,Noah Wilson,Delayed,8,Yes,Passed,22
TXN101626,26-09-2025,Manchester Storage,Birmingham,Fashion,T-Shirt,Britannia Pharma,BATCH-3187,Outbound,362,261,36,11,764.99,918.78,B2,Charlie Davies,Delayed,10,No,Passed,2
TXN101627,12-10-2025,Newcastle Depot,London,Fashion,Jacket,ASDA Distribution,BATCH-8721,Inbound,136,93,38,2,1172.64,1746.6,D1,Emily Harris,Slightly Delayed,5,Yes,Passed,11
TXN101628,26-04-2025,Glasgow Warehouse,Newcastle,Grocery,Rice Pack,Northern Supply Chain,BATCH-8422,Inbound,541,498,6,1,568.2,738.47,C1,Amelia Clark,Slightly Delayed,5,Yes,Passed,21
TXN101629,27-01-2025,Newcastle Depot,Glasgow,Electronics,Smartphone,Tesco Supply Ltd,BATCH-3893,Inbound,118,31,2,18,1110.56,1261.45,C2,Oliver Smith,Delayed,8,Yes,Passed,11
TXN101630,11-02-2025,Birmingham Distribution,Newcastle,Pharma,Bandages,London Trade Corp,BATCH-8755,Outbound,217,195,40,7,845.48,1295.65,D2,Charlie Davies,On Time,1,Yes,Passed,19
TXN101631,16-07-2025,Leeds Fulfillment,Birmingham,Fashion,Sneakers,Tesco Supply Ltd,BATCH-5608,Inbound,659,482,19,8,998.54,1215.12,D1,Jack Taylor,On Time,3,Yes,Passed,11
TXN101632,23-08-2025,Liverpool Logistics,Newcastle,Grocery,Tea Bags,Northern Supply Chain,BATCH-7479,Outbound,348,40,23,2,1081.05,1942.38,D1,Harry Johnson,Slightly Delayed,4,No,Failed,24
TXN101633,03-12-2025,Glasgow Warehouse,Leeds,Electronics,Keyboard,Northern Supply Chain,BATCH-9457,Inbound,377,195,31,2,970.96,1379.21,C1,Jack Taylor,Delayed,10,Yes,Passed,16
TXN101634,12-12-2025,Leeds Fulfillment,Leeds,Electronics,Tablet,London Trade Corp,BATCH-1439,Outbound,889,836,21,16,483.92,628.26,B2,George Brown,On Time,1,No,Passed,11
TXN101635,12-04-2026,Glasgow Warehouse,Manchester,Grocery,Coffee,Britannia Pharma,BATCH-7723,Outbound,198,132,37,3,121.12,143.11,C2,Noah Wilson,On Time,1,Yes,Passed,2
TXN101636,06-01-2026,Leeds Fulfillment,London,Grocery,Coffee,Tesco Supply Ltd,BATCH-3559,Inbound,896,610,26,3,602.6,751.29,D1,Jack Taylor,Delayed,8,Yes,Passed,11
TXN101637,26-02-2026,Newcastle Depot,Manchester,Home Appliances,Air Fryer,Sainsbury Logistics,BATCH-2052,Outbound,728,157,0,10,1022.62,1337.13,D2,Jack Taylor,On Time,3,No,Passed,14
TXN101638,04-09-2025,Leeds Fulfillment,Newcastle,Pharma,Bandages,Sainsbury Logistics,BATCH-2320,Outbound,55,38,11,18,301.25,427.46,D1,Harry Johnson,On Time,2,No,Passed,5
TXN101639,05-08-2025,Bristol Supply Hub,Newcastle,Fashion,Sneakers,Prime Wholesale UK,BATCH-8710,Outbound,598,68,17,11,961.73,1476.3,C1,Jack Taylor,On Time,3,No,Passed,16
TXN101640,20-04-2026,Liverpool Logistics,Bristol,Pharma,Bandages,Tesco Supply Ltd,BATCH-6378,Outbound,826,321,4,7,336.77,397.69,B1,Emily Harris,Delayed,10,No,Failed,21
TXN101641,07-03-2026,Leeds Fulfillment,Leeds,Electronics,Keyboard,Prime Wholesale UK,BATCH-4971,Outbound,263,84,24,7,621.54,695.53,C2,Amelia Clark,On Time,3,Yes,Passed,2
TXN101642,10-05-2026,Newcastle Depot,London,Pharma,Bandages,Northern Supply Chain,BATCH-6493,Outbound,617,431,8,4,842.97,1068.88,A1,Charlie Davies,On Time,1,Yes,Failed,3
TXN101643,20-04-2025,Birmingham Distribution,Newcastle,Fashion,Jacket,ASDA Distribution,BATCH-9796,Outbound,184,53,28,20,1108.94,1407.12,B1,Jack Taylor,On Time,1,No,Passed,14
TXN101644,24-12-2025,Birmingham Distribution,Newcastle,Pharma,Bandages,Tesco Supply Ltd,BATCH-7473,Outbound,242,240,4,3,160.42,185.05,A2,Charlie Davies,Delayed,9,No,Passed,11
TXN101645,10-02-2025,London Central Hub,Birmingham,Home Appliances,Microwave,Sainsbury Logistics,BATCH-6547,Inbound,575,430,24,7,427.6,567.97,A2,George Brown,Slightly Delayed,5,No,Passed,13
TXN101646,27-09-2025,Birmingham Distribution,Birmingham,Home Appliances,Mixer,Britannia Pharma,BATCH-8356,Inbound,983,967,20,19,330.65,500.12,C2,George Brown,Delayed,10,Yes,Passed,7
TXN101647,16-02-2025,Birmingham Distribution,Liverpool,Electronics,Tablet,Sainsbury Logistics,BATCH-1274,Inbound,909,710,10,19,650.77,1110.82,D1,Amelia Clark,Delayed,8,No,Passed,9
TXN101648,26-12-2025,Glasgow Warehouse,Birmingham,Grocery,Tea Bags,Prime Wholesale UK,BATCH-3359,Outbound,943,786,30,17,470.09,657.77,D1,Oliver Smith,Delayed,9,Yes,Passed,4
TXN101649,05-05-2026,Bristol Supply Hub,Birmingham,Electronics,Keyboard,UK Retail Goods,BATCH-4635,Outbound,984,514,28,17,275.66,355.06,C2,Charlie Davies,On Time,2,No,Passed,7
TXN101650,29-01-2025,Liverpool Logistics,Glasgow,Pharma,Bandages,London Trade Corp,BATCH-8697,Inbound,227,69,8,14,602.15,963.25,A1,George Brown,On Time,1,No,Passed,7
TXN101651,22-01-2025,Birmingham Distribution,Glasgow,Grocery,Cooking Oil,London Trade Corp,BATCH-6533,Outbound,613,372,28,0,378.05,459.05,D1,Noah Wilson,Slightly Delayed,5,No,Passed,14
TXN101652,04-07-2025,Bristol Supply Hub,Leeds,Electronics,Smartphone,Northern Supply Chain,BATCH-8540,Inbound,156,46,26,15,1165.42,1720.4,D1,Charlie Davies,On Time,2,No,Passed,19
TXN101653,31-12-2025,Manchester Storage,Birmingham,Electronics,Smartphone,Britannia Pharma,BATCH-9918,Outbound,335,283,16,13,601.86,758.21,C2,Emily Harris,On Time,3,No,Passed,0
TXN101654,13-12-2025,Birmingham Distribution,Bristol,Electronics,Monitor,Britannia Pharma,BATCH-1520,Outbound,962,185,15,19,317.82,419.19,D1,Oliver Smith,Delayed,10,No,Passed,6
TXN101655,04-05-2025,Newcastle Depot,Manchester,Electronics,Laptop,Northern Supply Chain,BATCH-3355,Inbound,181,32,14,7,693.23,776.59,B2,Charlie Davies,On Time,2,No,Passed,17
TXN101656,07-07-2025,Liverpool Logistics,Newcastle,Home Appliances,Mixer,Britannia Pharma,BATCH-4239,Outbound,378,300,4,1,651.3,724.14,D1,Emily Harris,On Time,2,Yes,Passed,4
TXN101657,08-11-2025,Glasgow Warehouse,Newcastle,Fashion,T-Shirt,Britannia Pharma,BATCH-6790,Outbound,219,150,29,2,1197.59,2093.63,C2,Charlie Davies,Slightly Delayed,6,No,Passed,11
TXN101658,15-08-2025,Glasgow Warehouse,Leeds,Electronics,Smartphone,ASDA Distribution,BATCH-4674,Outbound,381,352,15,20,467.13,697.99,B1,Charlie Davies,On Time,2,Yes,Passed,23
TXN101659,21-07-2025,Manchester Storage,Manchester,Pharma,Vitamin Tablets,Sainsbury Logistics,BATCH-2516,Outbound,878,83,29,16,776.06,1125.63,C2,Emily Harris,On Time,2,No,Passed,22
TXN101660,19-11-2025,Leeds Fulfillment,Newcastle,Pharma,Cough Syrup,UK Retail Goods,BATCH-1421,Inbound,202,35,13,1,948.44,1484.66,C1,Oliver Smith,Delayed,8,Yes,Passed,23
TXN101661,05-01-2025,Birmingham Distribution,Liverpool,Pharma,Vitamin Tablets,Northern Supply Chain,BATCH-4826,Outbound,226,205,5,5,886.7,1151.96,A1,Jack Taylor,Slightly Delayed,5,Yes,Passed,5
TXN101662,18-10-2025,London Central Hub,Leeds,Electronics,Keyboard,Prime Wholesale UK,BATCH-5143,Inbound,972,59,23,5,427.53,641.37,B1,Noah Wilson,Delayed,10,Yes,Passed,10
TXN101663,15-04-2025,Liverpool Logistics,Leeds,Pharma,Bandages,London Trade Corp,BATCH-8749,Inbound,58,25,35,19,108.92,193.5,B2,Noah Wilson,On Time,2,No,Passed,22
TXN101664,01-03-2025,Birmingham Distribution,London,Grocery,Tea Bags,Sainsbury Logistics,BATCH-2414,Inbound,487,299,26,2,226.84,287.51,A2,Noah Wilson,On Time,3,Yes,Passed,2
TXN101665,07-10-2025,Manchester Storage,Bristol,Pharma,Cough Syrup,Northern Supply Chain,BATCH-5948,Outbound,623,55,10,19,633.14,963.41,B1,Noah Wilson,Delayed,9,Yes,Passed,18
TXN101666,14-06-2025,Liverpool Logistics,Manchester,Electronics,Keyboard,Prime Wholesale UK,BATCH-3483,Inbound,939,624,2,16,189.13,296.84,D1,Amelia Clark,Slightly Delayed,4,No,Passed,1
TXN101667,07-04-2026,Manchester Storage,Newcastle,Pharma,Paracetamol,Britannia Pharma,BATCH-1585,Outbound,983,515,5,0,1030.62,1290.71,A1,Harry Johnson,Delayed,9,Yes,Passed,23
TXN101668,09-08-2025,Newcastle Depot,Manchester,Grocery,Cooking Oil,Britannia Pharma,BATCH-9507,Outbound,73,68,15,8,1143.46,1468.71,D1,Charlie Davies,Slightly Delayed,6,Yes,Passed,22
TXN101669,26-04-2025,Bristol Supply Hub,Liverpool,Fashion,T-Shirt,ASDA Distribution,BATCH-7461,Inbound,405,404,9,11,850.45,1324.25,B2,Emily Harris,On Time,3,Yes,Passed,2
TXN101670,10-11-2025,Liverpool Logistics,London,Electronics,Smartphone,Northern Supply Chain,BATCH-7536,Outbound,839,726,28,0,1145.16,1868.65,A1,Oliver Smith,Delayed,10,No,Passed,19
TXN101671,28-01-2026,Newcastle Depot,London,Home Appliances,Microwave,Tesco Supply Ltd,BATCH-9079,Inbound,462,325,25,12,825.27,1049.66,C2,Oliver Smith,On Time,3,Yes,Passed,18
TXN101672,21-04-2025,Bristol Supply Hub,Glasgow,Fashion,Jacket,Prime Wholesale UK,BATCH-5803,Outbound,330,44,35,13,241.49,296.51,B2,George Brown,Slightly Delayed,5,Yes,Passed,14
TXN101673,13-04-2026,Birmingham Distribution,Glasgow,Pharma,Paracetamol,London Trade Corp,BATCH-5494,Outbound,910,611,31,5,174.86,296.5,C2,Harry Johnson,Slightly Delayed,6,Yes,Passed,19
TXN101674,03-02-2026,Bristol Supply Hub,Newcastle,Electronics,Keyboard,UK Retail Goods,BATCH-9975,Outbound,480,420,1,6,1103.61,1615.21,B2,Amelia Clark,On Time,3,Yes,Passed,4
TXN101675,09-06-2025,Leeds Fulfillment,Bristol,Grocery,Cereal,Prime Wholesale UK,BATCH-5354,Inbound,67,22,16,7,496.38,698.55,D1,Noah Wilson,Delayed,9,No,Passed,24
TXN101676,22-10-2025,Bristol Supply Hub,London,Electronics,Tablet,ASDA Distribution,BATCH-5262,Outbound,89,71,14,3,551.56,740.0,C1,Oliver Smith,On Time,3,Yes,Passed,3
TXN101677,31-12-2025,Bristol Supply Hub,Manchester,Pharma,Cough Syrup,ASDA Distribution,BATCH-7784,Outbound,868,101,23,14,218.02,257.03,A2,Harry Johnson,Slightly Delayed,5,No,Passed,12
TXN101678,05-02-2026,Glasgow Warehouse,Leeds,Electronics,Tablet,Northern Supply Chain,BATCH-6744,Outbound,948,404,4,2,622.09,756.75,B1,Amelia Clark,On Time,1,Yes,Passed,12
TXN101679,12-04-2025,Leeds Fulfillment,Glasgow,Home Appliances,Microwave,Britannia Pharma,BATCH-6537,Outbound,997,889,14,15,545.23,977.08,D1,Amelia Clark,On Time,1,Yes,Passed,0
TXN101680,19-03-2025,Birmingham Distribution,Liverpool,Grocery,Rice Pack,Northern Supply Chain,BATCH-8726,Outbound,921,108,5,19,1146.56,1777.71,B1,Harry Johnson,On Time,3,No,Passed,23
TXN101681,28-04-2026,Newcastle Depot,London,Grocery,Tea Bags,UK Retail Goods,BATCH-5237,Inbound,866,563,14,17,444.34,733.28,A2,Amelia Clark,On Time,1,No,Passed,1
TXN101682,04-05-2025,Leeds Fulfillment,Leeds,Home Appliances,Mixer,UK Retail Goods,BATCH-8763,Outbound,121,44,26,8,1028.08,1673.23,A1,Oliver Smith,On Time,1,No,Passed,5
TXN101683,01-11-2025,Leeds Fulfillment,Leeds,Fashion,Handbag,Northern Supply Chain,BATCH-8008,Outbound,388,384,36,10,1052.15,1248.78,C1,George Brown,On Time,3,Yes,Failed,23
TXN101684,27-02-2025,Manchester Storage,Newcastle,Fashion,Sneakers,UK Retail Goods,BATCH-5438,Outbound,915,465,8,15,414.64,601.37,D2,Jack Taylor,On Time,1,No,Passed,18
TXN101685,05-08-2025,Newcastle Depot,Manchester,Grocery,Cooking Oil,Tesco Supply Ltd,BATCH-1868,Inbound,370,365,7,13,855.36,1270.69,D2,Oliver Smith,On Time,3,No,Passed,17
TXN101686,03-05-2026,Liverpool Logistics,London,Electronics,Tablet,Britannia Pharma,BATCH-5943,Outbound,749,749,39,9,765.33,1022.85,A2,Jack Taylor,Delayed,7,Yes,Passed,20
TXN101687,12-12-2025,Newcastle Depot,Glasgow,Grocery,Coffee,Northern Supply Chain,BATCH-9059,Inbound,780,379,9,17,246.38,307.8,B2,Oliver Smith,On Time,3,Yes,Passed,13
TXN101688,08-03-2025,Manchester Storage,Newcastle,Pharma,Bandages,Tesco Supply Ltd,BATCH-9548,Outbound,330,253,30,3,994.39,1331.64,A2,Oliver Smith,Delayed,9,No,Failed,23
TXN101689,15-07-2025,Manchester Storage,Manchester,Home Appliances,Mixer,UK Retail Goods,BATCH-1988,Outbound,168,126,7,2,364.33,503.11,C2,Jack Taylor,Slightly Delayed,5,Yes,Passed,23
TXN101690,04-05-2025,Newcastle Depot,Leeds,Pharma,Bandages,Prime Wholesale UK,BATCH-8511,Inbound,267,265,33,17,1030.28,1685.31,A1,Emily Harris,On Time,3,Yes,Passed,20
TXN101691,01-03-2026,Birmingham Distribution,Birmingham,Grocery,Coffee,Northern Supply Chain,BATCH-8914,Inbound,298,108,21,3,192.4,312.78,D1,Amelia Clark,Delayed,9,No,Passed,23
TXN101692,28-11-2025,Newcastle Depot,Manchester,Electronics,Tablet,Northern Supply Chain,BATCH-6037,Outbound,604,460,23,6,661.43,827.12,B1,Harry Johnson,Delayed,10,Yes,Failed,0
TXN101693,02-02-2026,Bristol Supply Hub,Bristol,Grocery,Tea Bags,UK Retail Goods,BATCH-3690,Inbound,59,57,1,14,60.74,77.27,D2,Oliver Smith,Delayed,9,Yes,Passed,8
TXN101694,24-04-2026,Bristol Supply Hub,Glasgow,Home Appliances,Microwave,Tesco Supply Ltd,BATCH-8778,Outbound,658,178,27,15,868.43,1284.04,C1,Charlie Davies,Delayed,7,No,Passed,10
TXN101695,19-09-2025,Manchester Storage,Newcastle,Fashion,Jeans,Britannia Pharma,BATCH-9165,Outbound,487,261,25,11,813.99,946.56,C2,Oliver Smith,Delayed,10,Yes,Passed,6
TXN101696,10-11-2025,Liverpool Logistics,London,Pharma,Cough Syrup,UK Retail Goods,BATCH-3048,Outbound,833,155,9,1,227.15,404.89,C1,Charlie Davies,Delayed,7,Yes,Failed,11
TXN101697,02-02-2026,Bristol Supply Hub,Liverpool,Fashion,Jeans,London Trade Corp,BATCH-2417,Outbound,297,25,39,1,1198.92,1706.08,C2,George Brown,Slightly Delayed,5,Yes,Passed,8
TXN101698,04-09-2025,London Central Hub,London,Fashion,T-Shirt,London Trade Corp,BATCH-4439,Outbound,812,510,23,3,154.55,246.61,D1,Noah Wilson,Slightly Delayed,4,Yes,Passed,4
TXN101699,23-03-2025,Liverpool Logistics,Newcastle,Fashion,T-Shirt,Sainsbury Logistics,BATCH-4589,Outbound,286,131,16,4,183.59,323.22,B1,George Brown,Delayed,7,No,Passed,24
TXN101700,04-01-2025,Leeds Fulfillment,Birmingham,Home Appliances,Vacuum Cleaner,UK Retail Goods,BATCH-5112,Inbound,154,29,14,7,862.37,1446.36,B2,Emily Harris,On Time,1,Yes,Passed,8
TXN101701,18-04-2025,Glasgow Warehouse,Bristol,Grocery,Cooking Oil,ASDA Distribution,BATCH-3095,Outbound,288,120,7,20,753.96,1297.62,D2,Oliver Smith,Delayed,9,No,Passed,14
TXN101702,04-10-2025,Bristol Supply Hub,Leeds,Grocery,Tea Bags,London Trade Corp,BATCH-6841,Outbound,153,115,7,15,1139.63,1709.4,C1,George Brown,Delayed,7,Yes,Passed,11
TXN101703,15-06-2025,Birmingham Distribution,Newcastle,Fashion,Handbag,UK Retail Goods,BATCH-8023,Outbound,860,247,29,19,804.12,1129.43,B2,Jack Taylor,On Time,1,Yes,Passed,16
TXN101704,28-08-2025,Liverpool Logistics,Liverpool,Home Appliances,Vacuum Cleaner,ASDA Distribution,BATCH-7099,Inbound,700,605,2,7,725.86,1110.22,B2,George Brown,Delayed,10,Yes,Failed,19
TXN101705,07-03-2025,Bristol Supply Hub,Bristol,Home Appliances,Microwave,Northern Supply Chain,BATCH-9585,Outbound,825,615,26,11,958.45,1577.19,A1,Amelia Clark,On Time,1,No,Passed,7
TXN101706,08-08-2025,Glasgow Warehouse,Manchester,Pharma,Bandages,Tesco Supply Ltd,BATCH-4786,Outbound,477,261,5,9,995.46,1497.08,B1,Jack Taylor,Delayed,9,Yes,Passed,15
TXN101707,01-06-2025,Bristol Supply Hub,Liverpool,Fashion,Jeans,Britannia Pharma,BATCH-6518,Outbound,206,46,20,11,681.35,940.47,A1,Noah Wilson,Delayed,8,No,Passed,10
TXN101708,22-04-2025,Birmingham Distribution,Manchester,Pharma,Bandages,Tesco Supply Ltd,BATCH-3399,Outbound,420,242,23,6,94.01,107.24,B2,Amelia Clark,Delayed,8,No,Passed,7
TXN101709,30-04-2026,Leeds Fulfillment,Newcastle,Grocery,Coffee,Britannia Pharma,BATCH-4503,Inbound,803,419,29,6,865.18,1452.45,D1,Amelia Clark,On Time,3,Yes,Passed,25
TXN101710,04-01-2026,London Central Hub,Newcastle,Electronics,Keyboard,UK Retail Goods,BATCH-3527,Outbound,176,28,38,0,366.32,536.14,C1,Jack Taylor,Delayed,7,No,Failed,24
TXN101711,16-02-2025,Bristol Supply Hub,London,Home Appliances,Vacuum Cleaner,Tesco Supply Ltd,BATCH-4241,Outbound,730,500,32,11,738.78,1138.51,A2,Amelia Clark,Slightly Delayed,5,No,Passed,24
TXN101712,11-08-2025,Leeds Fulfillment,Leeds,Pharma,Paracetamol,Prime Wholesale UK,BATCH-4496,Inbound,64,38,22,15,978.46,1566.55,D2,Oliver Smith,Delayed,7,No,Failed,4
TXN101713,08-04-2025,Leeds Fulfillment,Newcastle,Home Appliances,Mixer,Prime Wholesale UK,BATCH-2483,Inbound,725,359,24,13,417.0,746.91,D2,Jack Taylor,Delayed,9,Yes,Passed,8
TXN101714,22-03-2025,London Central Hub,Birmingham,Pharma,Paracetamol,UK Retail Goods,BATCH-1738,Outbound,670,432,32,10,744.67,1081.53,C1,Amelia Clark,Delayed,7,Yes,Passed,8
TXN101715,27-02-2025,Manchester Storage,Glasgow,Grocery,Coffee,Northern Supply Chain,BATCH-1527,Inbound,843,257,22,8,636.43,965.09,D2,Harry Johnson,On Time,3,Yes,Passed,16
TXN101716,09-04-2026,London Central Hub,Liverpool,Home Appliances,Mixer,Prime Wholesale UK,BATCH-7592,Outbound,264,104,19,13,748.17,1022.92,D2,Jack Taylor,On Time,1,No,Passed,13
TXN101717,23-01-2025,Liverpool Logistics,Bristol,Home Appliances,Mixer,London Trade Corp,BATCH-6753,Outbound,722,103,27,2,227.58,268.78,A2,Oliver Smith,Slightly Delayed,6,Yes,Failed,25
TXN101718,01-08-2025,Bristol Supply Hub,London,Pharma,Paracetamol,ASDA Distribution,BATCH-4660,Outbound,371,286,38,7,261.75,356.23,C2,Oliver Smith,Delayed,9,Yes,Passed,5
TXN101719,05-02-2025,Leeds Fulfillment,Glasgow,Home Appliances,Microwave,Prime Wholesale UK,BATCH-2551,Inbound,854,513,12,16,18.82,33.76,C2,Oliver Smith,On Time,1,No,Passed,23
TXN101720,19-01-2025,Glasgow Warehouse,Manchester,Electronics,Keyboard,ASDA Distribution,BATCH-4647,Outbound,352,331,36,18,143.54,249.67,D2,Harry Johnson,Slightly Delayed,6,No,Failed,25
TXN101721,02-11-2025,Birmingham Distribution,Glasgow,Fashion,Jacket,Tesco Supply Ltd,BATCH-9034,Inbound,544,27,34,0,772.2,1179.32,D1,Harry Johnson,On Time,3,Yes,Failed,18
TXN101722,22-01-2025,Leeds Fulfillment,London,Grocery,Cooking Oil,Tesco Supply Ltd,BATCH-4493,Outbound,882,163,4,6,338.94,456.59,A2,Emily Harris,On Time,3,No,Passed,11
TXN101723,04-02-2025,Birmingham Distribution,Bristol,Home Appliances,Microwave,Sainsbury Logistics,BATCH-1537,Inbound,444,99,28,8,651.38,893.73,A1,Amelia Clark,On Time,2,No,Passed,2
TXN101724,05-10-2025,Manchester Storage,Birmingham,Fashion,Sneakers,UK Retail Goods,BATCH-4631,Inbound,552,115,10,3,145.87,204.53,A1,George Brown,On Time,2,No,Passed,11
TXN101725,22-02-2026,Bristol Supply Hub,Manchester,Home Appliances,Air Fryer,Tesco Supply Ltd,BATCH-7339,Inbound,644,158,3,13,946.7,1187.93,D1,Oliver Smith,Slightly Delayed,5,No,Passed,11
TXN101726,04-01-2025,Bristol Supply Hub,Leeds,Electronics,Smartphone,ASDA Distribution,BATCH-1218,Outbound,217,42,4,4,906.67,1532.08,C1,Amelia Clark,Delayed,7,Yes,Passed,17
TXN101727,20-05-2025,Glasgow Warehouse,Leeds,Electronics,Keyboard,Britannia Pharma,BATCH-6773,Inbound,561,124,16,1,966.31,1436.2,D1,Oliver Smith,Slightly Delayed,4,No,Passed,16
TXN101728,23-04-2025,Glasgow Warehouse,London,Electronics,Monitor,Prime Wholesale UK,BATCH-5225,Inbound,897,154,29,8,411.87,577.66,C1,Harry Johnson,Delayed,9,No,Passed,4
TXN101729,10-04-2026,Glasgow Warehouse,Liverpool,Home Appliances,Mixer,Britannia Pharma,BATCH-8440,Outbound,347,337,22,14,1116.25,2006.76,D1,Harry Johnson,Delayed,8,No,Passed,6
TXN101730,29-08-2025,Bristol Supply Hub,Glasgow,Electronics,Laptop,Tesco Supply Ltd,BATCH-3207,Outbound,450,166,31,4,631.7,973.46,B1,Emily Harris,On Time,2,No,Failed,2
TXN101731,02-11-2025,Leeds Fulfillment,Bristol,Electronics,Monitor,Northern Supply Chain,BATCH-8915,Inbound,446,90,34,12,525.29,860.21,A2,Amelia Clark,Slightly Delayed,5,No,Passed,12
TXN101732,03-05-2026,Manchester Storage,Birmingham,Grocery,Tea Bags,London Trade Corp,BATCH-3424,Outbound,813,522,18,1,193.97,335.14,B1,Noah Wilson,Delayed,8,No,Passed,4
TXN101733,08-06-2025,Manchester Storage,Newcastle,Pharma,Bandages,Sainsbury Logistics,BATCH-2769,Outbound,901,54,0,16,388.63,655.17,A1,Charlie Davies,Delayed,10,Yes,Passed,0
TXN101734,16-04-2026,Glasgow Warehouse,Liverpool,Pharma,Vitamin Tablets,Britannia Pharma,BATCH-3447,Inbound,388,121,5,6,864.2,1262.19,B1,George Brown,Slightly Delayed,6,Yes,Passed,0
TXN101735,07-01-2026,Leeds Fulfillment,Manchester,Home Appliances,Mixer,Britannia Pharma,BATCH-1507,Outbound,954,170,37,8,1100.12,1894.82,B2,Jack Taylor,Slightly Delayed,4,Yes,Passed,21
TXN101736,07-08-2025,Birmingham Distribution,Liverpool,Fashion,T-Shirt,ASDA Distribution,BATCH-4555,Outbound,655,577,9,9,58.93,70.95,A2,Harry Johnson,On Time,2,Yes,Failed,1
TXN101737,22-01-2026,Liverpool Logistics,Glasgow,Home Appliances,Air Fryer,London Trade Corp,BATCH-9256,Outbound,204,99,10,13,415.85,592.26,D2,Jack Taylor,Delayed,10,No,Passed,4
TXN101738,19-01-2026,Newcastle Depot,Birmingham,Fashion,Jeans,London Trade Corp,BATCH-6092,Outbound,835,739,19,16,629.6,927.55,B1,George Brown,Slightly Delayed,4,No,Passed,6
TXN101739,24-01-2025,Leeds Fulfillment,Glasgow,Pharma,Paracetamol,London Trade Corp,BATCH-4774,Inbound,119,79,33,17,909.89,1353.44,D2,George Brown,Slightly Delayed,6,Yes,Failed,8
TXN101740,07-10-2025,Leeds Fulfillment,Glasgow,Fashion,T-Shirt,Prime Wholesale UK,BATCH-2294,Inbound,534,465,24,12,851.77,1254.31,A1,Emily Harris,Delayed,9,No,Failed,6
TXN101741,22-07-2025,London Central Hub,Newcastle,Electronics,Tablet,Britannia Pharma,BATCH-2346,Outbound,783,419,35,11,726.99,851.96,C1,Noah Wilson,On Time,3,Yes,Passed,20
TXN101742,08-02-2026,Bristol Supply Hub,Leeds,Electronics,Laptop,London Trade Corp,BATCH-8558,Outbound,874,416,5,8,1106.76,1492.83,C1,Noah Wilson,Delayed,10,Yes,Failed,2
TXN101743,07-02-2026,Newcastle Depot,Birmingham,Home Appliances,Air Fryer,Northern Supply Chain,BATCH-8657,Inbound,149,51,23,7,276.36,351.01,A2,Oliver Smith,Slightly Delayed,5,Yes,Passed,23
TXN101744,25-12-2025,Bristol Supply Hub,Manchester,Grocery,Coffee,ASDA Distribution,BATCH-8801,Outbound,281,170,19,19,721.58,977.75,A1,George Brown,Delayed,9,Yes,Passed,11
TXN101745,07-03-2025,Leeds Fulfillment,London,Home Appliances,Vacuum Cleaner,UK Retail Goods,BATCH-4512,Inbound,561,281,13,14,527.34,919.06,B1,George Brown,Delayed,9,Yes,Passed,7
TXN101746,09-06-2025,Liverpool Logistics,Bristol,Home Appliances,Microwave,Prime Wholesale UK,BATCH-6073,Outbound,320,305,2,14,21.47,30.39,D2,Emily Harris,On Time,2,No,Passed,0
TXN101747,25-07-2025,Newcastle Depot,Bristol,Fashion,Jacket,Sainsbury Logistics,BATCH-3655,Inbound,276,226,24,13,1032.26,1845.07,A2,George Brown,Slightly Delayed,6,Yes,Passed,3
TXN101748,12-10-2025,Newcastle Depot,Birmingham,Home Appliances,Vacuum Cleaner,Northern Supply Chain,BATCH-5283,Inbound,929,896,32,13,1038.93,1533.49,B2,Noah Wilson,Delayed,8,Yes,Passed,9
TXN101749,31-03-2026,Glasgow Warehouse,Liverpool,Pharma,Bandages,ASDA Distribution,BATCH-3977,Inbound,633,190,2,12,484.06,860.0,C1,Jack Taylor,On Time,1,Yes,Passed,10
TXN101750,29-06-2025,Leeds Fulfillment,Birmingham,Home Appliances,Microwave,ASDA Distribution,BATCH-1476,Outbound,642,595,5,3,1160.07,1810.26,B2,Emily Harris,Delayed,7,Yes,Passed,15
TXN101751,19-12-2025,Glasgow Warehouse,Glasgow,Electronics,Smartphone,London Trade Corp,BATCH-7099,Outbound,622,250,24,8,752.97,1107.11,B1,Harry Johnson,On Time,2,Yes,Passed,15
TXN101752,23-10-2025,Newcastle Depot,Bristol,Home Appliances,Vacuum Cleaner,Prime Wholesale UK,BATCH-8006,Outbound,993,126,13,13,236.14,373.7,D2,Emily Harris,Slightly Delayed,6,No,Passed,18
TXN101753,06-09-2025,Manchester Storage,Glasgow,Grocery,Coffee,UK Retail Goods,BATCH-1384,Outbound,857,592,27,2,254.3,417.79,B1,Amelia Clark,On Time,2,No,Passed,4
TXN101754,17-01-2025,Manchester Storage,Liverpool,Grocery,Cooking Oil,ASDA Distribution,BATCH-6477,Outbound,672,641,0,15,1020.18,1204.31,A1,Jack Taylor,On Time,1,No,Passed,5
TXN101755,06-11-2025,London Central Hub,Bristol,Grocery,Tea Bags,ASDA Distribution,BATCH-7299,Outbound,307,275,39,5,910.98,1168.86,D2,Oliver Smith,Delayed,10,No,Passed,20
TXN101756,10-11-2025,Bristol Supply Hub,Newcastle,Home Appliances,Mixer,UK Retail Goods,BATCH-7342,Outbound,400,266,14,16,795.47,889.92,B1,Oliver Smith,Delayed,8,No,Failed,3
TXN101757,30-01-2025,Bristol Supply Hub,Newcastle,Electronics,Tablet,Sainsbury Logistics,BATCH-5373,Outbound,829,218,29,5,521.66,655.52,D2,Harry Johnson,On Time,3,No,Passed,11
TXN101758,07-06-2025,Manchester Storage,Newcastle,Fashion,Handbag,Prime Wholesale UK,BATCH-4368,Inbound,250,60,31,14,13.5,15.94,D1,Oliver Smith,Slightly Delayed,6,No,Passed,16
TXN101759,25-06-2025,Newcastle Depot,Liverpool,Pharma,Bandages,London Trade Corp,BATCH-9207,Outbound,570,568,35,13,906.42,1019.23,D2,Jack Taylor,Delayed,9,Yes,Passed,22
TXN101760,22-07-2025,Bristol Supply Hub,Glasgow,Grocery,Tea Bags,Northern Supply Chain,BATCH-5322,Outbound,330,159,31,1,206.02,255.58,D2,Amelia Clark,Delayed,8,No,Passed,19
TXN101761,21-05-2025,Leeds Fulfillment,Glasgow,Pharma,Cough Syrup,Tesco Supply Ltd,BATCH-3125,Outbound,503,401,5,11,427.53,658.33,A1,Charlie Davies,Slightly Delayed,4,Yes,Failed,14
TXN101762,23-07-2025,Liverpool Logistics,Leeds,Fashion,Jeans,London Trade Corp,BATCH-1442,Inbound,664,25,35,8,816.68,1325.98,D2,Charlie Davies,Delayed,10,No,Passed,17
TXN101763,10-07-2025,Liverpool Logistics,Birmingham,Electronics,Monitor,ASDA Distribution,BATCH-5057,Outbound,587,27,23,7,640.85,794.08,D1,Jack Taylor,Delayed,9,Yes,Failed,22
TXN101764,14-02-2025,Bristol Supply Hub,Liverpool,Pharma,Paracetamol,Sainsbury Logistics,BATCH-5219,Inbound,536,246,29,6,71.16,118.27,C2,Harry Johnson,Slightly Delayed,5,Yes,Passed,25
TXN101765,14-04-2025,Bristol Supply Hub,Newcastle,Grocery,Tea Bags,Britannia Pharma,BATCH-7996,Outbound,419,284,14,17,545.09,821.45,D1,Amelia Clark,Slightly Delayed,4,Yes,Failed,7
TXN101766,01-11-2025,London Central Hub,Leeds,Grocery,Cooking Oil,ASDA Distribution,BATCH-1874,Inbound,975,517,12,18,745.1,957.54,A1,George Brown,Slightly Delayed,6,No,Passed,13
TXN101767,15-05-2025,Newcastle Depot,Newcastle,Electronics,Monitor,Prime Wholesale UK,BATCH-4312,Inbound,873,566,7,19,396.84,545.34,B2,Oliver Smith,Delayed,9,No,Passed,2
TXN101768,28-09-2025,Glasgow Warehouse,London,Pharma,Cough Syrup,London Trade Corp,BATCH-4005,Outbound,270,247,20,14,1035.34,1407.9,A1,George Brown,Delayed,8,No,Passed,0
TXN101769,15-12-2025,Birmingham Distribution,Birmingham,Fashion,Handbag,UK Retail Goods,BATCH-7539,Inbound,531,362,27,15,77.25,89.58,B2,Harry Johnson,Delayed,9,Yes,Failed,6
TXN101770,25-12-2025,Liverpool Logistics,Liverpool,Fashion,T-Shirt,Prime Wholesale UK,BATCH-7737,Outbound,309,206,38,20,707.96,1257.18,A1,Charlie Davies,On Time,2,Yes,Passed,15
TXN101771,24-02-2026,London Central Hub,Newcastle,Home Appliances,Mixer,Tesco Supply Ltd,BATCH-8455,Inbound,826,65,40,12,1014.8,1374.4,C1,Emily Harris,On Time,1,No,Passed,16
TXN101772,04-12-2025,London Central Hub,Leeds,Grocery,Rice Pack,Britannia Pharma,BATCH-3118,Outbound,283,150,33,11,557.62,782.34,B1,Oliver Smith,Slightly Delayed,6,Yes,Passed,6
TXN101773,08-08-2025,Glasgow Warehouse,Leeds,Electronics,Monitor,Britannia Pharma,BATCH-5377,Inbound,617,538,15,12,965.29,1235.02,C2,Noah Wilson,On Time,2,Yes,Passed,6
TXN101774,21-03-2025,London Central Hub,Manchester,Grocery,Rice Pack,London Trade Corp,BATCH-3604,Inbound,522,340,23,13,11.07,17.7,A1,George Brown,Slightly Delayed,6,No,Passed,12
TXN101775,16-05-2025,Liverpool Logistics,London,Grocery,Cooking Oil,Prime Wholesale UK,BATCH-2922,Outbound,71,58,10,7,433.07,768.71,C1,Oliver Smith,Slightly Delayed,6,Yes,Failed,21
TXN101776,02-07-2025,Glasgow Warehouse,London,Fashion,Jeans,Tesco Supply Ltd,BATCH-5787,Inbound,996,187,1,3,179.43,319.79,B2,Harry Johnson,Delayed,10,Yes,Passed,22
TXN101777,18-10-2025,London Central Hub,Glasgow,Electronics,Monitor,Britannia Pharma,BATCH-9694,Outbound,579,149,3,9,636.37,755.44,D2,Noah Wilson,On Time,1,No,Passed,14
TXN101778,19-05-2025,Glasgow Warehouse,Glasgow,Fashion,Handbag,UK Retail Goods,BATCH-9622,Inbound,507,473,13,18,974.56,1714.08,C2,Harry Johnson,On Time,3,Yes,Passed,15
TXN101779,01-07-2025,Manchester Storage,Glasgow,Grocery,Cooking Oil,Sainsbury Logistics,BATCH-6936,Outbound,833,547,8,13,1118.5,1897.39,D2,Amelia Clark,Delayed,10,Yes,Failed,10
TXN101780,18-06-2025,Leeds Fulfillment,Newcastle,Pharma,Paracetamol,Northern Supply Chain,BATCH-2692,Outbound,299,47,32,3,692.35,1114.37,A1,Jack Taylor,Delayed,10,No,Passed,18
TXN101781,31-12-2025,Liverpool Logistics,Glasgow,Electronics,Smartphone,Tesco Supply Ltd,BATCH-8268,Outbound,804,51,32,18,167.8,214.57,C2,Charlie Davies,Delayed,7,No,Passed,19
TXN101782,06-12-2025,Newcastle Depot,Glasgow,Grocery,Coffee,Britannia Pharma,BATCH-8324,Outbound,931,360,32,16,97.97,112.02,D2,Emily Harris,On Time,3,No,Passed,11
TXN101783,13-01-2026,Liverpool Logistics,Newcastle,Home Appliances,Vacuum Cleaner,Prime Wholesale UK,BATCH-1631,Inbound,428,165,7,4,264.11,373.23,D2,Oliver Smith,Slightly Delayed,5,No,Passed,10
TXN101784,12-08-2025,Liverpool Logistics,Glasgow,Pharma,Cough Syrup,Northern Supply Chain,BATCH-9004,Inbound,610,337,36,13,556.9,715.95,B1,Charlie Davies,On Time,2,No,Passed,18
TXN101785,12-07-2025,Birmingham Distribution,Birmingham,Grocery,Coffee,Prime Wholesale UK,BATCH-3417,Outbound,973,50,10,14,519.96,667.87,D1,Charlie Davies,On Time,1,Yes,Passed,25
TXN101786,29-01-2025,Glasgow Warehouse,Glasgow,Electronics,Smartphone,UK Retail Goods,BATCH-5747,Outbound,886,396,7,20,246.34,288.77,C2,Charlie Davies,On Time,1,No,Passed,13
TXN101787,25-12-2025,Bristol Supply Hub,Bristol,Grocery,Rice Pack,Tesco Supply Ltd,BATCH-6834,Inbound,484,305,13,6,450.75,801.91,C1,Harry Johnson,Delayed,8,Yes,Failed,16
TXN101788,14-10-2025,Birmingham Distribution,Manchester,Fashion,Jacket,Prime Wholesale UK,BATCH-4793,Inbound,350,122,5,15,111.11,193.05,D1,Amelia Clark,Delayed,8,Yes,Passed,24
TXN101789,17-09-2025,London Central Hub,Manchester,Home Appliances,Vacuum Cleaner,Tesco Supply Ltd,BATCH-7038,Outbound,941,90,26,1,630.6,1115.51,B2,Harry Johnson,Delayed,9,Yes,Passed,3
TXN101790,18-12-2025,Liverpool Logistics,Liverpool,Pharma,Vitamin Tablets,Northern Supply Chain,BATCH-4981,Outbound,227,31,10,12,345.62,388.16,A1,George Brown,Slightly Delayed,4,Yes,Passed,21
TXN101791,14-10-2025,Liverpool Logistics,Leeds,Grocery,Cereal,Britannia Pharma,BATCH-8369,Inbound,623,478,33,5,1132.65,2034.24,D1,Emily Harris,On Time,2,No,Passed,12
TXN101792,06-04-2025,Bristol Supply Hub,Bristol,Grocery,Coffee,Britannia Pharma,BATCH-8876,Outbound,951,883,8,0,654.69,857.18,B1,Amelia Clark,On Time,2,No,Passed,8
TXN101793,03-11-2025,Bristol Supply Hub,Liverpool,Electronics,Smartphone,Prime Wholesale UK,BATCH-6361,Inbound,524,351,35,6,920.96,1506.22,D2,Emily Harris,Delayed,8,No,Passed,8
TXN101794,16-07-2025,Liverpool Logistics,Glasgow,Home Appliances,Vacuum Cleaner,UK Retail Goods,BATCH-2504,Outbound,368,218,33,14,798.18,1048.94,C2,Amelia Clark,Slightly Delayed,5,No,Passed,9
TXN101795,24-01-2026,Bristol Supply Hub,Leeds,Grocery,Cooking Oil,Northern Supply Chain,BATCH-7397,Outbound,679,305,0,4,753.79,1247.2,A2,Harry Johnson,Delayed,10,Yes,Passed,4
TXN101796,26-04-2025,Liverpool Logistics,Newcastle,Home Appliances,Vacuum Cleaner,Britannia Pharma,BATCH-1872,Outbound,298,89,17,12,674.42,806.71,A2,Noah Wilson,On Time,1,No,Passed,15
TXN101797,27-10-2025,Glasgow Warehouse,Newcastle,Pharma,Cough Syrup,Northern Supply Chain,BATCH-7092,Outbound,557,533,15,1,1114.25,1839.69,D1,Oliver Smith,Slightly Delayed,6,Yes,Passed,11
TXN101798,14-05-2025,Leeds Fulfillment,Liverpool,Pharma,Paracetamol,Northern Supply Chain,BATCH-4673,Inbound,920,772,8,12,766.46,1100.09,D2,Oliver Smith,Delayed,7,No,Passed,13
TXN101799,30-05-2025,Bristol Supply Hub,Newcastle,Electronics,Smartphone,Britannia Pharma,BATCH-8469,Inbound,494,201,12,8,960.57,1176.03,C2,George Brown,On Time,1,Yes,Passed,7
TXN101800,16-02-2026,Glasgow Warehouse,Manchester,Pharma,Paracetamol,UK Retail Goods,BATCH-4666,Outbound,696,608,5,18,1165.36,1565.45,C2,Oliver Smith,On Time,1,Yes,Passed,20
TXN101801,30-07-2025,Liverpool Logistics,Birmingham,Pharma,Vitamin Tablets,Prime Wholesale UK,BATCH-1780,Outbound,984,210,11,18,603.34,1056.08,B1,Noah Wilson,Delayed,7,Yes,Passed,17
TXN101802,23-01-2025,Birmingham Distribution,Birmingham,Electronics,Laptop,ASDA Distribution,BATCH-9662,Outbound,461,40,32,19,1164.8,1881.94,C2,Emily Harris,Delayed,8,No,Passed,18
TXN101803,29-06-2025,Bristol Supply Hub,Manchester,Fashion,Sneakers,ASDA Distribution,BATCH-5750,Inbound,682,632,1,10,1017.46,1456.15,C2,Noah Wilson,On Time,3,Yes,Passed,9
TXN101804,20-01-2026,Birmingham Distribution,Manchester,Electronics,Monitor,Northern Supply Chain,BATCH-8467,Outbound,540,395,7,7,52.98,61.13,C2,Noah Wilson,Delayed,10,No,Passed,3
TXN101805,25-05-2025,Manchester Storage,Birmingham,Pharma,Bandages,Northern Supply Chain,BATCH-7962,Outbound,294,99,2,9,298.77,456.14,C2,Amelia Clark,Delayed,8,Yes,Passed,5
TXN101806,09-05-2025,Glasgow Warehouse,Glasgow,Grocery,Cooking Oil,Sainsbury Logistics,BATCH-7897,Outbound,461,64,26,11,411.0,458.48,B1,Oliver Smith,On Time,3,Yes,Passed,12
TXN101807,08-04-2026,Bristol Supply Hub,Newcastle,Fashion,Jacket,Tesco Supply Ltd,BATCH-7983,Inbound,197,136,20,3,14.22,24.49,C2,Emily Harris,Slightly Delayed,6,Yes,Passed,24
TXN101808,14-04-2025,Liverpool Logistics,Glasgow,Electronics,Tablet,UK Retail Goods,BATCH-4762,Inbound,135,109,33,2,1020.02,1445.93,A1,Charlie Davies,Delayed,10,No,Passed,16
TXN101809,25-10-2025,Birmingham Distribution,Manchester,Pharma,Cough Syrup,UK Retail Goods,BATCH-1525,Inbound,133,131,26,10,570.33,649.75,C1,George Brown,Delayed,8,No,Passed,21
TXN101810,21-10-2025,London Central Hub,Leeds,Pharma,Bandages,ASDA Distribution,BATCH-2061,Outbound,817,561,21,20,1114.98,1484.75,C1,Oliver Smith,On Time,2,No,Passed,3
TXN101811,02-08-2025,Liverpool Logistics,London,Electronics,Keyboard,London Trade Corp,BATCH-8896,Outbound,276,117,18,12,930.75,1495.14,C1,Noah Wilson,Slightly Delayed,4,No,Passed,22
TXN101812,19-08-2025,London Central Hub,Birmingham,Electronics,Laptop,ASDA Distribution,BATCH-8576,Inbound,641,573,18,3,489.72,878.36,C1,Emily Harris,Slightly Delayed,4,Yes,Failed,3
TXN101813,18-03-2026,Newcastle Depot,Manchester,Grocery,Coffee,Prime Wholesale UK,BATCH-9832,Outbound,770,736,39,5,664.4,1047.08,D1,Harry Johnson,Slightly Delayed,4,No,Passed,12
TXN101814,11-05-2026,Liverpool Logistics,London,Home Appliances,Air Fryer,ASDA Distribution,BATCH-1937,Outbound,433,38,22,19,117.8,208.07,C2,Harry Johnson,Slightly Delayed,4,No,Passed,19
TXN101815,26-11-2025,Leeds Fulfillment,Leeds,Home Appliances,Vacuum Cleaner,Tesco Supply Ltd,BATCH-7319,Outbound,303,57,31,18,258.2,444.76,C1,Charlie Davies,Slightly Delayed,5,Yes,Passed,23
TXN101816,19-03-2026,Leeds Fulfillment,Bristol,Pharma,Vitamin Tablets,Sainsbury Logistics,BATCH-1202,Outbound,911,397,29,0,798.42,1354.71,C2,Amelia Clark,Delayed,7,Yes,Passed,20
TXN101817,08-02-2026,Manchester Storage,Manchester,Grocery,Tea Bags,Northern Supply Chain,BATCH-9397,Inbound,163,60,26,0,913.3,1630.0,A2,Oliver Smith,Delayed,7,Yes,Passed,13
TXN101818,04-02-2025,London Central Hub,London,Electronics,Keyboard,UK Retail Goods,BATCH-3227,Outbound,714,89,37,8,1013.96,1117.83,D1,George Brown,Delayed,9,Yes,Passed,11
TXN101819,26-08-2025,Bristol Supply Hub,Birmingham,Home Appliances,Air Fryer,ASDA Distribution,BATCH-2723,Outbound,526,441,31,15,942.95,1093.1,D1,Amelia Clark,Delayed,10,No,Passed,13
TXN101820,18-12-2025,Birmingham Distribution,Birmingham,Electronics,Monitor,Tesco Supply Ltd,BATCH-6801,Inbound,510,123,40,10,1154.3,1562.24,B2,Charlie Davies,Delayed,10,No,Passed,7
TXN101821,02-07-2025,Newcastle Depot,Leeds,Home Appliances,Air Fryer,Northern Supply Chain,BATCH-8747,Inbound,866,309,33,19,213.78,241.87,C2,Harry Johnson,Delayed,8,Yes,Passed,23
TXN101822,19-08-2025,Glasgow Warehouse,Glasgow,Electronics,Monitor,Britannia Pharma,BATCH-4541,Inbound,794,528,16,16,541.88,967.94,C2,Amelia Clark,Delayed,8,No,Passed,24
TXN101823,02-04-2026,Manchester Storage,Birmingham,Electronics,Tablet,Northern Supply Chain,BATCH-9042,Inbound,409,94,2,2,735.9,841.21,A2,Amelia Clark,Delayed,7,Yes,Passed,6
TXN101824,13-10-2025,Glasgow Warehouse,Bristol,Pharma,Vitamin Tablets,Sainsbury Logistics,BATCH-9447,Outbound,744,58,13,20,96.18,157.28,C2,Noah Wilson,Delayed,8,Yes,Passed,10
TXN101825,05-05-2026,Newcastle Depot,Manchester,Pharma,Vitamin Tablets,ASDA Distribution,BATCH-4052,Inbound,483,373,10,1,167.22,263.02,D1,Noah Wilson,Delayed,9,No,Passed,23
TXN101826,12-02-2025,Newcastle Depot,Bristol,Pharma,Paracetamol,London Trade Corp,BATCH-1132,Inbound,512,138,36,5,961.77,1150.48,C1,Emily Harris,Slightly Delayed,4,No,Passed,24
TXN101827,03-06-2025,Birmingham Distribution,Leeds,Electronics,Smartphone,UK Retail Goods,BATCH-5944,Outbound,383,266,31,15,938.26,1401.55,B2,Charlie Davies,Delayed,8,Yes,Passed,16
TXN101828,22-03-2025,Leeds Fulfillment,London,Electronics,Laptop,UK Retail Goods,BATCH-7234,Outbound,756,358,31,11,42.83,64.73,D2,Charlie Davies,Delayed,8,No,Passed,5
TXN101829,15-05-2026,Glasgow Warehouse,Glasgow,Home Appliances,Microwave,Tesco Supply Ltd,BATCH-7549,Outbound,251,71,36,3,491.29,670.27,B2,Jack Taylor,Delayed,8,No,Passed,25
TXN101830,31-08-2025,Liverpool Logistics,Glasgow,Electronics,Laptop,Britannia Pharma,BATCH-3461,Inbound,854,754,4,0,363.31,617.87,A1,Harry Johnson,Delayed,10,Yes,Passed,16
TXN101831,06-05-2025,Glasgow Warehouse,Liverpool,Home Appliances,Air Fryer,Britannia Pharma,BATCH-9237,Inbound,675,657,7,6,1151.47,1881.34,A2,Harry Johnson,Delayed,10,No,Passed,22
TXN101832,22-03-2026,Bristol Supply Hub,Leeds,Fashion,Jacket,Sainsbury Logistics,BATCH-7297,Inbound,925,213,19,14,446.47,507.75,C1,Charlie Davies,On Time,2,No,Failed,9
TXN101833,15-11-2025,Birmingham Distribution,Birmingham,Fashion,Jeans,UK Retail Goods,BATCH-5661,Inbound,53,31,7,7,413.31,527.16,D2,Harry Johnson,Delayed,7,No,Passed,7
TXN101834,03-03-2026,Newcastle Depot,London,Pharma,Vitamin Tablets,Tesco Supply Ltd,BATCH-7834,Inbound,332,217,24,1,1102.4,1831.09,B2,Harry Johnson,Slightly Delayed,6,Yes,Failed,14
TXN101835,14-01-2026,Birmingham Distribution,Birmingham,Home Appliances,Microwave,Britannia Pharma,BATCH-2748,Outbound,160,120,12,10,164.49,210.85,C2,Amelia Clark,On Time,2,Yes,Passed,12
TXN101836,10-01-2026,Glasgow Warehouse,Leeds,Home Appliances,Mixer,ASDA Distribution,BATCH-4141,Inbound,977,641,21,13,307.45,516.82,B2,Amelia Clark,Delayed,9,No,Failed,11
TXN101837,10-10-2025,Manchester Storage,Glasgow,Electronics,Tablet,Prime Wholesale UK,BATCH-9991,Inbound,580,368,38,2,397.84,557.68,A1,Charlie Davies,Slightly Delayed,6,Yes,Passed,23
TXN101838,23-03-2025,Leeds Fulfillment,Manchester,Pharma,Vitamin Tablets,Britannia Pharma,BATCH-2804,Outbound,224,41,37,3,773.53,906.46,A1,Harry Johnson,Slightly Delayed,5,Yes,Passed,16
TXN101839,31-07-2025,London Central Hub,Manchester,Pharma,Bandages,Sainsbury Logistics,BATCH-1500,Inbound,972,611,37,6,698.68,907.69,D2,Jack Taylor,On Time,3,Yes,Passed,4
TXN101840,07-05-2026,Bristol Supply Hub,Glasgow,Electronics,Keyboard,Britannia Pharma,BATCH-9908,Inbound,973,538,19,9,525.83,939.02,B1,Emily Harris,Delayed,9,Yes,Passed,25
TXN101841,09-06-2025,Manchester Storage,Glasgow,Home Appliances,Mixer,UK Retail Goods,BATCH-3449,Inbound,303,217,29,10,1139.56,2012.64,A1,Harry Johnson,Delayed,7,Yes,Failed,6
TXN101842,28-01-2026,Liverpool Logistics,Leeds,Electronics,Keyboard,Sainsbury Logistics,BATCH-9898,Outbound,372,90,13,3,434.37,729.82,A1,George Brown,Delayed,9,Yes,Passed,23
TXN101843,06-01-2025,Glasgow Warehouse,Liverpool,Pharma,Bandages,Britannia Pharma,BATCH-3603,Inbound,228,120,30,2,757.53,1363.06,D1,Emily Harris,On Time,3,Yes,Failed,14
TXN101844,20-01-2026,Bristol Supply Hub,Bristol,Fashion,T-Shirt,Prime Wholesale UK,BATCH-5954,Inbound,80,39,8,19,1102.86,1365.93,D2,Emily Harris,Delayed,10,Yes,Passed,2
TXN101845,03-03-2026,London Central Hub,Glasgow,Electronics,Monitor,ASDA Distribution,BATCH-1305,Outbound,715,366,11,9,1012.19,1150.08,B1,Jack Taylor,Slightly Delayed,4,No,Passed,25
TXN101846,31-10-2025,Birmingham Distribution,Newcastle,Grocery,Coffee,Northern Supply Chain,BATCH-4832,Outbound,333,113,27,11,350.76,401.73,B1,Noah Wilson,Delayed,9,Yes,Passed,25
TXN101847,02-02-2026,Bristol Supply Hub,London,Home Appliances,Vacuum Cleaner,Prime Wholesale UK,BATCH-1650,Outbound,864,543,36,6,1089.86,1693.29,B1,Noah Wilson,On Time,3,No,Passed,14
TXN101848,16-12-2025,Birmingham Distribution,Manchester,Grocery,Rice Pack,UK Retail Goods,BATCH-6222,Inbound,583,396,37,7,89.58,103.59,C1,Emily Harris,Delayed,7,Yes,Passed,11
TXN101849,10-10-2025,Leeds Fulfillment,Leeds,Electronics,Monitor,Northern Supply Chain,BATCH-4241,Outbound,925,691,0,15,577.99,638.27,D2,Amelia Clark,Delayed,9,No,Failed,22
TXN101850,03-07-2025,Leeds Fulfillment,Leeds,Fashion,Jeans,London Trade Corp,BATCH-5553,Inbound,837,92,15,17,1121.56,1871.11,B1,Charlie Davies,Delayed,10,No,Passed,10
TXN101851,31-05-2025,Bristol Supply Hub,Liverpool,Electronics,Tablet,London Trade Corp,BATCH-2797,Inbound,886,886,12,1,892.28,1363.97,A1,Amelia Clark,Slightly Delayed,6,No,Passed,9
TXN101852,06-01-2025,Glasgow Warehouse,London,Pharma,Paracetamol,Britannia Pharma,BATCH-2063,Outbound,738,255,27,7,485.27,654.55,B2,Emily Harris,Delayed,10,Yes,Failed,4
TXN101853,30-12-2025,Birmingham Distribution,Liverpool,Grocery,Coffee,ASDA Distribution,BATCH-3292,Inbound,187,127,31,16,945.28,1348.24,D2,Harry Johnson,On Time,1,Yes,Passed,11
TXN101854,14-08-2025,Bristol Supply Hub,Liverpool,Pharma,Bandages,Prime Wholesale UK,BATCH-4562,Inbound,809,718,20,4,1145.29,1356.03,A2,Jack Taylor,On Time,3,Yes,Passed,7
TXN101855,10-01-2026,Leeds Fulfillment,London,Electronics,Laptop,Tesco Supply Ltd,BATCH-4848,Inbound,597,535,25,5,1168.92,1329.86,A1,Noah Wilson,Delayed,7,No,Passed,9
TXN101856,08-02-2025,London Central Hub,Manchester,Home Appliances,Microwave,Prime Wholesale UK,BATCH-1746,Inbound,782,114,2,1,159.14,230.84,C1,Amelia Clark,Slightly Delayed,5,Yes,Passed,13
TXN101857,07-11-2025,London Central Hub,Liverpool,Home Appliances,Air Fryer,Sainsbury Logistics,BATCH-1337,Outbound,595,476,40,6,224.54,257.09,B2,Jack Taylor,Delayed,10,No,Passed,8
TXN101858,17-02-2026,Bristol Supply Hub,London,Grocery,Cooking Oil,ASDA Distribution,BATCH-1196,Outbound,364,176,8,3,56.85,76.91,A2,Noah Wilson,On Time,1,Yes,Passed,7
TXN101859,17-12-2025,Liverpool Logistics,Glasgow,Pharma,Cough Syrup,Northern Supply Chain,BATCH-8606,Inbound,391,253,36,9,164.12,263.33,A2,Emily Harris,On Time,3,No,Passed,25
TXN101860,09-04-2026,Newcastle Depot,Newcastle,Electronics,Keyboard,Northern Supply Chain,BATCH-8800,Outbound,869,802,38,17,1129.43,1680.62,C2,Harry Johnson,Delayed,9,Yes,Passed,16
TXN101861,25-04-2025,Birmingham Distribution,London,Fashion,T-Shirt,Britannia Pharma,BATCH-9301,Outbound,722,98,8,6,729.73,845.62,B2,Oliver Smith,Delayed,10,No,Passed,11
TXN101862,27-11-2025,Newcastle Depot,Liverpool,Electronics,Keyboard,Britannia Pharma,BATCH-2859,Inbound,308,183,21,16,494.82,720.89,D2,Amelia Clark,On Time,2,No,Passed,23
TXN101863,19-06-2025,Manchester Storage,Glasgow,Electronics,Tablet,UK Retail Goods,BATCH-7411,Inbound,691,668,6,11,1052.27,1750.35,A1,Charlie Davies,Delayed,9,No,Passed,9
TXN101864,09-05-2025,Bristol Supply Hub,Liverpool,Home Appliances,Vacuum Cleaner,London Trade Corp,BATCH-7889,Outbound,835,261,37,5,540.43,849.55,A1,George Brown,Slightly Delayed,6,Yes,Passed,23
TXN101865,18-12-2025,Glasgow Warehouse,Glasgow,Fashion,Jacket,London Trade Corp,BATCH-4588,Outbound,836,383,12,14,672.91,871.67,C1,Jack Taylor,On Time,1,Yes,Failed,14
TXN101866,26-11-2025,Birmingham Distribution,Manchester,Home Appliances,Air Fryer,Tesco Supply Ltd,BATCH-1634,Outbound,516,259,32,16,647.97,1076.76,B1,Oliver Smith,On Time,3,No,Passed,0
TXN101867,07-07-2025,London Central Hub,Leeds,Home Appliances,Microwave,ASDA Distribution,BATCH-1376,Outbound,556,89,7,5,357.58,419.78,D1,Amelia Clark,Delayed,8,No,Passed,2
TXN101868,31-01-2025,Bristol Supply Hub,Newcastle,Home Appliances,Air Fryer,ASDA Distribution,BATCH-2883,Inbound,313,159,9,13,155.67,203.09,A2,Emily Harris,Delayed,8,No,Passed,24
TXN101869,25-04-2025,London Central Hub,Newcastle,Electronics,Tablet,UK Retail Goods,BATCH-3205,Outbound,298,100,20,14,932.99,1478.84,D1,Amelia Clark,Slightly Delayed,5,No,Passed,21
TXN101870,21-02-2025,Newcastle Depot,Birmingham,Pharma,Paracetamol,Britannia Pharma,BATCH-7618,Inbound,822,238,40,1,316.63,561.18,C1,Emily Harris,Delayed,9,Yes,Passed,9
TXN101871,06-05-2025,Manchester Storage,Leeds,Home Appliances,Mixer,London Trade Corp,BATCH-7208,Outbound,157,69,3,2,616.43,1009.38,A2,Harry Johnson,Slightly Delayed,5,Yes,Passed,14
TXN101872,19-05-2025,Birmingham Distribution,Glasgow,Pharma,Paracetamol,Northern Supply Chain,BATCH-8684,Outbound,969,856,30,1,30.78,39.7,A1,Charlie Davies,Delayed,8,Yes,Passed,12
TXN101873,25-02-2025,Manchester Storage,London,Grocery,Coffee,Sainsbury Logistics,BATCH-1454,Outbound,143,132,9,6,152.55,255.54,A1,Emily Harris,Slightly Delayed,5,Yes,Passed,7
TXN101874,16-05-2025,Bristol Supply Hub,Newcastle,Fashion,Handbag,UK Retail Goods,BATCH-6988,Inbound,258,33,2,11,1046.02,1279.88,C1,George Brown,Slightly Delayed,5,No,Passed,24
TXN101875,09-06-2025,Birmingham Distribution,Bristol,Fashion,Jacket,ASDA Distribution,BATCH-9748,Outbound,176,124,6,10,803.35,1233.0,C2,Charlie Davies,Delayed,10,Yes,Passed,14
TXN101876,19-05-2025,Leeds Fulfillment,London,Pharma,Vitamin Tablets,Sainsbury Logistics,BATCH-4137,Inbound,461,291,8,20,751.71,858.47,B2,Charlie Davies,On Time,2,No,Failed,18
TXN101877,23-09-2025,London Central Hub,Newcastle,Grocery,Coffee,London Trade Corp,BATCH-1746,Outbound,573,77,13,20,403.24,625.58,A2,Emily Harris,Delayed,9,Yes,Passed,11
TXN101878,08-09-2025,Leeds Fulfillment,Leeds,Pharma,Cough Syrup,Northern Supply Chain,BATCH-5334,Inbound,983,154,22,5,340.2,541.21,A1,Jack Taylor,Delayed,8,No,Passed,9
TXN101879,19-07-2025,Bristol Supply Hub,Birmingham,Electronics,Laptop,Prime Wholesale UK,BATCH-6966,Outbound,495,24,24,18,640.83,934.15,B2,Emily Harris,On Time,3,No,Passed,18
TXN101880,13-03-2025,Leeds Fulfillment,London,Grocery,Cereal,Prime Wholesale UK,BATCH-3574,Outbound,410,353,18,20,966.33,1076.96,C1,Charlie Davies,On Time,2,Yes,Passed,19
TXN101881,14-03-2025,Leeds Fulfillment,Newcastle,Fashion,Jacket,Tesco Supply Ltd,BATCH-8214,Inbound,144,116,27,1,690.34,1238.57,D1,George Brown,Slightly Delayed,4,No,Passed,21
TXN101882,31-01-2025,Liverpool Logistics,Leeds,Electronics,Monitor,UK Retail Goods,BATCH-9331,Outbound,353,123,7,12,929.75,1164.35,C1,George Brown,Slightly Delayed,6,No,Passed,17
TXN101883,12-04-2026,Bristol Supply Hub,Leeds,Home Appliances,Microwave,London Trade Corp,BATCH-6018,Outbound,209,195,15,13,113.51,192.49,C2,Emily Harris,Delayed,10,Yes,Passed,5
TXN101884,13-08-2025,Liverpool Logistics,Birmingham,Fashion,Jeans,Sainsbury Logistics,BATCH-5585,Inbound,793,131,31,9,818.86,1395.52,B1,Noah Wilson,On Time,3,Yes,Passed,12
TXN101885,28-01-2026,London Central Hub,Leeds,Grocery,Tea Bags,Northern Supply Chain,BATCH-6510,Outbound,446,72,29,13,1102.16,1421.17,A2,Harry Johnson,On Time,1,Yes,Passed,17
TXN101886,30-09-2025,Birmingham Distribution,London,Fashion,Jeans,Prime Wholesale UK,BATCH-5783,Outbound,566,101,7,0,423.51,743.86,C2,George Brown,On Time,3,Yes,Passed,14
TXN101887,22-04-2025,Liverpool Logistics,Newcastle,Fashion,T-Shirt,UK Retail Goods,BATCH-3182,Outbound,543,299,11,6,751.82,994.54,B2,Amelia Clark,Slightly Delayed,5,Yes,Failed,2
TXN101888,04-02-2025,Leeds Fulfillment,Bristol,Pharma,Paracetamol,Northern Supply Chain,BATCH-6624,Inbound,92,21,8,12,6.69,9.42,D2,Harry Johnson,On Time,3,No,Passed,11
TXN101889,03-02-2025,Liverpool Logistics,London,Fashion,Jeans,London Trade Corp,BATCH-1847,Outbound,164,26,22,5,10.14,15.18,B2,Noah Wilson,Slightly Delayed,4,No,Passed,14
TXN101890,15-01-2026,Glasgow Warehouse,London,Grocery,Rice Pack,Sainsbury Logistics,BATCH-8436,Outbound,183,176,30,6,1067.46,1379.81,A1,George Brown,On Time,2,No,Passed,17
TXN101891,13-02-2025,Manchester Storage,Leeds,Electronics,Laptop,London Trade Corp,BATCH-3948,Inbound,672,80,30,4,211.52,315.7,C2,Amelia Clark,Delayed,8,Yes,Failed,4
TXN101892,05-01-2026,Glasgow Warehouse,Manchester,Grocery,Cooking Oil,Prime Wholesale UK,BATCH-6910,Outbound,127,124,20,19,1088.78,1878.77,A1,Noah Wilson,Delayed,9,Yes,Passed,6
TXN101893,26-04-2026,Glasgow Warehouse,London,Electronics,Keyboard,Sainsbury Logistics,BATCH-5582,Inbound,588,571,3,13,1037.15,1784.1,B2,Oliver Smith,Slightly Delayed,5,Yes,Passed,14
TXN101894,02-05-2026,Glasgow Warehouse,Manchester,Home Appliances,Air Fryer,Britannia Pharma,BATCH-6492,Inbound,555,377,33,15,392.83,619.86,C1,Emily Harris,Slightly Delayed,6,Yes,Failed,7
TXN101895,23-02-2025,Manchester Storage,Leeds,Fashion,T-Shirt,Sainsbury Logistics,BATCH-1644,Outbound,686,318,25,4,537.15,779.51,B2,Jack Taylor,Slightly Delayed,6,No,Passed,1
TXN101896,06-11-2025,Leeds Fulfillment,Manchester,Pharma,Bandages,Northern Supply Chain,BATCH-7187,Outbound,199,47,31,12,316.64,391.17,C1,Oliver Smith,Slightly Delayed,5,No,Failed,17
TXN101897,06-05-2026,London Central Hub,Bristol,Home Appliances,Air Fryer,Northern Supply Chain,BATCH-8499,Inbound,627,543,23,17,381.03,491.34,D1,Jack Taylor,On Time,2,Yes,Passed,16
TXN101898,27-01-2025,Birmingham Distribution,Leeds,Fashion,Handbag,UK Retail Goods,BATCH-2794,Outbound,291,250,34,19,1071.86,1341.58,C1,Charlie Davies,Delayed,8,Yes,Passed,8
TXN101899,13-04-2025,Manchester Storage,Newcastle,Grocery,Tea Bags,London Trade Corp,BATCH-7453,Inbound,609,34,17,14,8.28,9.34,D1,George Brown,Delayed,10,Yes,Passed,24
TXN101900,19-07-2025,Birmingham Distribution,Manchester,Grocery,Cooking Oil,Sainsbury Logistics,BATCH-5082,Inbound,530,507,13,10,932.7,1102.89,A1,Charlie Davies,Slightly Delayed,6,No,Failed,21
TXN101901,24-06-2025,Bristol Supply Hub,London,Home Appliances,Microwave,Tesco Supply Ltd,BATCH-9841,Inbound,856,621,7,11,284.78,453.92,C2,Emily Harris,On Time,3,Yes,Passed,13
TXN101902,25-02-2026,Glasgow Warehouse,Liverpool,Home Appliances,Mixer,Sainsbury Logistics,BATCH-9447,Outbound,764,230,1,6,1082.74,1394.64,D1,Jack Taylor,Slightly Delayed,4,No,Passed,23
TXN101903,20-02-2025,Liverpool Logistics,Liverpool,Fashion,Jacket,Prime Wholesale UK,BATCH-1514,Inbound,804,530,2,13,57.55,83.4,C1,Harry Johnson,Delayed,7,No,Passed,9
TXN101904,03-05-2025,Newcastle Depot,Bristol,Pharma,Vitamin Tablets,Sainsbury Logistics,BATCH-2299,Outbound,446,306,28,2,794.08,1227.53,D2,Emily Harris,Delayed,7,No,Passed,0
TXN101905,06-01-2026,Manchester Storage,Leeds,Pharma,Cough Syrup,Sainsbury Logistics,BATCH-9012,Outbound,433,276,27,13,150.72,181.54,B2,Harry Johnson,Delayed,9,No,Passed,3
TXN101906,11-03-2025,Liverpool Logistics,Birmingham,Home Appliances,Air Fryer,ASDA Distribution,BATCH-6145,Inbound,227,127,13,8,824.83,1006.64,A1,Emily Harris,On Time,3,Yes,Passed,6
TXN101907,18-04-2026,Manchester Storage,Glasgow,Grocery,Rice Pack,Britannia Pharma,BATCH-2809,Outbound,346,159,32,8,1107.98,1491.09,D1,Amelia Clark,Delayed,8,Yes,Passed,9
TXN101908,09-07-2025,Bristol Supply Hub,Newcastle,Pharma,Bandages,Prime Wholesale UK,BATCH-7545,Outbound,611,256,36,2,1070.87,1479.2,D2,Amelia Clark,Slightly Delayed,5,No,Passed,12
TXN101909,12-03-2026,Bristol Supply Hub,Leeds,Pharma,Bandages,London Trade Corp,BATCH-6253,Inbound,453,43,35,11,155.24,225.11,A2,Emily Harris,Slightly Delayed,6,No,Passed,1
TXN101910,04-07-2025,Leeds Fulfillment,Birmingham,Pharma,Bandages,Sainsbury Logistics,BATCH-1081,Outbound,591,157,37,17,604.03,1085.59,A2,Charlie Davies,Delayed,8,Yes,Passed,13
TXN101911,18-01-2025,Newcastle Depot,Birmingham,Home Appliances,Vacuum Cleaner,Britannia Pharma,BATCH-7797,Outbound,659,569,29,7,776.2,1088.43,B2,Oliver Smith,Slightly Delayed,5,Yes,Passed,5
TXN101912,25-02-2026,Liverpool Logistics,London,Electronics,Smartphone,ASDA Distribution,BATCH-2777,Inbound,303,48,12,2,655.06,807.65,C1,Oliver Smith,Delayed,10,No,Failed,11
TXN101913,20-03-2025,Manchester Storage,Glasgow,Pharma,Cough Syrup,ASDA Distribution,BATCH-5529,Inbound,401,287,31,10,448.98,712.79,D1,Emily Harris,Slightly Delayed,6,No,Passed,11
TXN101914,29-11-2025,Manchester Storage,Liverpool,Fashion,Handbag,London Trade Corp,BATCH-6719,Outbound,266,101,4,14,1149.39,1972.11,D1,Amelia Clark,Slightly Delayed,4,Yes,Passed,21
TXN101915,01-12-2025,Birmingham Distribution,Glasgow,Grocery,Cereal,Northern Supply Chain,BATCH-1752,Inbound,779,608,22,17,527.65,672.88,A2,Amelia Clark,Delayed,8,Yes,Passed,8
TXN101916,21-07-2025,Leeds Fulfillment,Birmingham,Fashion,Handbag,Northern Supply Chain,BATCH-9605,Outbound,363,344,30,13,845.9,1030.04,A2,Emily Harris,Slightly Delayed,4,No,Passed,6
TXN101917,21-02-2026,London Central Hub,Glasgow,Fashion,T-Shirt,Sainsbury Logistics,BATCH-1147,Inbound,628,69,5,0,161.68,289.67,D2,George Brown,Delayed,8,Yes,Passed,4
TXN101918,29-03-2025,Leeds Fulfillment,Bristol,Electronics,Smartphone,Sainsbury Logistics,BATCH-3465,Inbound,702,97,36,1,762.52,1318.65,A2,Amelia Clark,Delayed,7,No,Passed,13
TXN101919,21-03-2025,Birmingham Distribution,Bristol,Fashion,Jeans,Sainsbury Logistics,BATCH-6292,Inbound,697,261,38,6,1182.57,1592.88,A2,Jack Taylor,Delayed,9,Yes,Passed,7
TXN101920,03-04-2026,Birmingham Distribution,Leeds,Electronics,Monitor,Britannia Pharma,BATCH-4106,Outbound,371,180,38,16,1006.63,1153.48,A1,Emily Harris,Slightly Delayed,5,No,Passed,11
TXN101921,08-11-2025,London Central Hub,Birmingham,Electronics,Keyboard,Britannia Pharma,BATCH-5420,Inbound,267,208,15,5,621.01,1054.77,C1,Noah Wilson,Delayed,10,Yes,Passed,0
TXN101922,26-04-2026,Newcastle Depot,Newcastle,Home Appliances,Mixer,UK Retail Goods,BATCH-9020,Outbound,529,267,6,17,212.8,335.03,C2,Charlie Davies,Slightly Delayed,4,No,Failed,14
TXN101923,08-06-2025,Manchester Storage,Leeds,Fashion,Jacket,Prime Wholesale UK,BATCH-2594,Inbound,498,85,28,11,573.6,721.4,D1,Amelia Clark,Slightly Delayed,6,No,Passed,3
TXN101924,03-03-2026,Manchester Storage,Glasgow,Pharma,Vitamin Tablets,Tesco Supply Ltd,BATCH-2609,Inbound,644,242,36,4,730.62,895.35,C1,Noah Wilson,On Time,1,Yes,Passed,18
TXN101925,16-09-2025,Leeds Fulfillment,Newcastle,Electronics,Monitor,Prime Wholesale UK,BATCH-4095,Inbound,211,140,39,17,1167.06,1809.9,A2,George Brown,Slightly Delayed,6,Yes,Passed,7
TXN101926,18-10-2025,Glasgow Warehouse,Glasgow,Fashion,Jacket,Prime Wholesale UK,BATCH-2434,Outbound,755,634,7,4,1183.74,1589.34,B1,Harry Johnson,Slightly Delayed,4,Yes,Passed,13
TXN101927,04-03-2026,Bristol Supply Hub,Leeds,Grocery,Cooking Oil,UK Retail Goods,BATCH-7427,Outbound,84,70,20,19,111.17,122.59,C1,Jack Taylor,Slightly Delayed,5,Yes,Passed,5
TXN101928,20-11-2025,Birmingham Distribution,Birmingham,Home Appliances,Air Fryer,Prime Wholesale UK,BATCH-7520,Inbound,652,115,16,4,191.79,313.02,C2,George Brown,On Time,1,No,Passed,16
TXN101929,05-11-2025,Liverpool Logistics,Glasgow,Electronics,Keyboard,UK Retail Goods,BATCH-1647,Inbound,974,923,28,17,386.93,556.28,A1,Oliver Smith,On Time,1,Yes,Failed,21
TXN101930,23-04-2026,Glasgow Warehouse,Leeds,Fashion,Jeans,Northern Supply Chain,BATCH-7056,Outbound,699,163,21,16,878.41,1227.04,A2,Emily Harris,Delayed,8,Yes,Passed,17
TXN101931,23-04-2025,Leeds Fulfillment,Bristol,Pharma,Bandages,London Trade Corp,BATCH-7768,Outbound,719,48,15,9,332.69,464.04,A2,Charlie Davies,Slightly Delayed,4,No,Passed,23
TXN101932,23-02-2026,Glasgow Warehouse,Manchester,Fashion,Jeans,Prime Wholesale UK,BATCH-7486,Outbound,390,81,29,10,596.62,787.24,C2,Charlie Davies,On Time,2,No,Failed,10
TXN101933,08-03-2026,Leeds Fulfillment,Leeds,Fashion,Jacket,Sainsbury Logistics,BATCH-2446,Inbound,92,49,14,14,894.03,1079.46,B1,George Brown,Delayed,10,Yes,Passed,10
TXN101934,21-08-2025,Liverpool Logistics,Newcastle,Electronics,Smartphone,Northern Supply Chain,BATCH-7770,Inbound,396,200,30,18,762.51,1286.68,C1,Harry Johnson,Slightly Delayed,4,No,Passed,4
TXN101935,23-04-2025,Birmingham Distribution,Birmingham,Fashion,Sneakers,Sainsbury Logistics,BATCH-2996,Inbound,269,34,11,19,1016.27,1150.79,B2,Charlie Davies,On Time,2,Yes,Passed,9
TXN101936,18-10-2025,Birmingham Distribution,Leeds,Grocery,Cereal,Tesco Supply Ltd,BATCH-8550,Outbound,206,62,38,20,446.29,518.08,C2,Noah Wilson,Slightly Delayed,5,Yes,Passed,17
TXN101937,26-01-2025,Newcastle Depot,Birmingham,Fashion,Handbag,Britannia Pharma,BATCH-5971,Outbound,267,188,18,15,486.43,769.01,D1,Amelia Clark,On Time,1,No,Failed,19
TXN101938,16-09-2025,Glasgow Warehouse,London,Pharma,Vitamin Tablets,London Trade Corp,BATCH-6495,Inbound,491,370,0,18,762.37,950.87,C2,Amelia Clark,Delayed,7,Yes,Passed,18
TXN101939,17-06-2025,Birmingham Distribution,Newcastle,Fashion,Jeans,UK Retail Goods,BATCH-5983,Outbound,436,214,36,4,256.8,446.62,B1,Emily Harris,On Time,3,Yes,Passed,23
TXN101940,02-08-2025,London Central Hub,Glasgow,Pharma,Bandages,ASDA Distribution,BATCH-5886,Outbound,231,69,15,8,767.45,1314.39,A2,Oliver Smith,Delayed,7,No,Passed,16
TXN101941,11-05-2026,Leeds Fulfillment,Leeds,Fashion,Jeans,Tesco Supply Ltd,BATCH-5027,Outbound,564,415,33,16,1147.1,2018.73,A2,Amelia Clark,Delayed,10,No,Passed,13
TXN101942,23-12-2025,Manchester Storage,Liverpool,Electronics,Tablet,Tesco Supply Ltd,BATCH-2987,Outbound,733,326,17,1,1020.86,1819.7,B2,Jack Taylor,Slightly Delayed,4,No,Passed,13
TXN101943,20-11-2025,London Central Hub,Manchester,Home Appliances,Mixer,Sainsbury Logistics,BATCH-3620,Inbound,873,158,13,15,1158.84,1763.44,A2,Amelia Clark,Slightly Delayed,4,Yes,Failed,3
TXN101944,19-03-2025,Liverpool Logistics,Liverpool,Home Appliances,Microwave,Northern Supply Chain,BATCH-4552,Inbound,234,27,0,20,188.18,283.39,C1,Oliver Smith,Slightly Delayed,6,Yes,Passed,2
TXN101945,06-04-2025,Manchester Storage,Birmingham,Grocery,Tea Bags,London Trade Corp,BATCH-1297,Inbound,96,43,15,3,661.37,1151.18,A2,Emily Harris,Delayed,8,No,Passed,20
TXN101946,24-11-2025,Manchester Storage,Newcastle,Pharma,Bandages,Northern Supply Chain,BATCH-6615,Inbound,975,609,0,0,840.49,1330.65,B1,Jack Taylor,Delayed,10,No,Failed,16
TXN101947,26-05-2025,Leeds Fulfillment,Bristol,Grocery,Coffee,ASDA Distribution,BATCH-2860,Outbound,273,220,32,15,140.91,245.07,A1,Emily Harris,Slightly Delayed,6,Yes,Passed,4
TXN101948,05-01-2025,Liverpool Logistics,Leeds,Fashion,Jeans,ASDA Distribution,BATCH-3928,Inbound,595,210,2,8,68.61,105.4,B1,Harry Johnson,Delayed,9,No,Failed,21
TXN101949,13-03-2025,Glasgow Warehouse,Birmingham,Electronics,Laptop,Prime Wholesale UK,BATCH-7297,Inbound,433,327,13,5,322.03,371.38,C2,George Brown,Slightly Delayed,4,Yes,Passed,5
TXN101950,28-09-2025,Liverpool Logistics,Birmingham,Electronics,Tablet,Northern Supply Chain,BATCH-9095,Inbound,164,45,27,14,678.98,1091.72,A2,Harry Johnson,On Time,3,No,Failed,14
TXN101951,04-01-2025,Manchester Storage,Glasgow,Home Appliances,Mixer,UK Retail Goods,BATCH-9309,Outbound,165,130,29,17,496.66,593.5,C1,George Brown,Delayed,10,No,Passed,14
TXN101952,17-04-2025,London Central Hub,Leeds,Grocery,Rice Pack,Tesco Supply Ltd,BATCH-6914,Inbound,224,63,2,19,690.18,799.62,A2,Jack Taylor,Slightly Delayed,6,Yes,Passed,1
TXN101953,08-10-2025,Newcastle Depot,Newcastle,Pharma,Paracetamol,Tesco Supply Ltd,BATCH-4812,Outbound,508,185,20,0,635.5,922.28,C1,Amelia Clark,On Time,3,No,Passed,19
TXN101954,21-07-2025,Leeds Fulfillment,London,Fashion,Jacket,London Trade Corp,BATCH-9354,Inbound,801,27,35,20,872.66,1568.46,C2,Charlie Davies,Delayed,8,Yes,Passed,2
TXN101955,08-10-2025,London Central Hub,Manchester,Fashion,Jeans,UK Retail Goods,BATCH-3137,Inbound,502,105,29,20,715.96,1009.42,C2,Harry Johnson,On Time,3,Yes,Passed,24
TXN101956,01-10-2025,London Central Hub,Glasgow,Grocery,Rice Pack,Tesco Supply Ltd,BATCH-3928,Outbound,896,217,16,0,515.48,637.55,A1,Amelia Clark,Delayed,7,No,Passed,2
TXN101957,20-05-2025,Newcastle Depot,Bristol,Electronics,Monitor,Northern Supply Chain,BATCH-4198,Inbound,703,299,30,2,864.22,1229.46,B1,Jack Taylor,Delayed,7,Yes,Passed,14
TXN101958,03-12-2025,London Central Hub,Manchester,Home Appliances,Mixer,ASDA Distribution,BATCH-5495,Outbound,365,344,19,17,823.26,1447.31,D1,Emily Harris,Delayed,9,No,Passed,14
TXN101959,19-02-2025,Birmingham Distribution,Manchester,Fashion,T-Shirt,Prime Wholesale UK,BATCH-7916,Outbound,973,92,37,10,159.45,238.4,C2,Harry Johnson,On Time,1,No,Passed,14
TXN101960,06-05-2026,Newcastle Depot,Birmingham,Electronics,Tablet,Prime Wholesale UK,BATCH-8543,Inbound,955,176,13,17,10.01,15.94,C2,Noah Wilson,Slightly Delayed,6,Yes,Passed,1
TXN101961,06-02-2026,Newcastle Depot,Birmingham,Home Appliances,Microwave,Prime Wholesale UK,BATCH-3808,Inbound,701,622,11,17,324.99,485.8,B2,Charlie Davies,Delayed,8,No,Passed,21
TXN101962,11-04-2025,Leeds Fulfillment,Bristol,Electronics,Tablet,Britannia Pharma,BATCH-9744,Outbound,766,281,1,19,295.0,428.38,C1,George Brown,Delayed,7,No,Passed,7
TXN101963,11-01-2026,Newcastle Depot,Bristol,Home Appliances,Vacuum Cleaner,Sainsbury Logistics,BATCH-3548,Outbound,376,221,22,4,853.58,1299.12,B2,Charlie Davies,Delayed,9,Yes,Passed,7
TXN101964,06-05-2025,London Central Hub,Manchester,Pharma,Paracetamol,Britannia Pharma,BATCH-3182,Inbound,449,342,10,1,1023.26,1419.99,C2,Amelia Clark,Slightly Delayed,4,Yes,Passed,8
TXN101965,03-08-2025,Liverpool Logistics,Liverpool,Pharma,Vitamin Tablets,London Trade Corp,BATCH-8526,Inbound,944,445,13,12,209.74,358.26,C1,Jack Taylor,Delayed,9,No,Passed,11
TXN101966,13-02-2025,Newcastle Depot,Glasgow,Pharma,Paracetamol,Britannia Pharma,BATCH-5341,Outbound,807,688,19,6,328.72,428.44,C2,Emily Harris,On Time,3,No,Passed,5
TXN101967,26-02-2025,Manchester Storage,Birmingham,Electronics,Keyboard,ASDA Distribution,BATCH-3015,Outbound,594,326,11,20,923.09,1260.01,C1,Emily Harris,Delayed,9,Yes,Failed,8
TXN101968,08-01-2026,Liverpool Logistics,Newcastle,Fashion,Sneakers,London Trade Corp,BATCH-2937,Outbound,232,170,38,16,1188.88,1452.18,B2,Oliver Smith,Delayed,8,Yes,Passed,14
TXN101969,01-04-2025,Liverpool Logistics,London,Pharma,Paracetamol,London Trade Corp,BATCH-8627,Inbound,317,208,4,16,268.19,347.19,C1,Charlie Davies,Delayed,10,Yes,Failed,2
TXN101970,16-01-2026,Bristol Supply Hub,Birmingham,Electronics,Keyboard,Britannia Pharma,BATCH-4368,Inbound,143,37,16,12,1175.73,2037.38,A2,Jack Taylor,Slightly Delayed,4,No,Passed,0
TXN101971,17-11-2025,Newcastle Depot,Leeds,Fashion,T-Shirt,ASDA Distribution,BATCH-3409,Inbound,804,781,37,12,141.51,158.28,D2,Oliver Smith,Delayed,10,No,Passed,10
TXN101972,25-02-2025,Glasgow Warehouse,London,Electronics,Monitor,Sainsbury Logistics,BATCH-4129,Inbound,129,128,17,14,104.81,157.94,D1,Oliver Smith,On Time,2,Yes,Failed,8
TXN101973,09-02-2026,Liverpool Logistics,Birmingham,Electronics,Tablet,ASDA Distribution,BATCH-3828,Inbound,982,512,10,17,1114.39,1710.24,D1,Harry Johnson,Delayed,7,No,Failed,23
TXN101974,06-11-2025,Newcastle Depot,Leeds,Home Appliances,Microwave,Sainsbury Logistics,BATCH-1531,Inbound,194,115,2,14,744.08,1215.83,A2,Jack Taylor,Delayed,10,Yes,Passed,8
TXN101975,07-05-2025,Bristol Supply Hub,Manchester,Pharma,Vitamin Tablets,London Trade Corp,BATCH-7032,Inbound,313,220,0,20,573.44,968.85,C2,Jack Taylor,On Time,3,No,Passed,10
TXN101976,24-06-2025,Newcastle Depot,Newcastle,Fashion,T-Shirt,UK Retail Goods,BATCH-7388,Outbound,268,249,31,19,607.09,919.82,D1,Oliver Smith,On Time,1,No,Passed,9
TXN101977,12-06-2025,Leeds Fulfillment,Liverpool,Electronics,Laptop,Tesco Supply Ltd,BATCH-4872,Outbound,427,320,13,19,330.75,519.56,D1,Oliver Smith,On Time,2,Yes,Passed,16
TXN101978,19-04-2025,Newcastle Depot,Bristol,Pharma,Bandages,Tesco Supply Ltd,BATCH-8965,Outbound,683,667,24,13,861.44,1462.91,A2,George Brown,Delayed,7,Yes,Passed,1
TXN101979,14-04-2026,London Central Hub,Birmingham,Electronics,Keyboard,Britannia Pharma,BATCH-6656,Outbound,347,86,24,5,797.63,1089.39,A1,Charlie Davies,Slightly Delayed,5,Yes,Passed,10
TXN101980,27-01-2026,Glasgow Warehouse,London,Fashion,Sneakers,Prime Wholesale UK,BATCH-7837,Outbound,296,192,10,8,770.89,1101.94,C2,Emily Harris,Delayed,8,Yes,Passed,15
TXN101981,26-04-2026,Leeds Fulfillment,Bristol,Pharma,Cough Syrup,Prime Wholesale UK,BATCH-1841,Inbound,794,787,9,10,95.88,116.91,D2,Charlie Davies,Slightly Delayed,6,Yes,Passed,5
TXN101982,17-06-2025,Liverpool Logistics,Bristol,Fashion,Handbag,Prime Wholesale UK,BATCH-5174,Inbound,819,669,11,19,332.13,524.75,B1,Oliver Smith,Delayed,7,Yes,Failed,21
TXN101983,25-06-2025,Manchester Storage,Birmingham,Home Appliances,Microwave,Britannia Pharma,BATCH-3351,Outbound,325,39,28,0,75.33,96.69,C2,Emily Harris,On Time,2,No,Passed,7
TXN101984,20-06-2025,Leeds Fulfillment,Bristol,Home Appliances,Microwave,ASDA Distribution,BATCH-6116,Inbound,120,110,12,19,1045.54,1424.63,D1,George Brown,Slightly Delayed,4,Yes,Passed,8
TXN101985,09-02-2025,Newcastle Depot,Newcastle,Electronics,Keyboard,UK Retail Goods,BATCH-8353,Inbound,412,92,1,12,949.77,1180.7,B1,Amelia Clark,Delayed,7,No,Passed,19
TXN101986,04-09-2025,Bristol Supply Hub,London,Grocery,Cooking Oil,UK Retail Goods,BATCH-4315,Inbound,758,539,2,9,127.38,225.22,A1,Charlie Davies,On Time,2,No,Passed,9
TXN101987,07-12-2025,London Central Hub,Liverpool,Electronics,Keyboard,ASDA Distribution,BATCH-4645,Outbound,715,328,15,13,784.97,1338.78,A1,George Brown,On Time,1,Yes,Passed,1
TXN101988,03-05-2025,Glasgow Warehouse,Newcastle,Home Appliances,Vacuum Cleaner,Northern Supply Chain,BATCH-6097,Outbound,475,268,26,15,1127.75,1858.74,C2,Jack Taylor,Delayed,8,No,Failed,19
TXN101989,14-04-2025,Manchester Storage,Manchester,Electronics,Tablet,Tesco Supply Ltd,BATCH-3289,Outbound,306,278,7,19,400.33,681.6,B2,Charlie Davies,Slightly Delayed,5,No,Passed,6
TXN101990,16-04-2025,Manchester Storage,Leeds,Grocery,Rice Pack,London Trade Corp,BATCH-6510,Inbound,600,158,12,7,230.37,405.99,D2,Oliver Smith,On Time,2,Yes,Passed,12
TXN101991,13-06-2025,Manchester Storage,Leeds,Pharma,Paracetamol,Britannia Pharma,BATCH-9307,Outbound,492,90,27,0,465.68,603.99,D1,George Brown,On Time,2,Yes,Passed,13
TXN101992,21-08-2025,Birmingham Distribution,Leeds,Pharma,Vitamin Tablets,Tesco Supply Ltd,BATCH-8156,Outbound,802,281,8,14,838.23,1412.16,D2,George Brown,Delayed,10,No,Passed,5
TXN101993,24-03-2025,Birmingham Distribution,Leeds,Electronics,Tablet,ASDA Distribution,BATCH-5917,Outbound,284,204,32,19,251.46,357.95,A2,Amelia Clark,On Time,2,No,Passed,19
TXN101994,02-06-2025,Glasgow Warehouse,Birmingham,Home Appliances,Mixer,UK Retail Goods,BATCH-1096,Inbound,817,743,37,8,379.71,634.7,C1,Harry Johnson,Slightly Delayed,5,No,Passed,5
TXN101995,10-09-2025,Manchester Storage,Newcastle,Pharma,Vitamin Tablets,Prime Wholesale UK,BATCH-6679,Inbound,947,919,33,12,597.14,809.62,A2,Jack Taylor,Slightly Delayed,5,No,Failed,14
TXN101996,08-04-2026,Birmingham Distribution,London,Electronics,Keyboard,Tesco Supply Ltd,BATCH-6072,Inbound,745,253,27,15,176.19,272.95,D2,Emily Harris,Slightly Delayed,6,Yes,Passed,20
TXN101997,07-01-2025,Birmingham Distribution,Manchester,Fashion,Jeans,Northern Supply Chain,BATCH-5394,Outbound,326,236,2,7,131.49,153.64,D2,Charlie Davies,Slightly Delayed,5,Yes,Passed,15
TXN101998,08-09-2025,Glasgow Warehouse,Manchester,Pharma,Cough Syrup,London Trade Corp,BATCH-1855,Outbound,713,203,32,6,1043.7,1703.52,D1,Harry Johnson,Delayed,7,No,Passed,11
TXN101999,01-08-2025,Leeds Fulfillment,London,Fashion,Jacket,UK Retail Goods,BATCH-7890,Inbound,759,352,23,13,814.42,942.01,D1,Jack Taylor,Delayed,7,No,Passed,20
TXN102000,23-04-2025,Glasgow Warehouse,Bristol,Electronics,Smartphone,UK Retail Goods,BATCH-4069,Inbound,632,399,20,3,836.24,988.1,C1,Charlie Davies,On Time,2,Yes,Passed,16
TXN102001,25-11-2025,Newcastle Depot,Leeds,Grocery,Coffee,Northern Supply Chain,BATCH-8964,Outbound,454,330,25,2,714.18,826.35,D2,Amelia Clark,On Time,3,Yes,Passed,2
TXN102002,19-07-2025,Birmingham Distribution,Birmingham,Home Appliances,Air Fryer,London Trade Corp,BATCH-2287,Outbound,279,49,22,5,596.12,676.99,C1,George Brown,Slightly Delayed,4,Yes,Passed,0
TXN102003,07-09-2025,Manchester Storage,Manchester,Electronics,Tablet,Northern Supply Chain,BATCH-4993,Outbound,544,308,25,18,1100.47,1800.71,A1,Charlie Davies,On Time,2,No,Passed,7
TXN102004,02-08-2025,Glasgow Warehouse,Newcastle,Fashion,Jacket,Prime Wholesale UK,BATCH-7122,Outbound,480,423,9,5,235.21,326.77,C1,George Brown,Slightly Delayed,6,No,Passed,25
TXN102005,15-04-2025,Birmingham Distribution,Leeds,Electronics,Laptop,Sainsbury Logistics,BATCH-8282,Outbound,868,325,0,1,264.42,428.66,D1,Noah Wilson,Delayed,8,No,Passed,4
TXN102006,07-01-2025,London Central Hub,Bristol,Grocery,Coffee,London Trade Corp,BATCH-9283,Outbound,909,443,5,3,670.36,1061.42,B1,Harry Johnson,On Time,3,No,Failed,6
TXN102007,16-01-2025,Liverpool Logistics,Bristol,Electronics,Laptop,Northern Supply Chain,BATCH-7306,Outbound,146,103,10,16,915.72,1306.41,B2,Amelia Clark,Delayed,10,No,Passed,15
TXN102008,21-09-2025,London Central Hub,Liverpool,Grocery,Cereal,UK Retail Goods,BATCH-9050,Inbound,125,103,15,5,499.9,847.0,B1,Jack Taylor,Delayed,10,Yes,Passed,7
TXN102009,21-03-2025,Glasgow Warehouse,Birmingham,Fashion,Sneakers,Prime Wholesale UK,BATCH-6407,Outbound,273,108,40,6,801.22,941.72,D2,Harry Johnson,Slightly Delayed,4,No,Passed,1
TXN102010,06-03-2025,Bristol Supply Hub,Glasgow,Grocery,Rice Pack,Sainsbury Logistics,BATCH-5653,Outbound,428,226,32,14,668.76,949.14,A2,Charlie Davies,On Time,2,Yes,Passed,25
TXN102011,22-05-2025,Newcastle Depot,Newcastle,Home Appliances,Vacuum Cleaner,Northern Supply Chain,BATCH-5394,Inbound,569,534,10,0,1088.79,1253.94,B2,Amelia Clark,On Time,2,Yes,Passed,13
TXN102012,27-12-2025,Bristol Supply Hub,Manchester,Pharma,Bandages,London Trade Corp,BATCH-5405,Inbound,473,449,22,4,612.23,1099.92,B1,Jack Taylor,On Time,3,No,Failed,18
TXN102013,19-03-2026,Liverpool Logistics,Bristol,Pharma,Vitamin Tablets,London Trade Corp,BATCH-6569,Inbound,737,282,20,14,578.91,964.55,A1,Harry Johnson,Delayed,7,No,Passed,19
TXN102014,07-05-2026,Liverpool Logistics,Bristol,Pharma,Bandages,Tesco Supply Ltd,BATCH-2917,Outbound,812,474,32,6,174.27,217.11,A2,George Brown,Slightly Delayed,6,No,Failed,0
TXN102015,22-01-2025,Newcastle Depot,Birmingham,Fashion,T-Shirt,Tesco Supply Ltd,BATCH-3291,Inbound,158,103,14,13,46.03,67.74,B2,Noah Wilson,Delayed,9,Yes,Failed,2
TXN102016,15-08-2025,London Central Hub,Liverpool,Grocery,Rice Pack,Prime Wholesale UK,BATCH-4662,Outbound,826,611,39,13,478.24,685.66,C1,Noah Wilson,Slightly Delayed,4,No,Passed,11
TXN102017,27-07-2025,Glasgow Warehouse,Newcastle,Fashion,T-Shirt,Britannia Pharma,BATCH-4175,Outbound,50,34,40,3,697.27,1106.96,D2,Emily Harris,Slightly Delayed,6,Yes,Passed,10
TXN102018,03-01-2025,Glasgow Warehouse,Leeds,Pharma,Bandages,Northern Supply Chain,BATCH-9727,Outbound,888,481,12,19,296.57,407.7,B2,Oliver Smith,Delayed,10,No,Passed,16
TXN102019,11-05-2026,Birmingham Distribution,Bristol,Home Appliances,Air Fryer,Northern Supply Chain,BATCH-3093,Outbound,596,147,3,5,399.97,714.63,C1,Emily Harris,On Time,3,Yes,Passed,21
TXN102020,17-07-2025,Glasgow Warehouse,Newcastle,Electronics,Keyboard,Tesco Supply Ltd,BATCH-1669,Inbound,385,284,3,9,21.88,25.46,A2,Oliver Smith,Slightly Delayed,5,Yes,Passed,14
TXN102021,19-11-2025,Newcastle Depot,Leeds,Grocery,Cereal,UK Retail Goods,BATCH-7584,Inbound,568,347,16,12,532.03,867.63,A1,Jack Taylor,Slightly Delayed,4,Yes,Passed,6
TXN102022,25-02-2025,London Central Hub,Glasgow,Electronics,Keyboard,Britannia Pharma,BATCH-3061,Outbound,593,345,36,12,599.88,879.77,B1,Charlie Davies,On Time,3,Yes,Passed,3
TXN102023,23-10-2025,Leeds Fulfillment,Manchester,Electronics,Keyboard,Sainsbury Logistics,BATCH-6136,Outbound,721,62,12,11,723.39,1231.12,A1,Noah Wilson,On Time,1,Yes,Passed,7
TXN102024,02-03-2026,Glasgow Warehouse,Manchester,Home Appliances,Air Fryer,UK Retail Goods,BATCH-6074,Inbound,745,448,29,12,1023.84,1152.22,B2,Emily Harris,Delayed,7,Yes,Passed,17
TXN102025,24-03-2025,Liverpool Logistics,Newcastle,Fashion,Sneakers,Tesco Supply Ltd,BATCH-3955,Outbound,347,119,1,16,124.4,153.96,D1,Noah Wilson,Slightly Delayed,4,Yes,Passed,0
TXN102026,27-02-2026,Manchester Storage,Newcastle,Fashion,Jacket,Northern Supply Chain,BATCH-1925,Outbound,406,178,35,2,663.36,784.13,D2,Emily Harris,Slightly Delayed,4,No,Failed,14
TXN102027,31-01-2025,Newcastle Depot,Glasgow,Fashion,Jacket,Prime Wholesale UK,BATCH-5420,Inbound,657,159,35,17,730.1,1193.18,C2,George Brown,Slightly Delayed,4,Yes,Failed,21
TXN102028,23-03-2026,Leeds Fulfillment,Newcastle,Electronics,Tablet,Sainsbury Logistics,BATCH-7193,Outbound,477,26,24,14,589.12,846.87,C2,Emily Harris,Delayed,10,Yes,Passed,6
TXN102029,11-06-2025,Glasgow Warehouse,Birmingham,Fashion,Sneakers,London Trade Corp,BATCH-8264,Outbound,640,444,30,8,839.13,978.7,C1,George Brown,Slightly Delayed,5,No,Passed,4
TXN102030,24-02-2026,Bristol Supply Hub,Newcastle,Fashion,Handbag,UK Retail Goods,BATCH-4804,Outbound,637,69,7,16,441.53,517.9,A2,Charlie Davies,On Time,2,No,Passed,13
TXN102031,05-01-2025,Liverpool Logistics,Liverpool,Pharma,Bandages,ASDA Distribution,BATCH-4659,Outbound,556,57,23,1,794.92,1292.25,D1,Charlie Davies,Delayed,9,Yes,Failed,5
TXN102032,12-07-2025,Liverpool Logistics,Liverpool,Fashion,Sneakers,Sainsbury Logistics,BATCH-5001,Outbound,571,458,3,7,1106.48,1448.87,C2,George Brown,Slightly Delayed,6,No,Passed,24
TXN102033,13-03-2026,Birmingham Distribution,Bristol,Pharma,Bandages,UK Retail Goods,BATCH-9772,Inbound,104,63,4,10,1036.97,1774.93,B2,George Brown,Delayed,8,No,Passed,21
TXN102034,02-01-2026,Bristol Supply Hub,Newcastle,Grocery,Tea Bags,Britannia Pharma,BATCH-8887,Outbound,140,68,7,16,898.19,1233.02,B1,Noah Wilson,On Time,3,No,Failed,0
TXN102035,31-07-2025,Liverpool Logistics,Manchester,Grocery,Cereal,Sainsbury Logistics,BATCH-3930,Outbound,402,353,17,15,674.52,951.57,A2,George Brown,On Time,3,Yes,Passed,4
TXN102036,21-03-2026,Glasgow Warehouse,Leeds,Home Appliances,Mixer,London Trade Corp,BATCH-7030,Outbound,937,802,25,5,421.48,665.79,A2,George Brown,Slightly Delayed,5,No,Passed,17
TXN102037,15-01-2025,Birmingham Distribution,Birmingham,Home Appliances,Vacuum Cleaner,Northern Supply Chain,BATCH-8779,Inbound,137,53,0,1,1069.2,1435.95,C2,Jack Taylor,Slightly Delayed,4,Yes,Passed,9
TXN102038,27-10-2025,Birmingham Distribution,Manchester,Fashion,Handbag,UK Retail Goods,BATCH-3420,Outbound,882,793,34,12,435.55,509.67,A1,Amelia Clark,Delayed,9,Yes,Passed,17
TXN102039,17-12-2025,Birmingham Distribution,Liverpool,Fashion,Handbag,Tesco Supply Ltd,BATCH-3785,Outbound,371,217,18,20,256.34,360.61,D2,George Brown,On Time,1,No,Passed,12
TXN102040,31-05-2025,Manchester Storage,Newcastle,Fashion,Jeans,Sainsbury Logistics,BATCH-7457,Inbound,452,127,4,12,246.82,274.34,A1,Noah Wilson,Delayed,9,Yes,Passed,22
TXN102041,20-10-2025,Manchester Storage,Bristol,Fashion,Sneakers,UK Retail Goods,BATCH-5163,Inbound,673,70,32,9,940.55,1474.07,A1,Noah Wilson,Slightly Delayed,5,Yes,Passed,1
TXN102042,26-09-2025,Glasgow Warehouse,Leeds,Electronics,Monitor,ASDA Distribution,BATCH-5753,Inbound,471,140,24,13,218.81,355.83,C2,Emily Harris,On Time,3,No,Passed,4
TXN102043,10-02-2025,Bristol Supply Hub,London,Grocery,Cereal,Tesco Supply Ltd,BATCH-3992,Outbound,410,58,6,20,7.19,9.48,A1,Jack Taylor,Delayed,7,No,Passed,18
TXN102044,24-02-2025,Bristol Supply Hub,Birmingham,Electronics,Laptop,Britannia Pharma,BATCH-5545,Inbound,502,154,39,10,243.11,408.55,A1,Amelia Clark,Delayed,10,No,Failed,20
TXN102045,11-04-2026,Glasgow Warehouse,London,Fashion,Handbag,Sainsbury Logistics,BATCH-5486,Inbound,607,314,20,15,1049.0,1316.07,B2,Noah Wilson,On Time,3,No,Passed,8
TXN102046,12-11-2025,London Central Hub,Birmingham,Pharma,Paracetamol,UK Retail Goods,BATCH-1418,Outbound,521,59,4,20,1110.38,1755.41,A1,Amelia Clark,On Time,3,No,Passed,14
TXN102047,27-01-2026,Newcastle Depot,Glasgow,Electronics,Smartphone,London Trade Corp,BATCH-5185,Inbound,603,367,14,7,790.18,1298.54,B1,George Brown,Delayed,8,No,Passed,24
TXN102048,02-07-2025,Birmingham Distribution,London,Home Appliances,Vacuum Cleaner,London Trade Corp,BATCH-3272,Inbound,210,21,11,16,1150.06,1989.98,D2,Amelia Clark,On Time,2,Yes,Passed,3
TXN102049,02-09-2025,Birmingham Distribution,Leeds,Grocery,Tea Bags,ASDA Distribution,BATCH-4795,Outbound,671,460,10,10,1158.01,1963.67,B2,Oliver Smith,On Time,1,Yes,Passed,22
TXN102050,15-10-2025,Leeds Fulfillment,Leeds,Grocery,Coffee,Tesco Supply Ltd,BATCH-4800,Outbound,96,41,31,8,722.42,1206.34,D1,Charlie Davies,Slightly Delayed,4,No,Passed,6
TXN102051,14-01-2025,Leeds Fulfillment,Manchester,Home Appliances,Microwave,Britannia Pharma,BATCH-7741,Inbound,208,207,35,11,886.17,986.67,B1,Oliver Smith,Slightly Delayed,4,No,Passed,25
TXN102052,05-03-2026,Birmingham Distribution,Liverpool,Electronics,Smartphone,Prime Wholesale UK,BATCH-8999,Inbound,108,54,32,15,794.65,1060.23,A2,Oliver Smith,On Time,1,Yes,Passed,15
TXN102053,05-03-2025,Leeds Fulfillment,London,Pharma,Cough Syrup,Tesco Supply Ltd,BATCH-4283,Outbound,313,260,36,7,683.76,1083.26,C2,Amelia Clark,Delayed,8,No,Passed,16
TXN102054,27-07-2025,London Central Hub,Newcastle,Fashion,Sneakers,Sainsbury Logistics,BATCH-4590,Outbound,740,518,13,15,356.06,460.99,D1,Oliver Smith,Delayed,7,No,Passed,25
TXN102055,22-09-2025,Birmingham Distribution,Glasgow,Fashion,Sneakers,Sainsbury Logistics,BATCH-9740,Outbound,156,57,0,17,131.22,144.49,A1,Jack Taylor,Delayed,7,Yes,Passed,18
TXN102056,05-09-2025,Glasgow Warehouse,Birmingham,Grocery,Coffee,Northern Supply Chain,BATCH-7860,Outbound,169,122,1,4,478.13,785.05,A1,Noah Wilson,Slightly Delayed,6,Yes,Failed,13
TXN102057,04-02-2025,Liverpool Logistics,Newcastle,Grocery,Tea Bags,Northern Supply Chain,BATCH-5384,Inbound,531,91,29,10,183.62,309.21,B2,Noah Wilson,Delayed,9,Yes,Passed,6
TXN102058,07-04-2025,Newcastle Depot,Liverpool,Home Appliances,Microwave,Britannia Pharma,BATCH-1494,Inbound,296,207,8,12,54.91,85.52,A2,Jack Taylor,Slightly Delayed,6,No,Passed,23
TXN102059,19-01-2025,London Central Hub,Bristol,Pharma,Bandages,Prime Wholesale UK,BATCH-9749,Inbound,386,159,31,6,807.99,1258.8,C1,Charlie Davies,Delayed,8,No,Passed,10
TXN102060,31-01-2026,London Central Hub,Glasgow,Home Appliances,Air Fryer,Prime Wholesale UK,BATCH-4368,Outbound,511,139,39,12,117.44,205.59,A2,Oliver Smith,Slightly Delayed,4,Yes,Passed,9
TXN102061,31-08-2025,Birmingham Distribution,Manchester,Electronics,Monitor,Prime Wholesale UK,BATCH-8437,Inbound,954,341,27,19,768.76,1324.79,D1,Harry Johnson,On Time,1,No,Failed,10
TXN102062,16-05-2025,Glasgow Warehouse,Newcastle,Home Appliances,Air Fryer,Northern Supply Chain,BATCH-8360,Inbound,235,79,26,7,373.3,428.96,B1,Amelia Clark,On Time,1,No,Passed,25
TXN102063,27-03-2025,Glasgow Warehouse,Birmingham,Fashion,Jeans,Britannia Pharma,BATCH-2048,Outbound,612,88,35,4,1010.01,1525.92,A1,Jack Taylor,On Time,2,Yes,Passed,23
TXN102064,20-04-2025,Bristol Supply Hub,Liverpool,Pharma,Cough Syrup,ASDA Distribution,BATCH-9677,Outbound,946,396,12,14,857.35,980.12,C2,Amelia Clark,Slightly Delayed,5,No,Passed,0
TXN102065,19-05-2025,London Central Hub,London,Fashion,Jacket,Tesco Supply Ltd,BATCH-5452,Inbound,495,404,39,8,310.05,495.15,D2,Charlie Davies,On Time,2,No,Passed,1
TXN102066,29-01-2026,Newcastle Depot,Birmingham,Grocery,Cooking Oil,Northern Supply Chain,BATCH-9586,Inbound,842,145,3,13,378.26,621.42,B1,Charlie Davies,Delayed,8,No,Failed,4
TXN102067,18-03-2025,Glasgow Warehouse,Manchester,Fashion,Jeans,Prime Wholesale UK,BATCH-4193,Outbound,810,293,16,18,854.86,1284.86,D1,Charlie Davies,Delayed,10,No,Failed,14
TXN102068,07-04-2025,Birmingham Distribution,Glasgow,Pharma,Bandages,Tesco Supply Ltd,BATCH-8047,Outbound,906,593,15,15,1092.19,1897.33,D2,Harry Johnson,Slightly Delayed,6,No,Failed,6
TXN102069,12-05-2025,Birmingham Distribution,Glasgow,Fashion,Jacket,Northern Supply Chain,BATCH-1964,Inbound,836,670,6,15,350.92,441.13,C1,Harry Johnson,On Time,1,Yes,Passed,3
TXN102070,13-08-2025,Birmingham Distribution,Newcastle,Fashion,T-Shirt,Prime Wholesale UK,BATCH-2680,Outbound,917,526,29,11,181.45,298.21,D1,Noah Wilson,On Time,1,No,Passed,0
TXN102071,19-12-2025,Manchester Storage,Newcastle,Fashion,Sneakers,Northern Supply Chain,BATCH-8567,Outbound,232,198,29,5,685.52,1045.58,B1,George Brown,On Time,1,No,Passed,1
TXN102072,04-02-2025,Leeds Fulfillment,Bristol,Grocery,Coffee,Britannia Pharma,BATCH-8905,Inbound,369,146,4,12,770.22,1381.71,C2,Amelia Clark,Delayed,10,Yes,Passed,9
TXN102073,11-01-2025,Manchester Storage,Glasgow,Fashion,T-Shirt,London Trade Corp,BATCH-1537,Inbound,962,544,10,20,58.54,72.76,D1,Harry Johnson,Delayed,10,Yes,Passed,8
TXN102074,22-02-2026,Bristol Supply Hub,Bristol,Electronics,Keyboard,Prime Wholesale UK,BATCH-8134,Outbound,941,502,14,2,1038.84,1255.24,C2,Jack Taylor,On Time,1,Yes,Passed,10
TXN102075,23-05-2025,Liverpool Logistics,Birmingham,Grocery,Cooking Oil,Northern Supply Chain,BATCH-2200,Outbound,334,100,40,20,141.13,240.44,A1,Charlie Davies,Delayed,10,Yes,Passed,7
TXN102076,15-03-2026,Bristol Supply Hub,Leeds,Home Appliances,Mixer,London Trade Corp,BATCH-6443,Outbound,390,251,14,5,143.31,195.58,B1,Amelia Clark,Delayed,8,Yes,Passed,10
TXN102077,15-11-2025,London Central Hub,Bristol,Electronics,Laptop,Prime Wholesale UK,BATCH-5373,Outbound,501,25,22,11,1178.22,1302.97,A2,George Brown,On Time,3,Yes,Failed,10
TXN102078,07-05-2025,London Central Hub,London,Home Appliances,Air Fryer,Northern Supply Chain,BATCH-4065,Outbound,721,197,20,17,479.59,578.06,C2,Harry Johnson,Delayed,7,No,Passed,2
TXN102079,26-03-2026,Glasgow Warehouse,Liverpool,Fashion,Handbag,ASDA Distribution,BATCH-3828,Outbound,943,793,28,11,95.29,143.84,B2,Jack Taylor,Delayed,8,No,Passed,25
TXN102080,26-04-2026,Manchester Storage,Bristol,Pharma,Paracetamol,Britannia Pharma,BATCH-7171,Inbound,735,87,39,15,510.62,618.69,C2,George Brown,Slightly Delayed,4,No,Passed,24
TXN102081,15-01-2026,Manchester Storage,London,Pharma,Vitamin Tablets,ASDA Distribution,BATCH-5419,Inbound,204,56,8,8,1084.02,1779.58,B1,Emily Harris,On Time,1,Yes,Passed,19
TXN102082,11-10-2025,Manchester Storage,Birmingham,Home Appliances,Microwave,Northern Supply Chain,BATCH-9443,Inbound,94,91,38,8,299.28,490.11,D2,Noah Wilson,Slightly Delayed,5,Yes,Passed,23
TXN102083,18-06-2025,London Central Hub,Manchester,Electronics,Keyboard,Britannia Pharma,BATCH-1263,Inbound,922,38,20,16,652.5,988.5,B2,Jack Taylor,On Time,1,Yes,Failed,10
TXN102084,24-06-2025,Bristol Supply Hub,London,Electronics,Keyboard,Sainsbury Logistics,BATCH-2731,Inbound,908,778,7,1,410.23,732.94,A2,Harry Johnson,Slightly Delayed,4,No,Failed,22
TXN102085,09-04-2026,Newcastle Depot,Bristol,Fashion,Handbag,Britannia Pharma,BATCH-3362,Inbound,360,234,1,4,1153.16,1329.09,B1,Charlie Davies,Slightly Delayed,5,Yes,Passed,12
TXN102086,27-10-2025,Glasgow Warehouse,Manchester,Grocery,Rice Pack,Sainsbury Logistics,BATCH-7369,Inbound,518,438,17,19,613.55,915.42,B1,Oliver Smith,Slightly Delayed,5,Yes,Failed,7
TXN102087,24-01-2026,Glasgow Warehouse,Newcastle,Electronics,Smartphone,ASDA Distribution,BATCH-4458,Inbound,812,463,23,13,1162.5,1566.78,C1,Charlie Davies,On Time,2,Yes,Passed,9
TXN102088,28-09-2025,Glasgow Warehouse,Liverpool,Grocery,Cereal,Sainsbury Logistics,BATCH-3082,Inbound,633,425,18,20,125.01,161.2,A1,Emily Harris,On Time,1,Yes,Passed,8
TXN102089,06-07-2025,Glasgow Warehouse,Newcastle,Home Appliances,Air Fryer,Britannia Pharma,BATCH-6252,Outbound,444,150,6,5,498.8,860.34,A2,Oliver Smith,Delayed,10,No,Passed,16
TXN102090,07-03-2026,Newcastle Depot,Glasgow,Grocery,Cereal,ASDA Distribution,BATCH-3817,Inbound,301,179,2,16,267.0,344.41,D1,Amelia Clark,Slightly Delayed,5,No,Passed,12
TXN102091,19-12-2025,Liverpool Logistics,Bristol,Home Appliances,Vacuum Cleaner,UK Retail Goods,BATCH-2358,Inbound,232,114,38,13,973.23,1719.03,D2,Charlie Davies,Delayed,7,Yes,Passed,8
TXN102092,04-03-2026,London Central Hub,Birmingham,Electronics,Keyboard,Sainsbury Logistics,BATCH-9420,Inbound,260,176,38,11,1158.48,1789.09,A2,Emily Harris,Delayed,8,No,Passed,2
TXN102093,05-12-2025,Leeds Fulfillment,Leeds,Electronics,Monitor,Prime Wholesale UK,BATCH-4657,Outbound,183,164,18,11,1041.72,1158.82,B2,Jack Taylor,Delayed,7,Yes,Passed,20
TXN102094,28-02-2026,Bristol Supply Hub,Newcastle,Pharma,Vitamin Tablets,Tesco Supply Ltd,BATCH-7955,Outbound,686,94,1,6,227.6,288.33,D2,Jack Taylor,On Time,2,No,Passed,15
TXN102095,09-05-2025,Newcastle Depot,Birmingham,Grocery,Rice Pack,Northern Supply Chain,BATCH-1292,Inbound,779,119,5,1,357.85,531.73,D2,Emily Harris,Delayed,9,No,Passed,25
TXN102096,26-04-2025,Birmingham Distribution,Birmingham,Home Appliances,Microwave,Britannia Pharma,BATCH-3099,Outbound,709,247,12,9,175.25,232.58,D2,Emily Harris,Delayed,10,No,Failed,24
TXN102097,04-12-2025,Glasgow Warehouse,Birmingham,Grocery,Tea Bags,ASDA Distribution,BATCH-2635,Outbound,517,149,23,14,810.97,919.26,C1,Amelia Clark,On Time,2,Yes,Passed,7
TXN102098,03-03-2026,Leeds Fulfillment,Birmingham,Fashion,Jeans,Tesco Supply Ltd,BATCH-5675,Outbound,593,255,37,12,855.25,1260.61,C2,Noah Wilson,Delayed,9,No,Passed,21
TXN102099,16-12-2025,Glasgow Warehouse,Liverpool,Home Appliances,Microwave,Sainsbury Logistics,BATCH-1894,Inbound,507,405,30,1,1057.15,1589.28,C2,Jack Taylor,Slightly Delayed,4,No,Passed,2
TXN102100,24-09-2025,Bristol Supply Hub,Liverpool,Fashion,T-Shirt,Northern Supply Chain,BATCH-2284,Inbound,656,316,26,14,775.59,1138.36,C2,Jack Taylor,On Time,2,No,Failed,25
TXN102101,03-05-2026,London Central Hub,Manchester,Home Appliances,Vacuum Cleaner,Britannia Pharma,BATCH-8546,Inbound,771,86,7,17,405.7,570.72,D2,Emily Harris,Slightly Delayed,4,No,Passed,4
TXN102102,26-03-2026,Newcastle Depot,Manchester,Fashion,Jeans,Prime Wholesale UK,BATCH-3518,Inbound,567,408,22,9,920.12,1374.57,A1,Oliver Smith,Delayed,10,Yes,Passed,0
TXN102103,30-01-2025,Glasgow Warehouse,Manchester,Electronics,Laptop,London Trade Corp,BATCH-9002,Outbound,810,281,11,16,981.31,1538.17,C2,Harry Johnson,Delayed,10,No,Passed,18
TXN102104,06-12-2025,London Central Hub,Leeds,Electronics,Keyboard,London Trade Corp,BATCH-9435,Outbound,766,427,28,3,760.8,1254.67,B1,Jack Taylor,On Time,1,Yes,Passed,21
TXN102105,14-11-2025,Liverpool Logistics,London,Grocery,Tea Bags,London Trade Corp,BATCH-2883,Outbound,928,709,18,18,1150.53,1606.69,A2,Emily Harris,On Time,3,Yes,Passed,23
TXN102106,29-04-2025,Newcastle Depot,Glasgow,Pharma,Paracetamol,Prime Wholesale UK,BATCH-8930,Outbound,234,187,13,8,250.78,441.4,D2,Noah Wilson,Slightly Delayed,6,No,Failed,23
TXN102107,07-12-2025,Leeds Fulfillment,Newcastle,Grocery,Tea Bags,ASDA Distribution,BATCH-5206,Inbound,868,807,21,17,1025.78,1360.05,D2,Emily Harris,Slightly Delayed,4,Yes,Passed,20
TXN102108,19-01-2025,Leeds Fulfillment,Bristol,Grocery,Cereal,Northern Supply Chain,BATCH-7755,Outbound,80,70,26,2,1128.74,2024.85,C1,Emily Harris,Delayed,10,Yes,Passed,25
TXN102109,05-02-2026,London Central Hub,Liverpool,Electronics,Monitor,Sainsbury Logistics,BATCH-6705,Inbound,172,63,18,7,445.06,621.41,D1,Charlie Davies,Slightly Delayed,4,Yes,Failed,11
TXN102110,12-05-2026,Manchester Storage,London,Pharma,Bandages,Prime Wholesale UK,BATCH-3881,Inbound,795,773,24,15,252.22,406.2,C1,Emily Harris,Delayed,8,No,Passed,8
TXN102111,15-04-2025,Liverpool Logistics,Manchester,Fashion,Jacket,Northern Supply Chain,BATCH-3884,Outbound,237,194,24,2,316.07,502.04,C2,Amelia Clark,Delayed,10,No,Passed,8
TXN102112,21-07-2025,Bristol Supply Hub,Liverpool,Grocery,Cereal,Tesco Supply Ltd,BATCH-2010,Outbound,938,800,2,18,385.44,593.84,B2,Amelia Clark,Slightly Delayed,6,Yes,Failed,22
TXN102113,22-03-2026,London Central Hub,Leeds,Electronics,Laptop,ASDA Distribution,BATCH-2481,Inbound,417,367,4,12,314.48,443.96,C2,Noah Wilson,Delayed,8,No,Passed,23
TXN102114,12-06-2025,Bristol Supply Hub,Newcastle,Grocery,Cereal,Prime Wholesale UK,BATCH-8681,Inbound,475,206,10,15,1106.69,1904.38,C2,Charlie Davies,Delayed,10,No,Passed,16
TXN102115,22-04-2026,Leeds Fulfillment,Birmingham,Home Appliances,Mixer,Prime Wholesale UK,BATCH-1155,Inbound,535,111,11,18,1104.32,1511.73,B1,Noah Wilson,Delayed,10,Yes,Passed,24
TXN102116,11-01-2025,Liverpool Logistics,Bristol,Electronics,Tablet,Britannia Pharma,BATCH-2240,Outbound,181,120,32,18,238.07,397.76,D2,Emily Harris,Delayed,7,Yes,Passed,22
TXN102117,05-01-2026,Bristol Supply Hub,Manchester,Grocery,Cereal,Prime Wholesale UK,BATCH-8139,Outbound,119,87,17,5,841.96,1306.98,C2,George Brown,On Time,2,Yes,Passed,7
TXN102118,10-04-2025,Birmingham Distribution,Birmingham,Pharma,Cough Syrup,Sainsbury Logistics,BATCH-4650,Inbound,954,152,34,10,669.86,1050.16,C2,George Brown,Delayed,7,No,Passed,16
TXN102119,03-06-2025,Birmingham Distribution,Bristol,Home Appliances,Air Fryer,Britannia Pharma,BATCH-9172,Outbound,156,115,12,11,964.38,1464.93,D1,Jack Taylor,Delayed,7,No,Passed,10
TXN102120,09-10-2025,London Central Hub,London,Electronics,Monitor,Prime Wholesale UK,BATCH-6178,Outbound,750,174,33,7,127.74,141.39,C1,Charlie Davies,On Time,2,Yes,Failed,23
TXN102121,01-04-2026,Bristol Supply Hub,Newcastle,Pharma,Paracetamol,Prime Wholesale UK,BATCH-5259,Outbound,716,32,20,16,17.59,19.37,D2,Amelia Clark,Delayed,9,Yes,Passed,18
TXN102122,18-07-2025,Liverpool Logistics,Liverpool,Grocery,Tea Bags,UK Retail Goods,BATCH-5920,Outbound,594,581,27,12,236.66,323.96,D2,Jack Taylor,Slightly Delayed,5,No,Passed,7
TXN102123,12-11-2025,Glasgow Warehouse,London,Grocery,Tea Bags,Sainsbury Logistics,BATCH-4581,Outbound,641,171,9,13,1104.25,1346.29,C1,Noah Wilson,On Time,2,No,Failed,7
TXN102124,10-05-2025,Bristol Supply Hub,London,Pharma,Cough Syrup,Prime Wholesale UK,BATCH-7997,Inbound,101,61,10,3,722.34,798.96,A2,Jack Taylor,On Time,1,No,Passed,18
TXN102125,25-10-2025,Manchester Storage,Newcastle,Fashion,T-Shirt,Britannia Pharma,BATCH-8941,Inbound,291,229,24,0,688.71,1119.67,D1,Amelia Clark,Slightly Delayed,6,No,Passed,6
TXN102126,18-01-2026,Glasgow Warehouse,Glasgow,Home Appliances,Air Fryer,Prime Wholesale UK,BATCH-2908,Inbound,711,561,33,11,631.15,1050.47,A2,Jack Taylor,Delayed,9,No,Passed,8
TXN102127,02-09-2025,Leeds Fulfillment,Liverpool,Home Appliances,Air Fryer,Prime Wholesale UK,BATCH-3585,Inbound,116,75,15,18,387.56,518.27,B1,Noah Wilson,Slightly Delayed,5,No,Passed,16
TXN102128,03-03-2026,Glasgow Warehouse,Glasgow,Fashion,T-Shirt,Prime Wholesale UK,BATCH-9812,Inbound,428,216,4,19,102.25,151.72,B1,George Brown,Delayed,10,Yes,Passed,20
TXN102129,28-04-2025,Glasgow Warehouse,Leeds,Electronics,Laptop,Tesco Supply Ltd,BATCH-6284,Inbound,381,321,0,10,347.55,562.2,B2,Jack Taylor,Delayed,8,No,Passed,5
TXN102130,01-02-2026,Bristol Supply Hub,Glasgow,Pharma,Bandages,UK Retail Goods,BATCH-4312,Outbound,178,140,6,4,230.19,290.96,B2,Charlie Davies,On Time,1,No,Failed,10
TXN102131,26-07-2025,Newcastle Depot,Newcastle,Home Appliances,Mixer,London Trade Corp,BATCH-8711,Inbound,634,425,10,16,227.16,361.81,D2,Noah Wilson,Delayed,10,No,Failed,13
TXN102132,21-03-2026,Bristol Supply Hub,Bristol,Grocery,Rice Pack,Tesco Supply Ltd,BATCH-9184,Outbound,652,500,29,7,699.35,1167.26,C2,Charlie Davies,Slightly Delayed,4,Yes,Passed,25
TXN102133,29-04-2026,London Central Hub,Manchester,Electronics,Smartphone,Tesco Supply Ltd,BATCH-8232,Inbound,334,206,2,14,846.59,1287.17,B1,George Brown,On Time,3,No,Passed,11
TXN102134,05-06-2025,Glasgow Warehouse,Bristol,Grocery,Tea Bags,Prime Wholesale UK,BATCH-2983,Inbound,579,182,22,9,466.04,517.77,D2,Emily Harris,Delayed,10,No,Passed,6
TXN102135,07-02-2026,Newcastle Depot,London,Home Appliances,Air Fryer,Britannia Pharma,BATCH-1117,Outbound,218,91,40,10,666.57,1067.63,C2,Charlie Davies,Delayed,10,Yes,Passed,22
TXN102136,25-09-2025,Glasgow Warehouse,London,Home Appliances,Mixer,Prime Wholesale UK,BATCH-1393,Outbound,423,120,25,10,744.21,1067.24,A2,Noah Wilson,Delayed,7,Yes,Passed,13
TXN102137,05-05-2025,London Central Hub,Birmingham,Home Appliances,Air Fryer,Prime Wholesale UK,BATCH-9531,Outbound,509,113,4,4,644.0,851.56,B2,Emily Harris,Delayed,9,Yes,Passed,3
TXN102138,19-12-2025,London Central Hub,Glasgow,Pharma,Vitamin Tablets,UK Retail Goods,BATCH-1546,Outbound,367,63,14,15,128.59,163.17,C1,Noah Wilson,Delayed,7,No,Passed,24
TXN102139,24-01-2025,Newcastle Depot,Newcastle,Home Appliances,Mixer,London Trade Corp,BATCH-6732,Outbound,483,246,10,6,645.2,901.92,D2,Noah Wilson,Delayed,7,No,Failed,9
TXN102140,31-05-2025,Glasgow Warehouse,Manchester,Electronics,Laptop,Tesco Supply Ltd,BATCH-9856,Outbound,376,347,28,15,1080.74,1287.8,C2,Emily Harris,On Time,1,Yes,Passed,6
TXN102141,20-03-2025,Manchester Storage,London,Pharma,Bandages,Britannia Pharma,BATCH-2403,Outbound,565,318,23,15,756.99,857.31,A1,Emily Harris,On Time,1,No,Passed,18
TXN102142,14-02-2025,Glasgow Warehouse,Bristol,Grocery,Rice Pack,Northern Supply Chain,BATCH-2463,Inbound,465,214,0,16,806.98,1129.52,C1,Oliver Smith,On Time,2,No,Passed,14
TXN102143,28-10-2025,Newcastle Depot,London,Pharma,Paracetamol,Northern Supply Chain,BATCH-1608,Outbound,93,25,19,10,664.64,746.88,C1,Jack Taylor,Delayed,9,Yes,Passed,10
TXN102144,19-04-2025,Bristol Supply Hub,Leeds,Fashion,Sneakers,Prime Wholesale UK,BATCH-3295,Inbound,806,732,32,1,1104.78,1389.47,C1,Charlie Davies,Delayed,7,No,Passed,24
TXN102145,23-03-2026,Birmingham Distribution,Leeds,Home Appliances,Mixer,Britannia Pharma,BATCH-7667,Outbound,546,59,33,7,286.68,328.32,B2,Oliver Smith,Slightly Delayed,5,Yes,Passed,23
TXN102146,21-03-2026,Bristol Supply Hub,Newcastle,Electronics,Smartphone,Sainsbury Logistics,BATCH-6180,Inbound,415,128,37,17,26.72,42.51,C1,Oliver Smith,Delayed,9,No,Passed,3
TXN102147,03-05-2026,Manchester Storage,Bristol,Fashion,Jacket,Northern Supply Chain,BATCH-9737,Inbound,628,613,32,14,256.85,372.04,B2,Oliver Smith,On Time,1,Yes,Passed,20
TXN102148,15-07-2025,Leeds Fulfillment,Bristol,Home Appliances,Microwave,Northern Supply Chain,BATCH-3514,Outbound,438,328,6,5,661.67,896.82,D2,Noah Wilson,On Time,2,Yes,Passed,4
TXN102149,30-03-2025,Birmingham Distribution,Glasgow,Pharma,Vitamin Tablets,Prime Wholesale UK,BATCH-6063,Outbound,481,75,8,14,485.91,704.77,C1,Charlie Davies,Delayed,7,Yes,Passed,17
TXN102150,15-02-2025,Newcastle Depot,Manchester,Electronics,Keyboard,Northern Supply Chain,BATCH-1603,Outbound,713,537,39,14,148.08,256.57,B1,Amelia Clark,Slightly Delayed,4,Yes,Passed,8
TXN102151,09-07-2025,Leeds Fulfillment,Leeds,Pharma,Bandages,London Trade Corp,BATCH-9195,Inbound,139,134,26,10,49.09,63.1,D1,Jack Taylor,On Time,2,No,Passed,8
TXN102152,06-09-2025,Birmingham Distribution,London,Electronics,Keyboard,UK Retail Goods,BATCH-9971,Inbound,867,137,14,14,671.46,858.13,D2,Noah Wilson,Delayed,9,No,Passed,10
TXN102153,04-12-2025,Leeds Fulfillment,Bristol,Grocery,Coffee,Britannia Pharma,BATCH-5427,Inbound,970,197,30,13,7.9,13.12,B1,Amelia Clark,Slightly Delayed,5,Yes,Passed,6
TXN102154,15-03-2025,Bristol Supply Hub,Birmingham,Pharma,Vitamin Tablets,ASDA Distribution,BATCH-4404,Outbound,339,99,20,11,413.08,479.35,A2,Charlie Davies,Slightly Delayed,4,No,Passed,2
TXN102155,20-03-2026,London Central Hub,Glasgow,Electronics,Keyboard,Northern Supply Chain,BATCH-9866,Inbound,733,380,17,4,1045.53,1610.01,C1,George Brown,On Time,3,Yes,Passed,14
TXN102156,03-12-2025,Newcastle Depot,Manchester,Grocery,Tea Bags,UK Retail Goods,BATCH-3481,Outbound,123,39,25,6,250.6,281.38,D2,George Brown,On Time,3,No,Passed,7
TXN102157,30-05-2025,Glasgow Warehouse,Manchester,Grocery,Cooking Oil,Britannia Pharma,BATCH-7304,Outbound,949,439,8,14,539.35,865.5,D2,Jack Taylor,Delayed,8,Yes,Passed,18
TXN102158,22-03-2025,Bristol Supply Hub,Bristol,Pharma,Cough Syrup,Britannia Pharma,BATCH-1074,Outbound,671,645,12,2,245.5,354.08,B2,Amelia Clark,Delayed,8,No,Failed,14
TXN102159,24-03-2026,Newcastle Depot,London,Home Appliances,Vacuum Cleaner,London Trade Corp,BATCH-4986,Outbound,831,211,2,6,95.39,113.17,A1,Noah Wilson,Slightly Delayed,4,Yes,Passed,6
TXN102160,04-10-2025,Birmingham Distribution,Liverpool,Grocery,Rice Pack,Northern Supply Chain,BATCH-3214,Inbound,719,346,6,16,23.79,32.8,A2,Noah Wilson,Slightly Delayed,5,No,Passed,6
TXN102161,06-09-2025,Manchester Storage,Glasgow,Electronics,Laptop,ASDA Distribution,BATCH-1352,Outbound,412,161,15,18,583.41,1013.01,D1,Oliver Smith,Slightly Delayed,6,No,Passed,5
TXN102162,19-02-2026,Newcastle Depot,Birmingham,Grocery,Tea Bags,Sainsbury Logistics,BATCH-6519,Inbound,411,50,18,12,50.26,60.25,B1,Amelia Clark,On Time,3,Yes,Passed,25
TXN102163,15-06-2025,Newcastle Depot,London,Grocery,Coffee,Northern Supply Chain,BATCH-3227,Inbound,94,73,8,2,77.11,100.43,A1,Emily Harris,On Time,2,No,Failed,5
TXN102164,17-02-2025,Birmingham Distribution,Manchester,Fashion,Handbag,Britannia Pharma,BATCH-1687,Outbound,455,234,23,1,1176.84,1471.16,B2,Emily Harris,Delayed,9,Yes,Passed,1
TXN102165,03-04-2026,London Central Hub,London,Home Appliances,Air Fryer,London Trade Corp,BATCH-7408,Inbound,134,55,12,18,26.38,40.45,D1,Oliver Smith,Delayed,10,No,Failed,0
TXN102166,02-01-2026,Birmingham Distribution,Manchester,Grocery,Coffee,UK Retail Goods,BATCH-3756,Outbound,554,312,32,10,1071.91,1515.92,B2,Harry Johnson,Delayed,9,No,Passed,5
TXN102167,09-05-2026,Leeds Fulfillment,London,Grocery,Cereal,ASDA Distribution,BATCH-5861,Inbound,853,232,11,4,692.0,1086.05,C1,Emily Harris,On Time,3,No,Passed,9
TXN102168,30-01-2025,Birmingham Distribution,Leeds,Grocery,Rice Pack,Northern Supply Chain,BATCH-4550,Outbound,568,431,19,11,722.18,1024.17,D1,Noah Wilson,On Time,1,No,Passed,11
TXN102169,20-01-2025,Newcastle Depot,Newcastle,Pharma,Cough Syrup,Tesco Supply Ltd,BATCH-1888,Inbound,713,37,17,10,655.26,968.32,A2,Emily Harris,Slightly Delayed,6,Yes,Passed,3
TXN102170,26-02-2025,Glasgow Warehouse,Bristol,Electronics,Tablet,Northern Supply Chain,BATCH-5335,Inbound,834,391,37,16,7.83,9.67,A2,Oliver Smith,Slightly Delayed,4,Yes,Passed,9
TXN102171,06-04-2025,Bristol Supply Hub,Birmingham,Fashion,Jacket,Sainsbury Logistics,BATCH-7278,Inbound,142,133,39,6,1186.84,2068.68,B2,Harry Johnson,Slightly Delayed,6,No,Passed,23
TXN102172,27-01-2025,Birmingham Distribution,Liverpool,Pharma,Vitamin Tablets,ASDA Distribution,BATCH-1127,Inbound,828,415,25,7,281.17,383.91,D2,Harry Johnson,Slightly Delayed,5,No,Failed,3
TXN102173,05-07-2025,Manchester Storage,London,Home Appliances,Microwave,Tesco Supply Ltd,BATCH-6451,Outbound,374,258,16,1,404.67,476.33,D2,Noah Wilson,Delayed,10,No,Passed,5
TXN102174,04-04-2025,Liverpool Logistics,London,Fashion,Jeans,Sainsbury Logistics,BATCH-4042,Outbound,423,326,23,2,568.85,797.83,D2,Harry Johnson,Slightly Delayed,6,Yes,Passed,12
TXN102175,07-07-2025,Newcastle Depot,Newcastle,Fashion,Sneakers,Britannia Pharma,BATCH-2329,Outbound,810,453,1,5,357.35,435.01,A1,Charlie Davies,Slightly Delayed,4,No,Failed,2
TXN102176,10-03-2026,Glasgow Warehouse,Birmingham,Fashion,Sneakers,Northern Supply Chain,BATCH-2999,Outbound,246,58,8,15,1037.17,1593.96,D2,Harry Johnson,Delayed,10,No,Passed,23
TXN102177,13-05-2025,Leeds Fulfillment,Manchester,Home Appliances,Vacuum Cleaner,Sainsbury Logistics,BATCH-5796,Outbound,151,142,6,10,1039.59,1226.02,C2,Jack Taylor,On Time,2,No,Passed,14
TXN102178,17-02-2025,London Central Hub,Bristol,Grocery,Rice Pack,Northern Supply Chain,BATCH-6262,Outbound,987,708,13,14,93.85,151.92,C2,Oliver Smith,Slightly Delayed,5,No,Passed,15
TXN102179,26-07-2025,Manchester Storage,Newcastle,Electronics,Tablet,Tesco Supply Ltd,BATCH-7339,Inbound,310,23,7,20,1176.67,1369.09,B2,Oliver Smith,Delayed,8,Yes,Failed,3
TXN102180,21-08-2025,Liverpool Logistics,Glasgow,Grocery,Tea Bags,Prime Wholesale UK,BATCH-7237,Outbound,268,156,14,2,799.28,1171.46,D1,Jack Taylor,On Time,2,Yes,Passed,0
TXN102181,30-12-2025,Newcastle Depot,Birmingham,Electronics,Keyboard,Britannia Pharma,BATCH-2230,Inbound,115,105,20,9,1027.67,1692.37,D1,Jack Taylor,On Time,1,Yes,Failed,8
TXN102182,04-12-2025,Bristol Supply Hub,Birmingham,Grocery,Coffee,Britannia Pharma,BATCH-9653,Inbound,726,91,7,8,1054.85,1509.62,B1,Noah Wilson,Slightly Delayed,5,Yes,Passed,20
TXN102183,25-04-2025,Glasgow Warehouse,Manchester,Fashion,Sneakers,London Trade Corp,BATCH-3438,Inbound,179,38,5,13,1105.08,1418.04,C1,Amelia Clark,On Time,1,No,Passed,10
TXN102184,20-02-2025,Leeds Fulfillment,Glasgow,Grocery,Rice Pack,Tesco Supply Ltd,BATCH-8047,Inbound,915,791,31,9,512.5,680.25,C2,Jack Taylor,Slightly Delayed,4,Yes,Failed,3
TXN102185,16-01-2026,Liverpool Logistics,Manchester,Grocery,Tea Bags,Tesco Supply Ltd,BATCH-9132,Inbound,1000,688,6,7,772.02,1006.27,D2,Amelia Clark,Delayed,7,No,Failed,14
TXN102186,21-11-2025,Leeds Fulfillment,Leeds,Fashion,Jacket,Prime Wholesale UK,BATCH-6020,Outbound,164,162,33,7,1180.79,1525.58,B2,Noah Wilson,Slightly Delayed,6,No,Failed,22
TXN102187,18-01-2025,Bristol Supply Hub,Glasgow,Grocery,Coffee,Sainsbury Logistics,BATCH-6944,Inbound,720,688,38,15,302.09,492.81,A2,Emily Harris,Delayed,8,No,Passed,1
TXN102188,23-09-2025,Bristol Supply Hub,Newcastle,Pharma,Paracetamol,Britannia Pharma,BATCH-1292,Outbound,864,597,13,15,27.16,47.21,B1,Oliver Smith,On Time,2,No,Passed,23
TXN102189,17-08-2025,Bristol Supply Hub,Bristol,Pharma,Paracetamol,Tesco Supply Ltd,BATCH-7499,Inbound,663,378,30,18,188.03,215.71,B1,Jack Taylor,Slightly Delayed,5,Yes,Passed,13
TXN102190,01-04-2025,London Central Hub,London,Electronics,Laptop,Northern Supply Chain,BATCH-9229,Inbound,661,374,17,1,975.94,1566.13,A2,Harry Johnson,Delayed,7,Yes,Passed,21
TXN102191,18-04-2025,Manchester Storage,Birmingham,Electronics,Monitor,London Trade Corp,BATCH-7392,Outbound,646,360,38,4,1054.45,1269.52,D2,George Brown,On Time,3,No,Passed,0
TXN102192,06-05-2026,Manchester Storage,Liverpool,Grocery,Cereal,Britannia Pharma,BATCH-3858,Outbound,921,372,27,3,512.42,810.83,D2,Noah Wilson,On Time,2,Yes,Failed,6
TXN102193,05-01-2026,Leeds Fulfillment,Birmingham,Pharma,Bandages,Tesco Supply Ltd,BATCH-8197,Inbound,288,270,16,5,1090.3,1276.59,D2,Jack Taylor,Slightly Delayed,5,Yes,Passed,11
TXN102194,18-10-2025,Glasgow Warehouse,Liverpool,Home Appliances,Air Fryer,Tesco Supply Ltd,BATCH-6966,Outbound,117,99,39,9,176.45,200.32,D2,Emily Harris,Slightly Delayed,6,Yes,Passed,12
TXN102195,05-01-2026,Bristol Supply Hub,Manchester,Pharma,Vitamin Tablets,Sainsbury Logistics,BATCH-3434,Inbound,550,235,29,18,421.14,507.17,B2,Charlie Davies,Delayed,9,Yes,Passed,3
TXN102196,30-04-2026,London Central Hub,Birmingham,Electronics,Tablet,Britannia Pharma,BATCH-7635,Outbound,721,232,3,3,40.11,53.34,C1,Harry Johnson,Slightly Delayed,6,Yes,Passed,6
TXN102197,21-01-2026,Newcastle Depot,London,Grocery,Cooking Oil,Britannia Pharma,BATCH-4394,Inbound,235,78,10,1,671.47,1107.76,B2,Emily Harris,Delayed,9,Yes,Passed,16
TXN102198,06-08-2025,Birmingham Distribution,Birmingham,Pharma,Bandages,Northern Supply Chain,BATCH-1886,Inbound,581,230,30,19,207.5,260.96,B2,Emily Harris,On Time,2,Yes,Passed,11
TXN102199,14-10-2025,Liverpool Logistics,London,Electronics,Keyboard,UK Retail Goods,BATCH-8278,Outbound,287,58,28,17,365.41,584.68,D2,Noah Wilson,Delayed,9,Yes,Passed,3
TXN102200,10-06-2025,Newcastle Depot,Newcastle,Grocery,Cooking Oil,Tesco Supply Ltd,BATCH-1254,Outbound,506,51,16,18,323.57,394.22,B2,Charlie Davies,Slightly Delayed,6,No,Passed,20
TXN102201,15-01-2025,Birmingham Distribution,Liverpool,Home Appliances,Vacuum Cleaner,London Trade Corp,BATCH-1949,Inbound,924,229,16,17,869.63,1362.71,C1,Emily Harris,Delayed,9,No,Passed,18
TXN102202,07-08-2025,Manchester Storage,Glasgow,Home Appliances,Vacuum Cleaner,UK Retail Goods,BATCH-4544,Inbound,398,283,31,11,266.92,306.72,D2,Oliver Smith,Slightly Delayed,6,No,Passed,13
TXN102203,21-10-2025,Manchester Storage,Bristol,Fashion,T-Shirt,ASDA Distribution,BATCH-2709,Outbound,112,102,25,6,919.83,1161.79,C2,Noah Wilson,On Time,2,Yes,Passed,19
TXN102204,10-09-2025,Newcastle Depot,London,Grocery,Tea Bags,UK Retail Goods,BATCH-8956,Inbound,260,205,7,6,310.48,353.93,A1,Amelia Clark,Delayed,8,Yes,Passed,25
TXN102205,24-01-2025,Manchester Storage,Bristol,Home Appliances,Vacuum Cleaner,Sainsbury Logistics,BATCH-5428,Outbound,950,72,0,9,1182.03,1607.26,C1,George Brown,On Time,3,No,Passed,13
TXN102206,29-01-2026,Glasgow Warehouse,Birmingham,Home Appliances,Microwave,Tesco Supply Ltd,BATCH-6493,Inbound,539,269,9,11,1055.5,1841.52,D1,Emily Harris,On Time,1,Yes,Passed,4
TXN102207,12-01-2025,Glasgow Warehouse,Glasgow,Electronics,Monitor,Tesco Supply Ltd,BATCH-9800,Inbound,212,211,2,19,417.97,620.31,D1,Jack Taylor,Delayed,10,No,Passed,10
TXN102208,05-04-2025,Glasgow Warehouse,Leeds,Fashion,Sneakers,Tesco Supply Ltd,BATCH-6923,Inbound,770,477,34,2,990.12,1399.12,C2,Charlie Davies,Slightly Delayed,5,No,Passed,15
TXN102209,04-11-2025,Liverpool Logistics,London,Pharma,Paracetamol,Tesco Supply Ltd,BATCH-2172,Inbound,627,198,3,3,876.57,1360.6,C1,Harry Johnson,Slightly Delayed,6,No,Passed,1
TXN102210,04-05-2026,Leeds Fulfillment,Leeds,Pharma,Paracetamol,Tesco Supply Ltd,BATCH-1803,Inbound,446,342,30,0,687.24,1161.46,A1,Jack Taylor,Slightly Delayed,5,Yes,Passed,0
TXN102211,01-06-2025,Newcastle Depot,Glasgow,Pharma,Bandages,Sainsbury Logistics,BATCH-6919,Outbound,310,203,16,19,557.04,818.79,A1,Jack Taylor,Slightly Delayed,4,Yes,Passed,9
TXN102212,21-01-2025,Glasgow Warehouse,Manchester,Fashion,T-Shirt,ASDA Distribution,BATCH-9309,Inbound,187,100,28,13,77.32,137.35,B1,Harry Johnson,Delayed,9,No,Passed,11
TXN102213,04-05-2025,London Central Hub,Newcastle,Grocery,Coffee,ASDA Distribution,BATCH-9147,Outbound,111,91,7,11,681.54,1036.73,A2,Amelia Clark,Slightly Delayed,5,No,Passed,15
TXN102214,02-02-2026,Liverpool Logistics,Manchester,Fashion,T-Shirt,Prime Wholesale UK,BATCH-7586,Outbound,949,213,6,20,52.64,93.37,A1,George Brown,Slightly Delayed,4,No,Passed,9
TXN102215,07-07-2025,Birmingham Distribution,Leeds,Fashion,Jacket,Britannia Pharma,BATCH-2376,Inbound,473,281,16,9,337.29,511.2,B1,Harry Johnson,Slightly Delayed,5,Yes,Passed,25
TXN102216,23-02-2026,Newcastle Depot,Glasgow,Grocery,Tea Bags,ASDA Distribution,BATCH-5360,Outbound,697,150,17,8,922.07,1616.83,C1,Oliver Smith,Delayed,10,Yes,Passed,18
TXN102217,21-03-2025,Leeds Fulfillment,Newcastle,Pharma,Bandages,Tesco Supply Ltd,BATCH-8808,Inbound,397,298,16,12,285.38,507.79,D2,Amelia Clark,Delayed,10,No,Passed,13
TXN102218,29-06-2025,Manchester Storage,Newcastle,Pharma,Bandages,ASDA Distribution,BATCH-7937,Inbound,997,230,28,16,59.12,75.3,D2,Jack Taylor,On Time,3,No,Passed,13
TXN102219,04-11-2025,Glasgow Warehouse,Birmingham,Fashion,T-Shirt,Northern Supply Chain,BATCH-5147,Inbound,485,375,25,1,832.03,962.77,C2,Noah Wilson,On Time,2,Yes,Passed,14
TXN102220,22-10-2025,Glasgow Warehouse,Bristol,Fashion,Handbag,UK Retail Goods,BATCH-7810,Outbound,558,35,33,11,507.45,862.74,A1,Jack Taylor,Slightly Delayed,6,No,Passed,25
TXN102221,29-04-2026,Birmingham Distribution,Glasgow,Fashion,T-Shirt,Tesco Supply Ltd,BATCH-2401,Outbound,542,133,17,1,429.75,608.18,C2,Jack Taylor,Delayed,8,No,Failed,19
TXN102222,09-07-2025,Liverpool Logistics,Newcastle,Pharma,Paracetamol,Britannia Pharma,BATCH-5376,Outbound,705,655,39,17,388.25,647.82,C2,Charlie Davies,On Time,3,No,Passed,22
TXN102223,13-05-2026,Glasgow Warehouse,London,Fashion,T-Shirt,London Trade Corp,BATCH-4535,Inbound,903,790,26,6,294.22,393.31,D2,George Brown,Slightly Delayed,5,No,Passed,23
TXN102224,12-09-2025,Leeds Fulfillment,Birmingham,Fashion,Jeans,Northern Supply Chain,BATCH-7604,Inbound,590,166,30,12,688.28,1081.0,B2,Amelia Clark,Delayed,9,No,Passed,25
TXN102225,04-10-2025,Leeds Fulfillment,Liverpool,Home Appliances,Mixer,London Trade Corp,BATCH-1756,Inbound,856,671,11,14,525.04,899.18,D2,Amelia Clark,Slightly Delayed,5,Yes,Passed,13
TXN102226,04-08-2025,Manchester Storage,Manchester,Pharma,Vitamin Tablets,Northern Supply Chain,BATCH-4162,Outbound,539,527,29,16,310.98,402.64,C2,Oliver Smith,On Time,2,No,Failed,25
TXN102227,07-08-2025,London Central Hub,Newcastle,Grocery,Coffee,Sainsbury Logistics,BATCH-4410,Inbound,671,200,22,1,123.43,188.17,D2,Oliver Smith,Slightly Delayed,6,Yes,Passed,16
TXN102228,03-06-2025,Bristol Supply Hub,Birmingham,Electronics,Tablet,Britannia Pharma,BATCH-5610,Inbound,270,213,19,18,26.97,33.6,A1,Harry Johnson,Delayed,8,No,Passed,21
TXN102229,10-03-2026,Leeds Fulfillment,London,Home Appliances,Microwave,UK Retail Goods,BATCH-2116,Inbound,979,645,39,3,145.99,231.54,B1,Emily Harris,Delayed,10,Yes,Passed,8
TXN102230,28-02-2026,London Central Hub,Glasgow,Fashion,Sneakers,Northern Supply Chain,BATCH-8081,Outbound,654,377,6,2,785.96,879.68,C1,George Brown,Slightly Delayed,4,Yes,Passed,18
TXN102231,30-03-2026,Leeds Fulfillment,Bristol,Pharma,Vitamin Tablets,UK Retail Goods,BATCH-8766,Outbound,621,232,30,11,1057.24,1663.2,B2,Jack Taylor,Slightly Delayed,5,No,Passed,1
TXN102232,21-08-2025,Manchester Storage,Bristol,Grocery,Rice Pack,Sainsbury Logistics,BATCH-6861,Inbound,885,768,11,14,572.5,684.51,C2,Charlie Davies,On Time,2,Yes,Passed,5
TXN102233,12-12-2025,Liverpool Logistics,Newcastle,Fashion,T-Shirt,Sainsbury Logistics,BATCH-7464,Outbound,682,640,9,8,1034.99,1612.77,D2,Noah Wilson,Slightly Delayed,5,No,Passed,19
TXN102234,12-09-2025,Bristol Supply Hub,Manchester,Electronics,Tablet,Tesco Supply Ltd,BATCH-5826,Inbound,925,559,27,14,203.06,292.67,D2,Amelia Clark,Slightly Delayed,5,Yes,Passed,19
TXN102235,06-09-2025,London Central Hub,Birmingham,Fashion,Handbag,Tesco Supply Ltd,BATCH-5680,Inbound,863,410,20,5,1002.65,1300.63,C1,Harry Johnson,Slightly Delayed,6,Yes,Passed,14
TXN102236,29-01-2025,Birmingham Distribution,Bristol,Electronics,Keyboard,London Trade Corp,BATCH-8172,Inbound,120,37,38,8,302.98,479.29,C1,Amelia Clark,Delayed,8,Yes,Failed,25
TXN102237,16-01-2025,Glasgow Warehouse,Leeds,Pharma,Cough Syrup,London Trade Corp,BATCH-7482,Outbound,80,25,37,6,447.19,774.46,B2,Harry Johnson,On Time,2,Yes,Failed,15
TXN102238,04-07-2025,London Central Hub,Newcastle,Electronics,Laptop,UK Retail Goods,BATCH-1111,Inbound,791,734,4,14,333.9,411.83,A2,Emily Harris,Delayed,8,Yes,Passed,14
TXN102239,20-02-2025,Leeds Fulfillment,Birmingham,Grocery,Cooking Oil,Northern Supply Chain,BATCH-3563,Inbound,903,629,30,20,792.46,917.99,B1,George Brown,On Time,1,No,Passed,0
TXN102240,07-08-2025,London Central Hub,Birmingham,Electronics,Monitor,London Trade Corp,BATCH-2392,Outbound,129,46,33,12,404.89,685.29,B2,Charlie Davies,Delayed,10,Yes,Failed,8
TXN102241,03-04-2026,Liverpool Logistics,Manchester,Fashion,Jacket,ASDA Distribution,BATCH-6373,Outbound,115,91,1,1,1148.44,1535.78,A1,George Brown,On Time,2,No,Passed,12
TXN102242,26-01-2025,Leeds Fulfillment,Glasgow,Home Appliances,Vacuum Cleaner,Northern Supply Chain,BATCH-3452,Outbound,868,739,17,15,1196.04,1823.8,D2,Charlie Davies,Delayed,7,Yes,Passed,8
TXN102243,01-08-2025,Newcastle Depot,Glasgow,Grocery,Cooking Oil,Britannia Pharma,BATCH-2734,Inbound,367,225,16,1,467.21,800.66,D2,Emily Harris,Delayed,9,Yes,Passed,25
TXN102244,30-04-2026,Newcastle Depot,Glasgow,Electronics,Smartphone,London Trade Corp,BATCH-9029,Inbound,625,591,6,12,71.34,126.64,B1,Amelia Clark,On Time,1,No,Passed,23
TXN102245,09-04-2026,Birmingham Distribution,Leeds,Home Appliances,Air Fryer,Sainsbury Logistics,BATCH-7625,Outbound,920,353,2,8,328.64,428.15,A1,Oliver Smith,Slightly Delayed,5,No,Failed,1
TXN102246,30-07-2025,Newcastle Depot,London,Electronics,Smartphone,Britannia Pharma,BATCH-3342,Outbound,888,146,14,14,804.55,1255.54,A2,Amelia Clark,On Time,3,Yes,Passed,9
TXN102247,01-10-2025,Leeds Fulfillment,Liverpool,Grocery,Rice Pack,Northern Supply Chain,BATCH-6897,Outbound,505,215,34,2,529.77,586.68,B1,Noah Wilson,Delayed,7,No,Passed,12
TXN102248,15-06-2025,Newcastle Depot,Bristol,Fashion,Jacket,Tesco Supply Ltd,BATCH-2316,Outbound,749,68,20,8,150.19,213.46,C2,Harry Johnson,On Time,2,Yes,Passed,0
TXN102249,12-08-2025,Bristol Supply Hub,Newcastle,Fashion,T-Shirt,Prime Wholesale UK,BATCH-1749,Outbound,616,276,11,16,344.32,467.38,D1,Emily Harris,Delayed,8,Yes,Passed,22
TXN102250,13-05-2025,Birmingham Distribution,Manchester,Electronics,Keyboard,London Trade Corp,BATCH-3595,Outbound,793,183,11,17,912.87,1195.47,B1,Charlie Davies,On Time,2,No,Passed,17
TXN102251,14-12-2025,Birmingham Distribution,London,Grocery,Cooking Oil,London Trade Corp,BATCH-5384,Outbound,482,444,29,8,943.25,1073.48,D2,Amelia Clark,Delayed,9,Yes,Passed,2
TXN102252,17-03-2026,London Central Hub,Birmingham,Grocery,Cooking Oil,London Trade Corp,BATCH-9042,Inbound,400,227,8,1,640.88,891.12,A2,Amelia Clark,On Time,1,Yes,Passed,22
TXN102253,13-11-2025,Manchester Storage,Glasgow,Electronics,Monitor,ASDA Distribution,BATCH-7413,Outbound,785,266,29,1,275.65,374.93,D1,Harry Johnson,Slightly Delayed,6,No,Passed,22
TXN102254,17-07-2025,London Central Hub,Birmingham,Fashion,Jeans,London Trade Corp,BATCH-4989,Outbound,636,435,22,17,1032.28,1802.96,D2,Noah Wilson,Slightly Delayed,4,Yes,Failed,25
TXN102255,18-07-2025,London Central Hub,Newcastle,Electronics,Keyboard,Prime Wholesale UK,BATCH-4347,Outbound,201,65,20,8,434.71,723.16,A2,Noah Wilson,On Time,1,No,Passed,3
TXN102256,07-05-2026,Liverpool Logistics,Liverpool,Electronics,Laptop,Tesco Supply Ltd,BATCH-1095,Outbound,705,24,27,12,390.52,509.63,D1,Oliver Smith,Slightly Delayed,5,Yes,Failed,22
TXN102257,29-08-2025,London Central Hub,Leeds,Pharma,Bandages,Britannia Pharma,BATCH-8659,Inbound,51,51,2,12,334.72,570.21,C2,Noah Wilson,Slightly Delayed,4,Yes,Passed,8
TXN102258,15-05-2025,Liverpool Logistics,London,Fashion,Jacket,Tesco Supply Ltd,BATCH-6253,Inbound,179,145,33,18,33.2,56.25,A2,Charlie Davies,Delayed,7,No,Passed,10
TXN102259,06-09-2025,Bristol Supply Hub,Birmingham,Pharma,Bandages,Sainsbury Logistics,BATCH-9214,Outbound,264,251,34,16,930.88,1377.1,A1,Emily Harris,On Time,3,Yes,Passed,11
TXN102260,08-03-2026,London Central Hub,Manchester,Pharma,Vitamin Tablets,UK Retail Goods,BATCH-6398,Inbound,238,23,23,4,1154.66,1561.69,C1,Emily Harris,Slightly Delayed,6,Yes,Passed,2
TXN102261,18-01-2026,Leeds Fulfillment,Manchester,Fashion,Handbag,Tesco Supply Ltd,BATCH-6879,Inbound,572,505,22,0,864.87,1025.27,C1,Harry Johnson,Delayed,10,Yes,Passed,0
TXN102262,14-04-2026,Liverpool Logistics,Birmingham,Electronics,Monitor,Prime Wholesale UK,BATCH-7671,Inbound,314,41,17,11,85.96,120.3,D1,Jack Taylor,Delayed,10,No,Passed,7
TXN102263,02-04-2025,London Central Hub,Bristol,Home Appliances,Air Fryer,Tesco Supply Ltd,BATCH-7012,Outbound,907,646,12,1,682.98,823.4,B2,Amelia Clark,Slightly Delayed,6,Yes,Failed,14
TXN102264,14-02-2025,Glasgow Warehouse,Manchester,Electronics,Tablet,UK Retail Goods,BATCH-8049,Outbound,358,83,13,15,250.19,423.25,C1,Noah Wilson,Delayed,10,No,Passed,9
TXN102265,21-12-2025,Leeds Fulfillment,Glasgow,Grocery,Tea Bags,Northern Supply Chain,BATCH-2922,Outbound,408,367,12,2,791.06,1369.16,A1,Charlie Davies,Slightly Delayed,6,Yes,Failed,9
TXN102266,26-03-2026,Liverpool Logistics,Liverpool,Fashion,Jeans,Tesco Supply Ltd,BATCH-3109,Inbound,858,688,6,17,540.06,802.21,A1,Jack Taylor,Delayed,8,Yes,Passed,25
TXN102267,17-07-2025,Birmingham Distribution,Glasgow,Grocery,Cooking Oil,Tesco Supply Ltd,BATCH-3515,Outbound,882,247,33,16,759.47,962.64,A1,Jack Taylor,Delayed,10,Yes,Passed,0
TXN102268,20-02-2026,Birmingham Distribution,Bristol,Pharma,Vitamin Tablets,Tesco Supply Ltd,BATCH-3624,Outbound,843,579,27,12,517.35,678.89,C2,Emily Harris,On Time,1,No,Passed,13
TXN102269,30-01-2025,Birmingham Distribution,Liverpool,Grocery,Tea Bags,UK Retail Goods,BATCH-1707,Outbound,565,49,22,6,1165.31,1677.9,A1,Harry Johnson,Delayed,9,Yes,Passed,9
TXN102270,12-03-2025,Bristol Supply Hub,Liverpool,Fashion,T-Shirt,Northern Supply Chain,BATCH-8543,Inbound,101,100,29,11,123.63,195.91,A2,Amelia Clark,Delayed,7,No,Passed,0
TXN102271,29-10-2025,Birmingham Distribution,Glasgow,Electronics,Monitor,Sainsbury Logistics,BATCH-9917,Outbound,843,428,32,16,80.64,139.9,D1,Charlie Davies,Delayed,8,Yes,Passed,13
TXN102272,09-11-2025,Newcastle Depot,London,Home Appliances,Mixer,UK Retail Goods,BATCH-3020,Inbound,743,480,38,4,192.36,250.04,A1,Noah Wilson,Delayed,10,No,Passed,17
TXN102273,21-10-2025,Leeds Fulfillment,Liverpool,Electronics,Keyboard,UK Retail Goods,BATCH-5177,Outbound,609,374,16,8,1090.45,1952.18,C2,Amelia Clark,Delayed,9,No,Passed,23
TXN102274,05-08-2025,Bristol Supply Hub,Leeds,Grocery,Tea Bags,Tesco Supply Ltd,BATCH-6245,Outbound,111,43,6,6,88.94,159.83,C1,Noah Wilson,On Time,1,Yes,Passed,16
TXN102275,28-12-2025,Liverpool Logistics,Newcastle,Fashion,Handbag,ASDA Distribution,BATCH-3076,Outbound,58,33,28,16,211.71,377.47,D2,Oliver Smith,Slightly Delayed,6,No,Failed,2
TXN102276,26-05-2025,Manchester Storage,Newcastle,Pharma,Cough Syrup,London Trade Corp,BATCH-7352,Inbound,548,120,15,20,882.13,1094.02,C1,Emily Harris,On Time,2,No,Passed,23
TXN102277,05-01-2026,Glasgow Warehouse,Newcastle,Pharma,Vitamin Tablets,Northern Supply Chain,BATCH-8122,Inbound,251,233,7,15,1171.36,1418.91,A1,Jack Taylor,Slightly Delayed,4,Yes,Passed,14
TXN102278,31-05-2025,Bristol Supply Hub,Birmingham,Home Appliances,Microwave,ASDA Distribution,BATCH-8959,Outbound,782,430,16,0,917.95,1223.11,D1,Charlie Davies,Delayed,8,Yes,Passed,10
TXN102279,09-11-2025,London Central Hub,Newcastle,Pharma,Cough Syrup,Sainsbury Logistics,BATCH-3216,Outbound,203,87,21,17,946.96,1308.06,D2,Jack Taylor,On Time,3,Yes,Passed,13
TXN102280,13-10-2025,Liverpool Logistics,Liverpool,Electronics,Laptop,Sainsbury Logistics,BATCH-4324,Outbound,371,153,6,7,622.53,875.78,B1,George Brown,Slightly Delayed,4,No,Passed,20
TXN102281,31-01-2025,Bristol Supply Hub,Glasgow,Pharma,Bandages,Prime Wholesale UK,BATCH-5402,Inbound,714,533,26,5,677.78,1169.45,C1,Noah Wilson,On Time,2,No,Passed,20
TXN102282,03-01-2025,London Central Hub,London,Electronics,Smartphone,ASDA Distribution,BATCH-3435,Outbound,902,810,37,5,495.45,711.83,D1,Jack Taylor,Slightly Delayed,6,No,Passed,20
TXN102283,04-01-2025,Manchester Storage,Bristol,Electronics,Keyboard,Northern Supply Chain,BATCH-6826,Outbound,868,464,4,9,727.82,819.08,C1,Charlie Davies,On Time,2,No,Passed,23
TXN102284,02-12-2025,Newcastle Depot,Leeds,Grocery,Rice Pack,Sainsbury Logistics,BATCH-1069,Outbound,105,32,30,16,1043.8,1772.32,B1,George Brown,On Time,3,No,Passed,21
TXN102285,30-07-2025,Glasgow Warehouse,Bristol,Home Appliances,Air Fryer,ASDA Distribution,BATCH-1751,Outbound,752,222,3,15,929.61,1151.61,A1,Amelia Clark,On Time,2,Yes,Failed,3
TXN102286,28-07-2025,Birmingham Distribution,Newcastle,Fashion,Jacket,Northern Supply Chain,BATCH-5214,Inbound,268,191,16,0,769.0,1038.4,C1,Jack Taylor,On Time,1,No,Passed,10
TXN102287,13-09-2025,Leeds Fulfillment,Manchester,Grocery,Tea Bags,ASDA Distribution,BATCH-7737,Inbound,739,722,22,1,1017.6,1812.56,B1,Charlie Davies,Slightly Delayed,5,No,Failed,6
TXN102288,16-10-2025,Birmingham Distribution,London,Home Appliances,Air Fryer,Britannia Pharma,BATCH-2142,Outbound,401,203,38,20,1080.81,1562.29,C2,George Brown,Slightly Delayed,6,Yes,Failed,24
TXN102289,18-11-2025,Birmingham Distribution,Newcastle,Grocery,Rice Pack,Prime Wholesale UK,BATCH-5575,Outbound,875,121,25,8,875.6,975.71,C1,Noah Wilson,Slightly Delayed,4,Yes,Failed,24
TXN102290,21-12-2025,Leeds Fulfillment,London,Grocery,Cereal,Britannia Pharma,BATCH-8740,Outbound,769,336,22,14,632.73,1116.19,B1,Jack Taylor,Delayed,8,No,Passed,23
TXN102291,19-08-2025,Manchester Storage,London,Pharma,Bandages,Tesco Supply Ltd,BATCH-8246,Outbound,203,150,13,9,127.82,211.74,C1,George Brown,Delayed,7,Yes,Passed,18
TXN102292,05-08-2025,Glasgow Warehouse,Newcastle,Home Appliances,Vacuum Cleaner,Tesco Supply Ltd,BATCH-3948,Outbound,117,68,40,8,161.71,192.45,A2,Oliver Smith,On Time,3,No,Passed,20
TXN102293,16-01-2026,Leeds Fulfillment,Glasgow,Pharma,Bandages,Northern Supply Chain,BATCH-6738,Inbound,627,606,36,2,437.18,740.6,B1,Noah Wilson,Delayed,9,No,Passed,6
TXN102294,06-02-2025,Liverpool Logistics,Glasgow,Pharma,Cough Syrup,Britannia Pharma,BATCH-4910,Outbound,107,79,1,16,927.75,1289.65,D2,Jack Taylor,Slightly Delayed,4,No,Failed,19
TXN102295,11-02-2026,Bristol Supply Hub,Leeds,Electronics,Monitor,Sainsbury Logistics,BATCH-2550,Inbound,264,196,7,4,630.04,725.38,C2,Jack Taylor,On Time,2,No,Passed,24
TXN102296,09-07-2025,Newcastle Depot,London,Fashion,Handbag,London Trade Corp,BATCH-1327,Outbound,567,242,29,20,1166.05,1324.98,B1,Amelia Clark,On Time,1,Yes,Failed,5
TXN102297,06-05-2026,London Central Hub,Leeds,Fashion,T-Shirt,Prime Wholesale UK,BATCH-1656,Outbound,233,85,12,4,515.76,730.88,B2,Emily Harris,On Time,1,No,Passed,15
TXN102298,19-07-2025,Manchester Storage,Leeds,Pharma,Vitamin Tablets,London Trade Corp,BATCH-5540,Outbound,767,687,12,19,708.76,995.28,A2,Noah Wilson,Slightly Delayed,4,No,Passed,14
TXN102299,16-02-2026,Manchester Storage,Glasgow,Home Appliances,Vacuum Cleaner,London Trade Corp,BATCH-3718,Outbound,589,189,25,4,892.13,992.49,C1,Emily Harris,Delayed,7,No,Failed,3
TXN102300,27-04-2026,Manchester Storage,Liverpool,Pharma,Cough Syrup,Britannia Pharma,BATCH-9111,Outbound,802,249,12,6,89.46,138.96,D1,Harry Johnson,Delayed,10,No,Passed,23
TXN102301,07-02-2026,Newcastle Depot,Bristol,Electronics,Monitor,Britannia Pharma,BATCH-6845,Outbound,438,204,40,1,175.29,291.3,A1,Oliver Smith,On Time,1,No,Passed,3
TXN102302,25-12-2025,Liverpool Logistics,Newcastle,Grocery,Coffee,Northern Supply Chain,BATCH-4411,Inbound,282,282,3,20,943.76,1165.82,D2,George Brown,Delayed,10,No,Passed,9
TXN102303,18-01-2026,Birmingham Distribution,Leeds,Fashion,Jeans,UK Retail Goods,BATCH-9831,Outbound,233,121,32,19,573.5,708.91,B1,Oliver Smith,On Time,2,No,Failed,10
TXN102304,18-05-2025,Manchester Storage,Bristol,Fashion,Handbag,Britannia Pharma,BATCH-6170,Outbound,247,207,6,9,1034.03,1354.42,B1,Jack Taylor,Delayed,10,Yes,Passed,17
TXN102305,19-08-2025,Liverpool Logistics,Bristol,Pharma,Paracetamol,London Trade Corp,BATCH-1090,Outbound,638,164,31,14,1129.8,1301.67,A1,Charlie Davies,Slightly Delayed,6,Yes,Failed,17
TXN102306,11-08-2025,London Central Hub,Newcastle,Grocery,Coffee,London Trade Corp,BATCH-2727,Outbound,140,102,7,0,1125.55,1308.74,C1,Charlie Davies,Delayed,9,No,Passed,13
TXN102307,04-01-2026,Leeds Fulfillment,Liverpool,Electronics,Keyboard,Britannia Pharma,BATCH-1024,Inbound,467,432,25,14,825.12,1367.5,A1,George Brown,On Time,2,No,Passed,20
TXN102308,05-07-2025,Liverpool Logistics,Birmingham,Pharma,Cough Syrup,Prime Wholesale UK,BATCH-8859,Outbound,514,213,19,14,447.32,756.38,A2,Oliver Smith,Delayed,7,No,Passed,0
TXN102309,02-04-2026,Birmingham Distribution,Manchester,Fashion,Handbag,Britannia Pharma,BATCH-8950,Inbound,382,334,1,4,293.36,333.89,D1,Harry Johnson,Slightly Delayed,5,No,Failed,10
TXN102310,06-10-2025,Newcastle Depot,Manchester,Grocery,Tea Bags,Northern Supply Chain,BATCH-3440,Inbound,275,26,20,6,932.36,1595.85,A1,Amelia Clark,On Time,3,Yes,Passed,11
TXN102311,10-08-2025,Newcastle Depot,London,Electronics,Monitor,London Trade Corp,BATCH-1960,Outbound,164,32,27,12,150.5,229.17,A2,Harry Johnson,Slightly Delayed,4,No,Passed,21
TXN102312,31-07-2025,Bristol Supply Hub,London,Home Appliances,Air Fryer,Prime Wholesale UK,BATCH-5442,Outbound,503,331,27,6,129.17,194.1,A2,George Brown,Slightly Delayed,5,Yes,Passed,19
TXN102313,11-03-2026,Birmingham Distribution,Leeds,Home Appliances,Vacuum Cleaner,UK Retail Goods,BATCH-8459,Outbound,68,52,31,17,622.91,995.72,D1,Amelia Clark,Delayed,8,No,Passed,5
TXN102314,19-10-2025,Manchester Storage,Glasgow,Fashion,Sneakers,Britannia Pharma,BATCH-8997,Outbound,992,534,11,7,19.59,32.24,C2,Oliver Smith,On Time,1,Yes,Passed,25
TXN102315,27-01-2026,Manchester Storage,Leeds,Grocery,Cooking Oil,Tesco Supply Ltd,BATCH-9776,Inbound,443,251,9,2,83.44,110.91,B1,Jack Taylor,Delayed,8,No,Passed,9
TXN102316,23-05-2025,Birmingham Distribution,Liverpool,Home Appliances,Mixer,ASDA Distribution,BATCH-7122,Outbound,706,265,28,2,507.07,673.51,B2,Emily Harris,Delayed,10,Yes,Passed,25
TXN102317,30-12-2025,London Central Hub,London,Grocery,Rice Pack,Britannia Pharma,BATCH-8210,Inbound,953,689,39,2,440.67,642.88,C1,Amelia Clark,On Time,2,No,Passed,9
TXN102318,12-11-2025,Birmingham Distribution,Newcastle,Home Appliances,Microwave,ASDA Distribution,BATCH-2190,Inbound,111,64,34,2,397.69,605.84,D1,Oliver Smith,Slightly Delayed,4,Yes,Passed,19
TXN102319,07-06-2025,Bristol Supply Hub,Bristol,Home Appliances,Air Fryer,Northern Supply Chain,BATCH-2573,Inbound,744,71,40,13,993.1,1455.73,D2,Emily Harris,Slightly Delayed,5,Yes,Failed,19
TXN102320,16-01-2026,Birmingham Distribution,Leeds,Pharma,Vitamin Tablets,Tesco Supply Ltd,BATCH-5177,Outbound,52,46,30,1,670.76,751.83,D2,Charlie Davies,Delayed,9,No,Failed,5
TXN102321,19-03-2026,Newcastle Depot,Glasgow,Pharma,Paracetamol,Northern Supply Chain,BATCH-3917,Inbound,84,49,3,6,104.8,120.01,C1,Jack Taylor,Delayed,9,No,Passed,13
TXN102322,05-07-2025,London Central Hub,Manchester,Pharma,Paracetamol,Tesco Supply Ltd,BATCH-3232,Outbound,674,296,37,11,1037.29,1817.89,B2,Noah Wilson,On Time,3,No,Passed,19
TXN102323,12-03-2026,Bristol Supply Hub,Birmingham,Grocery,Cooking Oil,UK Retail Goods,BATCH-6904,Outbound,503,490,31,15,70.56,93.79,C1,Noah Wilson,Slightly Delayed,5,No,Passed,8
TXN102324,02-09-2025,Leeds Fulfillment,Manchester,Home Appliances,Vacuum Cleaner,London Trade Corp,BATCH-2681,Inbound,143,50,33,20,10.0,11.85,C2,Charlie Davies,Slightly Delayed,6,Yes,Passed,5
TXN102325,13-06-2025,Glasgow Warehouse,Birmingham,Grocery,Tea Bags,UK Retail Goods,BATCH-3411,Outbound,420,27,32,6,733.7,931.47,B2,Jack Taylor,Delayed,8,Yes,Failed,3
TXN102326,26-03-2025,Newcastle Depot,Liverpool,Grocery,Cereal,UK Retail Goods,BATCH-7124,Inbound,407,399,30,18,1063.59,1412.58,A1,Amelia Clark,Delayed,7,No,Passed,22
TXN102327,22-01-2025,Birmingham Distribution,Bristol,Pharma,Cough Syrup,Sainsbury Logistics,BATCH-6985,Outbound,787,555,2,9,939.4,1145.58,D2,George Brown,Slightly Delayed,5,Yes,Passed,23
TXN102328,06-01-2026,London Central Hub,London,Fashion,Jacket,London Trade Corp,BATCH-6768,Inbound,834,458,10,20,769.55,1314.59,B1,Amelia Clark,Delayed,8,Yes,Passed,24
TXN102329,22-11-2025,London Central Hub,Liverpool,Grocery,Rice Pack,Britannia Pharma,BATCH-2563,Outbound,468,255,23,0,80.9,109.95,D2,Emily Harris,On Time,3,No,Failed,24
TXN102330,28-10-2025,London Central Hub,London,Fashion,Handbag,London Trade Corp,BATCH-5066,Inbound,571,451,13,15,112.25,201.05,A2,George Brown,Delayed,10,Yes,Passed,20
TXN102331,24-01-2026,Bristol Supply Hub,Leeds,Grocery,Cereal,Britannia Pharma,BATCH-6442,Inbound,449,430,21,14,827.08,1120.39,B1,Charlie Davies,Slightly Delayed,4,No,Passed,4
TXN102332,14-02-2026,Bristol Supply Hub,Manchester,Grocery,Cooking Oil,UK Retail Goods,BATCH-9483,Inbound,62,54,13,8,927.07,1559.13,D2,Harry Johnson,Slightly Delayed,5,No,Failed,1
TXN102333,03-12-2025,Liverpool Logistics,Birmingham,Fashion,Handbag,Sainsbury Logistics,BATCH-2156,Outbound,656,227,38,19,319.28,367.8,B1,Amelia Clark,Delayed,7,Yes,Passed,9
TXN102334,21-11-2025,Bristol Supply Hub,Glasgow,Grocery,Tea Bags,Northern Supply Chain,BATCH-3886,Outbound,569,402,31,3,901.49,1146.54,A1,Amelia Clark,Slightly Delayed,4,No,Passed,2
TXN102335,13-12-2025,Bristol Supply Hub,London,Grocery,Cooking Oil,ASDA Distribution,BATCH-2503,Inbound,376,106,35,16,657.83,991.81,D2,Harry Johnson,On Time,1,No,Failed,19
TXN102336,17-09-2025,Leeds Fulfillment,Leeds,Grocery,Cooking Oil,Britannia Pharma,BATCH-4431,Outbound,770,429,1,7,937.05,1302.31,B1,Harry Johnson,On Time,1,Yes,Passed,5
TXN102337,02-01-2026,London Central Hub,Leeds,Fashion,T-Shirt,UK Retail Goods,BATCH-9396,Outbound,557,446,13,17,938.7,1179.53,B2,Oliver Smith,On Time,2,No,Passed,18
TXN102338,24-01-2026,Manchester Storage,Newcastle,Fashion,Sneakers,Britannia Pharma,BATCH-8580,Inbound,839,404,32,8,216.01,321.58,A2,Noah Wilson,Delayed,9,Yes,Failed,3
TXN102339,18-12-2025,Birmingham Distribution,Manchester,Grocery,Tea Bags,Prime Wholesale UK,BATCH-9647,Inbound,415,336,28,9,468.24,586.26,D2,Oliver Smith,On Time,3,No,Passed,5
TXN102340,12-06-2025,Birmingham Distribution,London,Grocery,Cooking Oil,Northern Supply Chain,BATCH-4582,Inbound,555,342,33,17,663.93,1136.0,C1,Harry Johnson,Delayed,9,No,Passed,11
TXN102341,26-06-2025,London Central Hub,London,Grocery,Tea Bags,ASDA Distribution,BATCH-8531,Inbound,221,121,5,17,1066.39,1249.86,C2,Harry Johnson,Delayed,10,Yes,Passed,12
TXN102342,01-04-2025,Manchester Storage,Leeds,Grocery,Cooking Oil,Tesco Supply Ltd,BATCH-2224,Outbound,249,159,1,2,262.32,370.96,D1,Amelia Clark,On Time,1,Yes,Passed,22
TXN102343,06-07-2025,London Central Hub,Bristol,Grocery,Tea Bags,UK Retail Goods,BATCH-6748,Inbound,86,79,31,4,1073.91,1299.11,B2,Noah Wilson,Slightly Delayed,5,No,Passed,0
TXN102344,08-03-2026,Leeds Fulfillment,Bristol,Electronics,Monitor,ASDA Distribution,BATCH-8951,Inbound,777,211,26,4,393.92,452.13,A1,Charlie Davies,Slightly Delayed,5,Yes,Passed,25
TXN102345,19-03-2026,Birmingham Distribution,Leeds,Pharma,Paracetamol,Tesco Supply Ltd,BATCH-8827,Outbound,261,76,8,0,712.06,1004.14,A2,Noah Wilson,On Time,1,No,Failed,18
TXN102346,05-12-2025,Glasgow Warehouse,Newcastle,Fashion,T-Shirt,Britannia Pharma,BATCH-4286,Inbound,395,142,15,18,64.62,107.06,A2,Charlie Davies,Slightly Delayed,4,Yes,Failed,22
TXN102347,04-07-2025,Leeds Fulfillment,Bristol,Electronics,Laptop,UK Retail Goods,BATCH-2987,Outbound,864,585,19,3,473.26,746.41,D1,Charlie Davies,Delayed,8,Yes,Passed,25
TXN102348,18-07-2025,Leeds Fulfillment,Birmingham,Electronics,Tablet,Tesco Supply Ltd,BATCH-2600,Inbound,641,281,40,11,1041.36,1408.47,A1,George Brown,Slightly Delayed,5,Yes,Failed,5
TXN102349,27-07-2025,Manchester Storage,Newcastle,Electronics,Laptop,London Trade Corp,BATCH-1529,Outbound,434,198,6,19,629.15,1102.22,C2,Harry Johnson,On Time,1,Yes,Passed,12
TXN102350,05-12-2025,Leeds Fulfillment,Liverpool,Fashion,T-Shirt,Northern Supply Chain,BATCH-6665,Outbound,699,382,1,8,484.48,833.2,D2,George Brown,On Time,3,Yes,Passed,4
TXN102351,05-02-2026,Liverpool Logistics,Leeds,Electronics,Smartphone,Prime Wholesale UK,BATCH-7170,Outbound,915,589,31,2,1068.27,1794.57,A2,Jack Taylor,Delayed,7,No,Passed,25
TXN102352,25-10-2025,London Central Hub,London,Grocery,Tea Bags,Tesco Supply Ltd,BATCH-3378,Inbound,167,132,18,10,265.37,452.33,D1,Charlie Davies,Slightly Delayed,6,No,Passed,15
TXN102353,31-07-2025,London Central Hub,London,Grocery,Coffee,Sainsbury Logistics,BATCH-5277,Outbound,484,150,8,14,827.07,1253.39,A1,Harry Johnson,Slightly Delayed,4,No,Passed,22
TXN102354,09-09-2025,Bristol Supply Hub,London,Fashion,Sneakers,Sainsbury Logistics,BATCH-3841,Outbound,502,41,9,6,504.92,710.82,B1,Charlie Davies,On Time,2,No,Passed,6
TXN102355,10-04-2026,Leeds Fulfillment,Manchester,Electronics,Tablet,Prime Wholesale UK,BATCH-7061,Outbound,310,67,28,13,227.84,280.4,A1,Harry Johnson,On Time,1,No,Passed,7
TXN102356,07-04-2025,Liverpool Logistics,Bristol,Fashion,Handbag,ASDA Distribution,BATCH-1430,Inbound,87,64,35,8,667.59,993.1,D1,Charlie Davies,Delayed,8,No,Passed,3
TXN102357,12-07-2025,Glasgow Warehouse,Bristol,Grocery,Rice Pack,Sainsbury Logistics,BATCH-6421,Inbound,850,411,18,12,336.94,467.05,C1,Charlie Davies,Delayed,8,Yes,Passed,23
TXN102358,29-03-2026,Bristol Supply Hub,Manchester,Electronics,Smartphone,Tesco Supply Ltd,BATCH-3363,Outbound,303,99,22,14,1059.93,1819.31,C2,Harry Johnson,Delayed,10,No,Passed,7
TXN102359,25-01-2026,Manchester Storage,Manchester,Home Appliances,Vacuum Cleaner,Tesco Supply Ltd,BATCH-6716,Inbound,380,369,21,4,18.39,22.62,B2,Oliver Smith,Delayed,9,No,Passed,6
TXN102360,07-04-2026,London Central Hub,Manchester,Electronics,Monitor,Northern Supply Chain,BATCH-8778,Outbound,550,244,0,17,273.85,311.41,D1,George Brown,Delayed,9,Yes,Passed,18
TXN102361,16-05-2026,Leeds Fulfillment,Glasgow,Electronics,Laptop,Britannia Pharma,BATCH-1401,Outbound,386,26,31,3,696.47,783.18,A2,Jack Taylor,Slightly Delayed,6,Yes,Passed,16
TXN102362,17-01-2026,Bristol Supply Hub,Newcastle,Fashion,T-Shirt,Northern Supply Chain,BATCH-6152,Outbound,532,232,35,20,369.7,436.81,B1,Amelia Clark,Slightly Delayed,6,Yes,Passed,23
TXN102363,08-09-2025,Liverpool Logistics,Manchester,Fashion,Jeans,Tesco Supply Ltd,BATCH-6348,Outbound,218,203,30,6,205.04,263.5,D1,Charlie Davies,Slightly Delayed,4,Yes,Passed,8
TXN102364,18-03-2025,Newcastle Depot,Bristol,Electronics,Tablet,ASDA Distribution,BATCH-8068,Inbound,365,117,1,14,479.63,746.45,C2,Harry Johnson,Slightly Delayed,4,Yes,Failed,15
TXN102365,09-01-2026,Newcastle Depot,Liverpool,Electronics,Tablet,Tesco Supply Ltd,BATCH-2103,Inbound,747,294,11,7,516.17,654.62,A2,Jack Taylor,Slightly Delayed,5,Yes,Passed,9
TXN102366,31-07-2025,Manchester Storage,Leeds,Electronics,Tablet,Prime Wholesale UK,BATCH-7254,Inbound,402,365,30,3,966.73,1570.67,A1,Emily Harris,On Time,3,Yes,Passed,8
TXN102367,23-04-2026,Bristol Supply Hub,Leeds,Fashion,Handbag,Prime Wholesale UK,BATCH-4178,Inbound,543,254,22,9,149.65,251.02,A2,Amelia Clark,Slightly Delayed,6,No,Passed,18
TXN102368,31-03-2026,Liverpool Logistics,Liverpool,Grocery,Tea Bags,Tesco Supply Ltd,BATCH-3041,Outbound,462,138,30,20,872.75,968.45,C2,Emily Harris,Delayed,9,Yes,Passed,12
TXN102369,05-04-2026,London Central Hub,Birmingham,Pharma,Bandages,Britannia Pharma,BATCH-5658,Outbound,60,53,33,1,1068.59,1768.03,B1,George Brown,Slightly Delayed,5,No,Passed,2
TXN102370,04-03-2026,Leeds Fulfillment,Liverpool,Fashion,Jeans,ASDA Distribution,BATCH-9458,Inbound,318,213,2,17,551.73,902.01,B2,Emily Harris,Delayed,7,Yes,Passed,24
TXN102371,02-01-2025,Liverpool Logistics,Leeds,Grocery,Cereal,ASDA Distribution,BATCH-2325,Outbound,805,226,33,0,370.11,408.87,C1,Emily Harris,Slightly Delayed,4,No,Passed,8
TXN102372,15-04-2025,Newcastle Depot,Birmingham,Home Appliances,Vacuum Cleaner,Sainsbury Logistics,BATCH-8985,Inbound,792,508,12,17,830.07,1149.63,A2,Charlie Davies,On Time,2,No,Failed,6
TXN102373,13-04-2025,Manchester Storage,Bristol,Home Appliances,Vacuum Cleaner,Tesco Supply Ltd,BATCH-4907,Inbound,423,372,32,17,302.64,530.46,C1,Harry Johnson,On Time,2,No,Passed,24
TXN102374,30-08-2025,Leeds Fulfillment,Manchester,Home Appliances,Air Fryer,Tesco Supply Ltd,BATCH-6546,Inbound,463,26,9,16,594.27,902.4,B2,Harry Johnson,On Time,1,No,Passed,15
TXN102375,28-11-2025,Liverpool Logistics,London,Home Appliances,Mixer,Sainsbury Logistics,BATCH-4011,Outbound,227,155,32,7,535.85,827.13,A2,Jack Taylor,Delayed,10,No,Passed,18
TXN102376,30-04-2026,Birmingham Distribution,London,Pharma,Vitamin Tablets,Prime Wholesale UK,BATCH-3742,Outbound,657,344,15,13,710.12,1143.57,D1,Harry Johnson,Slightly Delayed,4,Yes,Failed,10
TXN102377,24-05-2025,London Central Hub,Manchester,Fashion,Jeans,Britannia Pharma,BATCH-2269,Inbound,286,46,24,15,665.29,761.87,A1,Jack Taylor,Delayed,10,No,Passed,14
TXN102378,18-06-2025,Liverpool Logistics,Newcastle,Electronics,Tablet,Northern Supply Chain,BATCH-2150,Outbound,88,45,26,4,345.54,488.08,B2,George Brown,Delayed,9,No,Passed,14
TXN102379,28-12-2025,London Central Hub,Bristol,Fashion,Jacket,London Trade Corp,BATCH-8774,Outbound,770,445,12,19,1051.83,1662.53,A2,Amelia Clark,On Time,2,No,Passed,20
TXN102380,02-08-2025,Leeds Fulfillment,Glasgow,Grocery,Tea Bags,UK Retail Goods,BATCH-6614,Outbound,464,382,15,7,573.37,965.56,D2,Emily Harris,Slightly Delayed,6,No,Passed,16
TXN102381,14-05-2026,Liverpool Logistics,Newcastle,Pharma,Vitamin Tablets,Britannia Pharma,BATCH-6112,Inbound,754,644,17,10,608.6,845.83,B2,Amelia Clark,Delayed,9,Yes,Passed,9
TXN102382,24-11-2025,Manchester Storage,Newcastle,Grocery,Coffee,Sainsbury Logistics,BATCH-6453,Inbound,323,186,0,5,424.93,719.43,D1,Harry Johnson,Delayed,8,Yes,Passed,7
TXN102383,24-02-2026,London Central Hub,Leeds,Fashion,T-Shirt,UK Retail Goods,BATCH-9042,Outbound,263,215,10,18,353.64,444.16,A2,George Brown,Delayed,9,No,Passed,19
TXN102384,02-02-2026,Newcastle Depot,London,Home Appliances,Mixer,Prime Wholesale UK,BATCH-9231,Inbound,574,404,20,10,1031.01,1145.07,B2,Harry Johnson,Delayed,7,Yes,Failed,4
TXN102385,03-02-2025,Bristol Supply Hub,Glasgow,Home Appliances,Microwave,Prime Wholesale UK,BATCH-6971,Outbound,83,41,30,11,707.72,868.46,C2,Emily Harris,On Time,1,No,Failed,16
TXN102386,09-12-2025,London Central Hub,Glasgow,Fashion,Jeans,Northern Supply Chain,BATCH-1971,Outbound,699,172,35,2,1167.19,1843.97,C2,Emily Harris,Delayed,8,Yes,Passed,16
TXN102387,28-02-2026,Manchester Storage,Glasgow,Pharma,Paracetamol,UK Retail Goods,BATCH-2299,Outbound,102,93,25,0,935.68,1518.1,D1,Amelia Clark,Delayed,7,Yes,Passed,25
TXN102388,13-02-2025,Liverpool Logistics,Bristol,Grocery,Coffee,Prime Wholesale UK,BATCH-6376,Outbound,348,211,24,19,558.31,844.67,C2,Charlie Davies,Delayed,9,No,Passed,12
TXN102389,22-03-2026,Birmingham Distribution,Leeds,Electronics,Monitor,Northern Supply Chain,BATCH-7557,Outbound,619,215,17,5,504.42,686.47,A1,Harry Johnson,Slightly Delayed,4,No,Passed,24
TXN102390,26-04-2026,Newcastle Depot,Leeds,Pharma,Paracetamol,London Trade Corp,BATCH-2725,Inbound,345,75,18,20,28.48,39.68,D1,Harry Johnson,Slightly Delayed,4,Yes,Passed,14
TXN102391,04-11-2025,Leeds Fulfillment,Leeds,Home Appliances,Mixer,UK Retail Goods,BATCH-2149,Inbound,936,188,10,20,892.19,1360.71,A2,Noah Wilson,On Time,1,No,Passed,22
TXN102392,05-04-2025,Bristol Supply Hub,Newcastle,Pharma,Cough Syrup,Sainsbury Logistics,BATCH-5088,Inbound,901,470,38,19,717.9,1251.86,D1,Noah Wilson,Delayed,8,No,Passed,11
TXN102393,26-05-2025,Bristol Supply Hub,Newcastle,Fashion,Handbag,Prime Wholesale UK,BATCH-8917,Outbound,252,133,4,20,818.81,963.26,D2,Charlie Davies,On Time,1,Yes,Passed,23
TXN102394,30-08-2025,Newcastle Depot,Manchester,Grocery,Cooking Oil,Sainsbury Logistics,BATCH-1493,Outbound,327,327,24,15,265.66,307.02,C2,Jack Taylor,Delayed,7,Yes,Passed,5
TXN102395,07-03-2026,Bristol Supply Hub,Leeds,Home Appliances,Microwave,ASDA Distribution,BATCH-4859,Outbound,973,325,13,17,1111.29,1633.4,D1,Emily Harris,Delayed,7,No,Passed,24
TXN102396,28-01-2026,Bristol Supply Hub,Liverpool,Home Appliances,Air Fryer,ASDA Distribution,BATCH-5866,Inbound,911,538,38,18,472.06,807.28,B2,Charlie Davies,Delayed,9,Yes,Passed,23
TXN102397,28-01-2025,Glasgow Warehouse,Leeds,Home Appliances,Microwave,Britannia Pharma,BATCH-6629,Inbound,674,74,18,9,316.19,409.52,D2,Amelia Clark,Delayed,8,Yes,Passed,1
TXN102398,12-06-2025,Liverpool Logistics,Manchester,Home Appliances,Microwave,Britannia Pharma,BATCH-7255,Inbound,308,255,10,17,572.93,993.11,B2,Emily Harris,Delayed,8,Yes,Failed,17
TXN102399,14-10-2025,Glasgow Warehouse,Newcastle,Electronics,Tablet,Prime Wholesale UK,BATCH-8521,Inbound,371,231,33,19,733.13,865.54,D2,Charlie Davies,On Time,1,Yes,Passed,3
TXN102400,15-06-2025,Newcastle Depot,Newcastle,Grocery,Cereal,Britannia Pharma,BATCH-7462,Inbound,719,708,39,6,1006.46,1530.26,A2,Emily Harris,On Time,3,No,Passed,2
TXN102401,05-02-2025,Liverpool Logistics,Liverpool,Home Appliances,Air Fryer,Northern Supply Chain,BATCH-4401,Inbound,235,124,26,14,883.11,1497.4,B2,Oliver Smith,Delayed,7,Yes,Passed,4
TXN102402,23-07-2025,Leeds Fulfillment,Newcastle,Fashion,Jeans,Prime Wholesale UK,BATCH-1496,Outbound,360,334,33,13,367.28,560.85,B2,Amelia Clark,Delayed,7,No,Passed,8
TXN102403,29-03-2025,London Central Hub,Manchester,Grocery,Coffee,Sainsbury Logistics,BATCH-9700,Inbound,626,364,18,3,162.69,253.3,C1,George Brown,Delayed,7,Yes,Passed,0
TXN102404,21-11-2025,Bristol Supply Hub,Bristol,Home Appliances,Vacuum Cleaner,Tesco Supply Ltd,BATCH-1628,Inbound,892,39,22,7,1030.9,1365.88,B1,Noah Wilson,Slightly Delayed,5,Yes,Passed,2
TXN102405,23-11-2025,Leeds Fulfillment,Birmingham,Pharma,Vitamin Tablets,Prime Wholesale UK,BATCH-7932,Outbound,875,327,0,8,1071.35,1270.6,A2,George Brown,Slightly Delayed,6,No,Passed,14
TXN102406,09-06-2025,London Central Hub,Manchester,Home Appliances,Vacuum Cleaner,Britannia Pharma,BATCH-5202,Outbound,873,267,14,7,995.61,1398.95,D2,Amelia Clark,Delayed,10,No,Failed,2
TXN102407,20-04-2025,Leeds Fulfillment,Manchester,Fashion,Jeans,Prime Wholesale UK,BATCH-5025,Inbound,955,609,23,1,878.97,1139.97,D1,Charlie Davies,On Time,1,Yes,Passed,6
TXN102408,23-04-2025,Leeds Fulfillment,Bristol,Pharma,Bandages,Prime Wholesale UK,BATCH-3843,Outbound,428,378,23,9,518.24,593.12,C1,Jack Taylor,On Time,1,Yes,Passed,2
TXN102409,19-04-2025,Leeds Fulfillment,Birmingham,Home Appliances,Vacuum Cleaner,London Trade Corp,BATCH-8041,Inbound,772,542,38,3,1071.67,1688.69,D1,Oliver Smith,Slightly Delayed,6,No,Passed,22
TXN102410,10-03-2026,Leeds Fulfillment,London,Home Appliances,Mixer,Prime Wholesale UK,BATCH-5476,Inbound,905,796,15,16,344.05,549.83,C2,Oliver Smith,Slightly Delayed,6,No,Passed,22
TXN102411,02-08-2025,Manchester Storage,Birmingham,Home Appliances,Vacuum Cleaner,Tesco Supply Ltd,BATCH-7578,Inbound,735,286,3,11,807.59,1066.57,D1,Harry Johnson,Slightly Delayed,5,Yes,Passed,19
TXN102412,02-03-2025,Leeds Fulfillment,Bristol,Pharma,Bandages,Britannia Pharma,BATCH-4733,Outbound,273,183,28,4,397.19,656.74,C1,George Brown,Slightly Delayed,4,Yes,Passed,22
TXN102413,25-02-2025,London Central Hub,Newcastle,Pharma,Cough Syrup,Prime Wholesale UK,BATCH-4980,Inbound,738,37,3,18,1187.84,1954.87,C2,Noah Wilson,Slightly Delayed,4,Yes,Passed,1
TXN102414,14-03-2025,Glasgow Warehouse,Glasgow,Grocery,Coffee,London Trade Corp,BATCH-6672,Outbound,699,667,13,5,896.48,1085.94,B1,Jack Taylor,Delayed,7,No,Passed,11
TXN102415,05-05-2025,Leeds Fulfillment,Liverpool,Fashion,Sneakers,ASDA Distribution,BATCH-1483,Outbound,800,473,34,7,1001.99,1670.5,A2,Charlie Davies,Delayed,10,No,Passed,17
TXN102416,03-04-2025,Liverpool Logistics,Newcastle,Fashion,Handbag,UK Retail Goods,BATCH-1198,Inbound,993,211,33,0,816.23,1221.17,D1,Charlie Davies,Delayed,8,No,Passed,12
TXN102417,24-11-2025,Liverpool Logistics,Birmingham,Electronics,Monitor,Prime Wholesale UK,BATCH-2628,Outbound,821,319,21,13,193.05,255.51,C2,Emily Harris,Delayed,7,No,Passed,1
TXN102418,24-01-2025,London Central Hub,Newcastle,Home Appliances,Mixer,Britannia Pharma,BATCH-4410,Inbound,730,155,2,15,412.97,738.0,D1,Jack Taylor,On Time,3,No,Passed,15
TXN102419,07-01-2025,Liverpool Logistics,Manchester,Fashion,Jeans,Prime Wholesale UK,BATCH-2322,Inbound,678,191,2,4,360.96,597.79,A2,Harry Johnson,Slightly Delayed,5,Yes,Passed,1
TXN102420,21-04-2026,Bristol Supply Hub,Manchester,Grocery,Tea Bags,Northern Supply Chain,BATCH-7801,Outbound,550,204,39,20,91.06,125.33,C1,Emily Harris,Slightly Delayed,5,Yes,Passed,0
TXN102421,06-10-2025,Liverpool Logistics,London,Fashion,Handbag,Tesco Supply Ltd,BATCH-2232,Outbound,275,197,11,14,413.27,560.67,A2,Noah Wilson,On Time,1,Yes,Passed,2
TXN102422,25-03-2026,Leeds Fulfillment,Liverpool,Pharma,Vitamin Tablets,Tesco Supply Ltd,BATCH-7189,Inbound,632,67,3,15,357.77,595.74,C1,George Brown,Delayed,7,Yes,Passed,3
TXN102423,31-08-2025,Bristol Supply Hub,London,Fashion,T-Shirt,Northern Supply Chain,BATCH-2004,Outbound,193,74,8,9,461.47,746.49,D2,Noah Wilson,Slightly Delayed,5,No,Passed,14
TXN102424,17-02-2026,Leeds Fulfillment,Newcastle,Home Appliances,Vacuum Cleaner,Tesco Supply Ltd,BATCH-2715,Inbound,124,52,7,17,145.86,166.57,D2,Oliver Smith,On Time,3,No,Passed,24
TXN102425,19-08-2025,Liverpool Logistics,Liverpool,Fashion,Sneakers,Northern Supply Chain,BATCH-8555,Outbound,526,346,27,10,649.53,882.88,C1,Emily Harris,Slightly Delayed,6,Yes,Passed,0
TXN102426,25-03-2025,London Central Hub,London,Home Appliances,Vacuum Cleaner,Britannia Pharma,BATCH-6174,Inbound,810,514,33,9,650.22,1103.54,B2,Jack Taylor,Slightly Delayed,6,Yes,Passed,0
TXN102427,28-06-2025,Newcastle Depot,Glasgow,Pharma,Vitamin Tablets,UK Retail Goods,BATCH-8113,Outbound,76,70,29,1,7.56,9.13,A2,Amelia Clark,Delayed,8,Yes,Passed,16
TXN102428,09-04-2025,Glasgow Warehouse,Birmingham,Grocery,Coffee,ASDA Distribution,BATCH-8777,Inbound,132,33,30,4,985.13,1521.3,D1,Noah Wilson,On Time,1,Yes,Passed,0
TXN102429,02-10-2025,Bristol Supply Hub,Manchester,Home Appliances,Mixer,ASDA Distribution,BATCH-3724,Outbound,851,786,16,17,1120.21,1893.2,A1,Jack Taylor,On Time,1,No,Failed,22
TXN102430,24-02-2025,Manchester Storage,London,Grocery,Rice Pack,ASDA Distribution,BATCH-8436,Outbound,457,183,29,15,156.61,183.23,D1,Noah Wilson,Delayed,8,No,Passed,4
TXN102431,07-01-2025,London Central Hub,Bristol,Electronics,Smartphone,Northern Supply Chain,BATCH-9617,Outbound,205,127,30,6,994.61,1408.49,C1,Amelia Clark,On Time,2,No,Passed,3
TXN102432,21-06-2025,Newcastle Depot,Leeds,Pharma,Bandages,Sainsbury Logistics,BATCH-6616,Inbound,957,260,22,19,1008.69,1411.57,C2,Emily Harris,Delayed,10,No,Passed,12
TXN102433,18-01-2025,Birmingham Distribution,Liverpool,Home Appliances,Air Fryer,Prime Wholesale UK,BATCH-1493,Inbound,784,513,14,18,451.84,619.75,C1,Oliver Smith,Delayed,7,No,Passed,22
TXN102434,09-11-2025,Liverpool Logistics,Birmingham,Electronics,Monitor,UK Retail Goods,BATCH-1949,Outbound,865,681,4,11,774.74,1268.52,D2,Emily Harris,Delayed,10,Yes,Failed,10
TXN102435,18-12-2025,Liverpool Logistics,Liverpool,Home Appliances,Air Fryer,Britannia Pharma,BATCH-2501,Outbound,127,109,5,11,768.17,1190.44,B1,Oliver Smith,Slightly Delayed,6,No,Passed,5
TXN102436,14-01-2025,London Central Hub,Glasgow,Home Appliances,Mixer,ASDA Distribution,BATCH-9552,Inbound,378,376,26,12,69.02,115.94,C1,Noah Wilson,Slightly Delayed,4,No,Failed,18
TXN102437,13-09-2025,Liverpool Logistics,Leeds,Grocery,Tea Bags,Prime Wholesale UK,BATCH-3375,Outbound,305,184,27,16,78.18,140.52,C1,Harry Johnson,Delayed,9,No,Passed,14
TXN102438,28-07-2025,Leeds Fulfillment,Birmingham,Fashion,Jeans,UK Retail Goods,BATCH-3294,Outbound,146,122,34,15,895.5,1136.38,B2,Jack Taylor,Delayed,10,No,Passed,0
TXN102439,21-01-2025,Glasgow Warehouse,Leeds,Home Appliances,Vacuum Cleaner,Sainsbury Logistics,BATCH-7187,Inbound,647,363,6,13,808.06,1205.71,D2,Emily Harris,Delayed,10,Yes,Passed,7
TXN102440,12-04-2026,Bristol Supply Hub,Liverpool,Electronics,Tablet,Britannia Pharma,BATCH-1115,Outbound,395,286,6,4,806.13,1423.38,A2,Emily Harris,Delayed,9,No,Passed,8
TXN102441,22-09-2025,Manchester Storage,Bristol,Fashion,T-Shirt,Sainsbury Logistics,BATCH-2090,Outbound,399,386,11,4,367.5,621.58,C2,Harry Johnson,Delayed,7,No,Passed,3
TXN102442,15-01-2025,Glasgow Warehouse,London,Grocery,Coffee,Tesco Supply Ltd,BATCH-6807,Outbound,754,692,9,20,666.28,885.75,C1,Charlie Davies,Delayed,8,Yes,Passed,15
TXN102443,02-03-2025,Bristol Supply Hub,London,Fashion,T-Shirt,Prime Wholesale UK,BATCH-9778,Inbound,369,293,29,16,361.25,454.49,B2,Charlie Davies,Slightly Delayed,4,No,Passed,17
TXN102444,02-10-2025,London Central Hub,Liverpool,Grocery,Cooking Oil,London Trade Corp,BATCH-5068,Outbound,992,282,23,4,347.89,614.87,A2,Emily Harris,Delayed,9,No,Passed,22
TXN102445,17-01-2025,Leeds Fulfillment,Newcastle,Pharma,Cough Syrup,UK Retail Goods,BATCH-2302,Inbound,467,74,16,3,128.33,209.94,B2,Charlie Davies,On Time,2,No,Passed,9
TXN102446,08-09-2025,Glasgow Warehouse,Bristol,Home Appliances,Mixer,London Trade Corp,BATCH-4188,Inbound,740,121,8,14,572.42,683.94,A2,Emily Harris,Delayed,8,No,Passed,8
TXN102447,01-11-2025,Birmingham Distribution,London,Fashion,Handbag,Northern Supply Chain,BATCH-5283,Inbound,981,278,0,16,7.38,9.11,D1,Charlie Davies,Delayed,9,No,Passed,1
TXN102448,12-10-2025,Birmingham Distribution,London,Grocery,Cereal,Sainsbury Logistics,BATCH-4899,Outbound,300,257,26,8,389.73,652.8,C2,Amelia Clark,Slightly Delayed,6,Yes,Passed,13
TXN102449,18-03-2026,London Central Hub,London,Electronics,Laptop,UK Retail Goods,BATCH-1000,Inbound,617,28,23,18,654.78,1026.95,C2,Noah Wilson,On Time,2,No,Passed,17
TXN102450,27-01-2025,Liverpool Logistics,London,Grocery,Cereal,Prime Wholesale UK,BATCH-2155,Inbound,456,288,30,20,196.5,315.81,A2,Amelia Clark,On Time,3,Yes,Failed,5
TXN102451,12-03-2026,Manchester Storage,London,Grocery,Cereal,Prime Wholesale UK,BATCH-1042,Inbound,528,213,25,5,139.85,180.18,D2,George Brown,Slightly Delayed,6,Yes,Failed,22
TXN102452,06-06-2025,Bristol Supply Hub,Liverpool,Home Appliances,Microwave,Prime Wholesale UK,BATCH-5412,Outbound,919,861,9,17,493.63,657.76,C2,Harry Johnson,Slightly Delayed,4,Yes,Passed,19
TXN102453,02-04-2026,Liverpool Logistics,Leeds,Grocery,Cooking Oil,Northern Supply Chain,BATCH-4531,Inbound,295,204,23,16,607.46,861.91,D1,Harry Johnson,On Time,3,Yes,Passed,11
TXN102454,04-01-2026,London Central Hub,Leeds,Pharma,Bandages,ASDA Distribution,BATCH-8022,Outbound,424,126,1,20,183.76,254.8,C2,George Brown,Slightly Delayed,5,Yes,Passed,5
TXN102455,11-02-2025,Manchester Storage,Newcastle,Fashion,Handbag,Sainsbury Logistics,BATCH-9410,Outbound,849,540,39,3,333.43,565.35,C2,Jack Taylor,Delayed,9,No,Passed,8
TXN102456,12-05-2026,London Central Hub,Newcastle,Home Appliances,Microwave,Sainsbury Logistics,BATCH-1350,Inbound,93,25,36,5,507.96,755.25,A1,Charlie Davies,Delayed,9,No,Passed,25
TXN102457,17-08-2025,Birmingham Distribution,Birmingham,Electronics,Laptop,London Trade Corp,BATCH-6633,Outbound,633,529,18,6,1157.48,1806.04,D1,Oliver Smith,Slightly Delayed,6,No,Passed,13
TXN102458,14-07-2025,Leeds Fulfillment,Birmingham,Home Appliances,Mixer,Britannia Pharma,BATCH-5676,Outbound,51,26,21,20,676.74,804.91,A1,Oliver Smith,Slightly Delayed,4,Yes,Failed,11
TXN102459,04-02-2026,Glasgow Warehouse,Newcastle,Electronics,Keyboard,Prime Wholesale UK,BATCH-3610,Outbound,759,60,25,20,540.92,647.64,D2,Emily Harris,Slightly Delayed,5,No,Passed,14
TXN102460,05-11-2025,Manchester Storage,London,Fashion,Jeans,Tesco Supply Ltd,BATCH-7841,Inbound,969,75,34,6,403.29,480.89,C1,Emily Harris,Delayed,9,No,Passed,20
TXN102461,11-06-2025,Newcastle Depot,Glasgow,Electronics,Keyboard,Prime Wholesale UK,BATCH-5082,Inbound,64,36,8,1,815.16,986.2,D1,George Brown,On Time,1,No,Passed,12
TXN102462,15-06-2025,Glasgow Warehouse,London,Pharma,Bandages,Northern Supply Chain,BATCH-7299,Outbound,418,392,22,11,170.84,248.79,D2,George Brown,Delayed,9,No,Failed,9
TXN102463,27-07-2025,Glasgow Warehouse,Liverpool,Home Appliances,Air Fryer,UK Retail Goods,BATCH-5681,Outbound,164,77,2,1,69.23,92.79,C2,George Brown,Slightly Delayed,5,No,Passed,20
TXN102464,10-07-2025,Bristol Supply Hub,Liverpool,Home Appliances,Microwave,UK Retail Goods,BATCH-8903,Inbound,344,253,0,9,982.82,1555.41,D1,Charlie Davies,Slightly Delayed,5,Yes,Passed,2
TXN102465,02-12-2025,Glasgow Warehouse,Leeds,Home Appliances,Mixer,Sainsbury Logistics,BATCH-3919,Inbound,654,423,7,6,644.11,907.3,B2,Noah Wilson,Slightly Delayed,6,Yes,Passed,9
TXN102466,17-03-2026,Bristol Supply Hub,Newcastle,Electronics,Keyboard,Prime Wholesale UK,BATCH-5825,Inbound,733,649,29,14,863.97,999.34,D1,Oliver Smith,On Time,1,No,Passed,17
TXN102467,25-04-2025,Leeds Fulfillment,Newcastle,Home Appliances,Mixer,Britannia Pharma,BATCH-4366,Outbound,936,627,33,10,726.32,1021.89,D2,Amelia Clark,Slightly Delayed,5,Yes,Passed,22
TXN102468,17-02-2026,Leeds Fulfillment,Glasgow,Home Appliances,Air Fryer,Tesco Supply Ltd,BATCH-9841,Outbound,133,70,40,2,842.23,1236.82,B2,Harry Johnson,Delayed,8,No,Passed,20
TXN102469,17-03-2026,Manchester Storage,Birmingham,Pharma,Vitamin Tablets,Northern Supply Chain,BATCH-1325,Outbound,793,88,28,18,884.59,1369.47,C2,Emily Harris,On Time,1,No,Passed,1
TXN102470,05-08-2025,Glasgow Warehouse,Manchester,Grocery,Cereal,Sainsbury Logistics,BATCH-7811,Inbound,820,329,21,19,443.99,725.37,B2,Oliver Smith,Delayed,8,No,Passed,16
TXN102471,16-04-2026,Birmingham Distribution,Liverpool,Grocery,Tea Bags,Britannia Pharma,BATCH-6370,Inbound,937,234,6,16,835.43,1060.36,B2,George Brown,Delayed,10,No,Passed,22
TXN102472,28-01-2026,Birmingham Distribution,Newcastle,Home Appliances,Mixer,Britannia Pharma,BATCH-4402,Outbound,817,205,18,11,386.51,560.42,A2,Jack Taylor,On Time,2,Yes,Passed,16
TXN102473,08-03-2025,Manchester Storage,London,Fashion,Jeans,Northern Supply Chain,BATCH-1047,Outbound,187,146,3,4,250.61,357.19,D1,Noah Wilson,On Time,1,No,Passed,8
TXN102474,12-05-2026,Liverpool Logistics,Glasgow,Grocery,Cooking Oil,Northern Supply Chain,BATCH-5550,Inbound,336,232,0,5,781.22,1387.84,D1,George Brown,Delayed,7,No,Failed,1
TXN102475,30-04-2026,Manchester Storage,Newcastle,Grocery,Coffee,Sainsbury Logistics,BATCH-4243,Outbound,204,44,23,2,326.44,505.29,C2,Oliver Smith,Slightly Delayed,4,No,Passed,23
TXN102476,20-06-2025,Newcastle Depot,Birmingham,Pharma,Cough Syrup,Sainsbury Logistics,BATCH-5202,Inbound,223,119,3,20,1060.93,1272.27,C2,Charlie Davies,Slightly Delayed,4,Yes,Passed,1
TXN102477,13-04-2026,Newcastle Depot,Glasgow,Fashion,Jacket,Sainsbury Logistics,BATCH-4216,Outbound,168,77,39,0,10.1,13.69,A1,Emily Harris,Delayed,9,Yes,Passed,24
TXN102478,18-09-2025,Manchester Storage,Birmingham,Pharma,Bandages,Britannia Pharma,BATCH-4438,Outbound,625,250,14,10,442.35,597.35,C1,Amelia Clark,Slightly Delayed,4,Yes,Passed,1
TXN102479,27-07-2025,London Central Hub,Leeds,Pharma,Cough Syrup,Tesco Supply Ltd,BATCH-5980,Outbound,550,233,12,16,8.94,13.74,D2,Charlie Davies,On Time,3,Yes,Passed,3
TXN102480,27-01-2026,London Central Hub,Bristol,Fashion,Sneakers,London Trade Corp,BATCH-9763,Outbound,65,41,26,12,419.68,556.61,D2,George Brown,Delayed,10,Yes,Passed,6
TXN102481,21-10-2025,London Central Hub,Bristol,Grocery,Coffee,Prime Wholesale UK,BATCH-2650,Inbound,236,30,16,7,26.68,36.81,D1,Noah Wilson,On Time,2,No,Passed,18
TXN102482,25-02-2025,Birmingham Distribution,Liverpool,Electronics,Laptop,Sainsbury Logistics,BATCH-7736,Inbound,915,328,9,1,1171.22,1414.59,C1,Oliver Smith,Delayed,7,Yes,Passed,20
TXN102483,03-05-2025,Liverpool Logistics,Birmingham,Pharma,Cough Syrup,Tesco Supply Ltd,BATCH-1247,Inbound,355,89,9,8,887.2,1072.93,A2,Noah Wilson,Slightly Delayed,5,Yes,Passed,14
TXN102484,18-10-2025,Liverpool Logistics,Glasgow,Home Appliances,Vacuum Cleaner,UK Retail Goods,BATCH-3650,Outbound,607,184,16,7,402.83,623.78,D1,Harry Johnson,Delayed,8,No,Passed,13
TXN102485,29-01-2025,Newcastle Depot,Newcastle,Grocery,Cereal,London Trade Corp,BATCH-4531,Outbound,337,285,17,13,883.63,1466.73,A2,Jack Taylor,Slightly Delayed,5,Yes,Failed,17
TXN102486,12-07-2025,Newcastle Depot,Liverpool,Grocery,Rice Pack,ASDA Distribution,BATCH-6478,Outbound,707,496,2,19,69.24,88.09,D2,George Brown,Slightly Delayed,4,No,Passed,2
TXN102487,20-10-2025,Newcastle Depot,Newcastle,Fashion,Jeans,UK Retail Goods,BATCH-9911,Inbound,489,115,37,4,353.32,589.39,C1,Noah Wilson,Delayed,9,Yes,Passed,2
TXN102488,14-03-2026,Manchester Storage,Liverpool,Pharma,Bandages,London Trade Corp,BATCH-3893,Inbound,220,172,10,5,227.36,275.66,B2,Charlie Davies,Delayed,9,Yes,Passed,12
TXN102489,26-03-2026,Manchester Storage,Leeds,Grocery,Tea Bags,Britannia Pharma,BATCH-2219,Inbound,747,48,37,9,1103.65,1846.12,C1,Charlie Davies,On Time,1,Yes,Passed,5
TXN102490,23-04-2025,Liverpool Logistics,Glasgow,Home Appliances,Vacuum Cleaner,Tesco Supply Ltd,BATCH-5580,Outbound,307,209,24,14,812.04,1190.19,B1,Noah Wilson,Delayed,10,Yes,Passed,20
TXN102491,17-04-2025,Newcastle Depot,Glasgow,Fashion,Sneakers,ASDA Distribution,BATCH-1354,Outbound,165,110,12,10,665.62,1110.73,B2,Oliver Smith,Slightly Delayed,4,No,Passed,10
TXN102492,19-02-2026,Birmingham Distribution,Liverpool,Home Appliances,Air Fryer,Sainsbury Logistics,BATCH-4130,Inbound,420,312,22,1,612.98,1099.63,A1,Emily Harris,Slightly Delayed,6,Yes,Failed,17
TXN102493,26-05-2025,Glasgow Warehouse,Birmingham,Fashion,Jacket,ASDA Distribution,BATCH-5405,Inbound,620,466,38,9,606.03,793.04,C2,Amelia Clark,Delayed,8,No,Passed,1
TXN102494,18-01-2026,Birmingham Distribution,Glasgow,Home Appliances,Air Fryer,Britannia Pharma,BATCH-2692,Inbound,635,159,8,14,1014.11,1729.22,A1,Charlie Davies,On Time,1,No,Passed,23
TXN102495,04-04-2026,London Central Hub,Leeds,Fashion,Jeans,Tesco Supply Ltd,BATCH-6129,Outbound,719,330,4,4,510.27,707.09,C1,Emily Harris,Delayed,7,Yes,Passed,7
TXN102496,16-05-2026,London Central Hub,Bristol,Grocery,Tea Bags,London Trade Corp,BATCH-5434,Inbound,891,293,10,9,1011.66,1342.91,B1,Amelia Clark,Slightly Delayed,4,Yes,Passed,9
TXN102497,08-04-2025,London Central Hub,Manchester,Grocery,Coffee,London Trade Corp,BATCH-7738,Inbound,939,80,13,15,90.08,108.51,A1,Charlie Davies,Slightly Delayed,5,Yes,Passed,23
TXN102498,09-10-2025,Bristol Supply Hub,Newcastle,Electronics,Tablet,Northern Supply Chain,BATCH-5759,Outbound,217,113,10,12,334.38,471.79,B1,Amelia Clark,Delayed,8,Yes,Passed,1
TXN102499,11-03-2025,Leeds Fulfillment,London,Fashion,Jacket,London Trade Corp,BATCH-7418,Outbound,521,288,5,1,879.43,1418.71,B1,Harry Johnson,On Time,2,Yes,Passed,23
TXN102500,03-12-2025,London Central Hub,Newcastle,Home Appliances,Air Fryer,Sainsbury Logistics,BATCH-4151,Inbound,364,320,1,0,338.96,511.46,C1,George Brown,On Time,1,Yes,Failed,9
TXN102501,07-02-2025,London Central Hub,Leeds,Home Appliances,Vacuum Cleaner,UK Retail Goods,BATCH-2229,Inbound,66,65,26,9,72.64,93.37,C2,Charlie Davies,On Time,3,Yes,Passed,6
TXN102502,08-01-2025,Newcastle Depot,Glasgow,Electronics,Smartphone,ASDA Distribution,BATCH-5379,Inbound,795,554,32,14,661.81,746.01,C1,Noah Wilson,Delayed,7,No,Passed,2
TXN102503,31-08-2025,Birmingham Distribution,Manchester,Pharma,Bandages,London Trade Corp,BATCH-4773,Outbound,71,56,22,3,322.67,384.66,A2,Harry Johnson,Delayed,8,No,Passed,3
TXN102504,12-05-2025,Glasgow Warehouse,Liverpool,Electronics,Laptop,Britannia Pharma,BATCH-2832,Inbound,978,746,27,5,1038.7,1484.94,D1,Harry Johnson,On Time,2,No,Passed,10
TXN102505,12-09-2025,Manchester Storage,Birmingham,Electronics,Smartphone,Sainsbury Logistics,BATCH-1112,Outbound,764,530,11,10,420.58,498.4,B1,Charlie Davies,On Time,1,Yes,Passed,17
TXN102506,04-01-2026,Bristol Supply Hub,Birmingham,Pharma,Cough Syrup,London Trade Corp,BATCH-4772,Inbound,883,761,11,9,1112.05,1650.46,D1,Oliver Smith,Delayed,7,Yes,Passed,21
TXN102507,20-02-2025,Leeds Fulfillment,London,Electronics,Keyboard,Tesco Supply Ltd,BATCH-9275,Inbound,803,690,39,18,288.87,332.8,B1,Emily Harris,Delayed,10,Yes,Failed,25
TXN102508,11-01-2026,Leeds Fulfillment,Birmingham,Home Appliances,Vacuum Cleaner,London Trade Corp,BATCH-5336,Inbound,727,678,11,16,627.34,1066.69,C1,Charlie Davies,Slightly Delayed,5,Yes,Passed,4
TXN102509,14-03-2026,Bristol Supply Hub,Leeds,Fashion,T-Shirt,ASDA Distribution,BATCH-2360,Inbound,316,108,30,7,641.39,1024.22,C2,Harry Johnson,Delayed,10,Yes,Passed,18
TXN102510,13-11-2025,Bristol Supply Hub,Newcastle,Grocery,Tea Bags,Prime Wholesale UK,BATCH-9316,Inbound,201,89,12,0,884.43,1277.91,A1,Emily Harris,Delayed,8,Yes,Passed,16
TXN102511,08-04-2025,Manchester Storage,Glasgow,Grocery,Coffee,Prime Wholesale UK,BATCH-3923,Inbound,105,84,39,7,761.5,882.02,B1,Noah Wilson,Slightly Delayed,4,No,Passed,12
TXN102512,29-10-2025,Glasgow Warehouse,Manchester,Electronics,Monitor,Sainsbury Logistics,BATCH-7248,Outbound,708,187,1,2,538.23,959.24,A1,Amelia Clark,On Time,3,No,Passed,24
TXN102513,16-01-2026,Newcastle Depot,Bristol,Electronics,Laptop,Prime Wholesale UK,BATCH-4544,Outbound,921,40,35,8,6.97,8.83,A1,Amelia Clark,On Time,1,Yes,Passed,25
TXN102514,26-12-2025,Newcastle Depot,Bristol,Grocery,Cooking Oil,Tesco Supply Ltd,BATCH-6576,Outbound,885,617,38,20,1164.36,1316.69,A1,Oliver Smith,Delayed,7,Yes,Passed,10
TXN102515,25-01-2025,London Central Hub,Glasgow,Electronics,Keyboard,London Trade Corp,BATCH-8062,Outbound,104,90,13,1,502.23,771.09,C1,Harry Johnson,Slightly Delayed,6,No,Passed,24
TXN102516,02-11-2025,London Central Hub,Newcastle,Electronics,Tablet,Northern Supply Chain,BATCH-2510,Inbound,317,128,26,2,473.96,644.71,A2,Jack Taylor,On Time,3,Yes,Passed,13
TXN102517,23-05-2025,Manchester Storage,Manchester,Fashion,Handbag,Prime Wholesale UK,BATCH-8134,Outbound,319,27,15,4,1005.91,1172.46,C2,Charlie Davies,Delayed,8,Yes,Passed,22
TXN102518,20-06-2025,Glasgow Warehouse,Birmingham,Electronics,Smartphone,Sainsbury Logistics,BATCH-6279,Inbound,242,231,31,10,771.81,956.55,B2,Amelia Clark,On Time,2,Yes,Passed,6
TXN102519,28-03-2026,Glasgow Warehouse,Liverpool,Home Appliances,Mixer,London Trade Corp,BATCH-2228,Outbound,268,128,31,9,668.48,942.2,B2,Jack Taylor,Slightly Delayed,6,No,Passed,9
TXN102520,23-01-2025,London Central Hub,Liverpool,Grocery,Cereal,Prime Wholesale UK,BATCH-9843,Inbound,189,147,0,16,130.06,148.23,A1,Harry Johnson,Delayed,9,Yes,Passed,7
TXN102521,05-01-2025,London Central Hub,Newcastle,Grocery,Rice Pack,London Trade Corp,BATCH-9012,Outbound,564,175,15,8,1088.42,1816.49,A2,Amelia Clark,Delayed,7,No,Passed,2
TXN102522,25-04-2025,Leeds Fulfillment,Bristol,Home Appliances,Mixer,ASDA Distribution,BATCH-8113,Inbound,560,425,16,9,322.7,490.33,B1,George Brown,Slightly Delayed,5,No,Passed,22
TXN102523,28-03-2025,London Central Hub,Birmingham,Fashion,Jeans,Britannia Pharma,BATCH-7754,Outbound,491,73,1,10,325.94,506.42,C2,George Brown,On Time,1,Yes,Passed,22
TXN102524,22-10-2025,Liverpool Logistics,Newcastle,Home Appliances,Microwave,Britannia Pharma,BATCH-6771,Inbound,442,296,32,12,1084.35,1855.85,A2,Oliver Smith,Delayed,10,Yes,Failed,7
TXN102525,25-04-2025,Liverpool Logistics,Newcastle,Home Appliances,Microwave,UK Retail Goods,BATCH-7188,Inbound,619,471,26,2,942.95,1237.73,A1,Charlie Davies,Slightly Delayed,5,No,Passed,10
TXN102526,01-12-2025,London Central Hub,London,Grocery,Tea Bags,Sainsbury Logistics,BATCH-5677,Inbound,667,333,28,12,905.74,1062.69,D2,Charlie Davies,Slightly Delayed,4,Yes,Passed,6
TXN102527,27-02-2025,Bristol Supply Hub,Newcastle,Pharma,Bandages,Northern Supply Chain,BATCH-1074,Outbound,791,694,5,10,87.92,156.81,A1,Harry Johnson,On Time,3,Yes,Passed,12
TXN102528,10-03-2026,Birmingham Distribution,Liverpool,Fashion,Sneakers,London Trade Corp,BATCH-5104,Inbound,567,476,32,5,848.29,1009.98,C1,Jack Taylor,Slightly Delayed,6,No,Passed,0
TXN102529,13-07-2025,Bristol Supply Hub,London,Grocery,Cereal,ASDA Distribution,BATCH-5218,Outbound,613,428,12,16,1060.88,1314.37,D1,Oliver Smith,Slightly Delayed,5,Yes,Failed,19
TXN102530,12-01-2025,Newcastle Depot,Manchester,Fashion,Sneakers,Tesco Supply Ltd,BATCH-5775,Outbound,280,113,35,7,1039.62,1394.33,D1,Oliver Smith,Slightly Delayed,4,Yes,Passed,11
TXN102531,06-02-2025,Birmingham Distribution,Leeds,Electronics,Keyboard,London Trade Corp,BATCH-5478,Inbound,777,672,14,7,1116.23,1444.41,B2,Noah Wilson,Slightly Delayed,6,No,Passed,17
TXN102532,16-02-2026,Liverpool Logistics,Birmingham,Home Appliances,Mixer,Tesco Supply Ltd,BATCH-4276,Outbound,361,353,31,9,177.92,239.31,A1,Oliver Smith,Delayed,8,No,Failed,16
TXN102533,13-05-2026,Newcastle Depot,Bristol,Fashion,T-Shirt,Tesco Supply Ltd,BATCH-4603,Outbound,507,463,21,10,5.7,9.37,D2,Noah Wilson,Slightly Delayed,4,Yes,Passed,12
TXN102534,02-03-2026,Liverpool Logistics,Birmingham,Electronics,Smartphone,London Trade Corp,BATCH-8155,Outbound,235,84,30,8,106.02,143.06,A2,Jack Taylor,On Time,2,Yes,Passed,22
TXN102535,15-12-2025,Newcastle Depot,Newcastle,Pharma,Vitamin Tablets,UK Retail Goods,BATCH-1985,Outbound,476,174,34,10,94.86,139.37,A2,Jack Taylor,Delayed,8,No,Passed,0
TXN102536,01-02-2025,Birmingham Distribution,Glasgow,Electronics,Monitor,Northern Supply Chain,BATCH-9368,Inbound,735,281,5,19,456.53,510.38,C2,Amelia Clark,On Time,1,Yes,Passed,14
TXN102537,10-03-2025,Newcastle Depot,Manchester,Home Appliances,Vacuum Cleaner,Britannia Pharma,BATCH-6645,Inbound,690,590,30,15,576.86,767.19,B2,Emily Harris,On Time,1,No,Passed,21
TXN102538,09-05-2026,Liverpool Logistics,Bristol,Electronics,Tablet,Prime Wholesale UK,BATCH-6930,Outbound,594,187,26,11,958.17,1486.51,B1,Emily Harris,Delayed,7,No,Passed,24
TXN102539,23-01-2026,Liverpool Logistics,Newcastle,Pharma,Cough Syrup,London Trade Corp,BATCH-6865,Outbound,740,284,0,7,936.0,1412.33,B2,Amelia Clark,Delayed,9,No,Failed,20
TXN102540,11-09-2025,Glasgow Warehouse,Liverpool,Grocery,Cooking Oil,Tesco Supply Ltd,BATCH-2115,Outbound,752,70,37,8,528.45,703.99,D1,George Brown,Slightly Delayed,5,No,Failed,1
TXN102541,12-03-2026,Liverpool Logistics,Leeds,Pharma,Vitamin Tablets,Britannia Pharma,BATCH-4681,Inbound,573,573,21,4,1040.05,1522.25,B1,Emily Harris,On Time,2,Yes,Failed,17
TXN102542,24-02-2026,London Central Hub,Leeds,Pharma,Cough Syrup,Northern Supply Chain,BATCH-9446,Outbound,326,110,17,1,191.23,330.43,A1,Emily Harris,Slightly Delayed,5,No,Failed,6
TXN102543,17-08-2025,Liverpool Logistics,Newcastle,Pharma,Vitamin Tablets,ASDA Distribution,BATCH-6593,Outbound,549,189,19,14,967.23,1134.1,A2,Amelia Clark,Slightly Delayed,6,Yes,Passed,2
TXN102544,02-02-2025,Liverpool Logistics,Manchester,Fashion,Jeans,ASDA Distribution,BATCH-7517,Outbound,437,262,5,7,891.75,1431.92,D1,Harry Johnson,Slightly Delayed,4,No,Passed,5
TXN102545,30-03-2025,Manchester Storage,Birmingham,Pharma,Bandages,Sainsbury Logistics,BATCH-6112,Outbound,682,578,33,18,773.44,1084.45,B1,George Brown,Delayed,7,No,Failed,15
TXN102546,23-11-2025,Glasgow Warehouse,Newcastle,Fashion,Handbag,Sainsbury Logistics,BATCH-6471,Outbound,483,245,2,14,127.49,215.39,C2,George Brown,On Time,2,Yes,Passed,10
TXN102547,02-02-2026,Leeds Fulfillment,Glasgow,Grocery,Cereal,Britannia Pharma,BATCH-3106,Outbound,564,76,1,19,230.98,376.71,D2,Harry Johnson,Slightly Delayed,4,Yes,Passed,11
TXN102548,16-08-2025,London Central Hub,Newcastle,Pharma,Vitamin Tablets,Tesco Supply Ltd,BATCH-8123,Outbound,928,205,4,17,140.36,209.99,D2,Amelia Clark,On Time,2,Yes,Passed,3
TXN102549,01-04-2026,Glasgow Warehouse,Glasgow,Grocery,Rice Pack,Tesco Supply Ltd,BATCH-4652,Outbound,862,420,19,10,296.33,366.71,B2,Noah Wilson,Delayed,7,Yes,Passed,23
TXN102550,05-02-2025,Glasgow Warehouse,Newcastle,Electronics,Laptop,Prime Wholesale UK,BATCH-1692,Inbound,152,61,21,9,839.24,1188.2,A2,Emily Harris,Delayed,10,Yes,Passed,11
TXN102551,15-02-2026,Glasgow Warehouse,Leeds,Fashion,Handbag,London Trade Corp,BATCH-7362,Inbound,723,148,23,17,239.43,270.26,D1,Emily Harris,Slightly Delayed,5,Yes,Failed,13
TXN102552,05-04-2026,Manchester Storage,London,Home Appliances,Air Fryer,Northern Supply Chain,BATCH-4178,Inbound,290,234,40,9,1179.65,1555.17,D1,Emily Harris,Slightly Delayed,5,Yes,Passed,18
TXN102553,17-03-2025,Birmingham Distribution,Manchester,Grocery,Rice Pack,ASDA Distribution,BATCH-3865,Outbound,436,383,1,8,173.02,310.5,D2,Jack Taylor,Slightly Delayed,5,Yes,Passed,20
TXN102554,13-01-2026,Newcastle Depot,Birmingham,Pharma,Paracetamol,ASDA Distribution,BATCH-2546,Inbound,491,328,30,17,1080.1,1233.29,A1,Noah Wilson,Delayed,10,Yes,Passed,23
TXN102555,15-11-2025,Leeds Fulfillment,Newcastle,Home Appliances,Vacuum Cleaner,Northern Supply Chain,BATCH-2288,Outbound,651,630,2,3,446.05,491.46,A1,Amelia Clark,Slightly Delayed,6,Yes,Passed,7
TXN102556,24-09-2025,Liverpool Logistics,Manchester,Electronics,Smartphone,Britannia Pharma,BATCH-4460,Inbound,794,51,0,10,820.17,1302.34,D1,Oliver Smith,Delayed,7,No,Passed,15
TXN102557,20-06-2025,Birmingham Distribution,Manchester,Pharma,Vitamin Tablets,Prime Wholesale UK,BATCH-2765,Outbound,240,46,6,3,1092.47,1464.81,A1,Harry Johnson,Delayed,10,Yes,Passed,12
TXN102558,16-05-2026,Liverpool Logistics,Bristol,Pharma,Paracetamol,Tesco Supply Ltd,BATCH-1447,Inbound,551,446,20,18,158.95,275.96,D1,Oliver Smith,Slightly Delayed,6,Yes,Passed,24
TXN102559,08-11-2025,Liverpool Logistics,Leeds,Electronics,Smartphone,Prime Wholesale UK,BATCH-4400,Inbound,965,863,13,13,26.56,36.37,A1,Oliver Smith,Slightly Delayed,4,No,Passed,1
TXN102560,23-04-2025,Glasgow Warehouse,Bristol,Electronics,Smartphone,Sainsbury Logistics,BATCH-6050,Inbound,251,105,12,20,1181.44,1953.77,C1,Emily Harris,Slightly Delayed,6,Yes,Passed,8
TXN102561,19-10-2025,Birmingham Distribution,Leeds,Fashion,Sneakers,Tesco Supply Ltd,BATCH-6455,Outbound,614,358,20,11,1177.99,1376.0,C1,Harry Johnson,Delayed,7,Yes,Passed,20
TXN102562,07-02-2025,Bristol Supply Hub,Newcastle,Home Appliances,Vacuum Cleaner,Prime Wholesale UK,BATCH-1435,Outbound,428,121,36,3,753.99,953.13,B1,Harry Johnson,Delayed,10,No,Passed,21
TXN102563,17-01-2025,Birmingham Distribution,Glasgow,Home Appliances,Air Fryer,London Trade Corp,BATCH-8930,Inbound,593,63,16,6,729.3,875.95,A1,Noah Wilson,On Time,1,No,Failed,0
TXN102564,29-07-2025,Leeds Fulfillment,Glasgow,Grocery,Tea Bags,UK Retail Goods,BATCH-2008,Outbound,532,231,5,4,66.83,118.76,C1,Emily Harris,Delayed,9,Yes,Passed,25
TXN102565,08-01-2025,Manchester Storage,Manchester,Grocery,Coffee,UK Retail Goods,BATCH-7328,Inbound,72,66,37,11,831.18,982.72,D2,Oliver Smith,Slightly Delayed,5,Yes,Passed,1
TXN102566,19-04-2026,Leeds Fulfillment,Glasgow,Pharma,Cough Syrup,Sainsbury Logistics,BATCH-6215,Outbound,361,356,6,4,820.01,1283.98,B2,Amelia Clark,Delayed,9,Yes,Passed,10
TXN102567,05-10-2025,Manchester Storage,London,Pharma,Bandages,UK Retail Goods,BATCH-3116,Inbound,130,54,17,3,1124.44,1758.86,C2,George Brown,Delayed,10,No,Passed,3
TXN102568,20-01-2026,Bristol Supply Hub,Glasgow,Fashion,T-Shirt,Sainsbury Logistics,BATCH-7739,Inbound,162,48,6,9,620.55,784.33,B1,Harry Johnson,Slightly Delayed,5,No,Passed,25
TXN102569,30-12-2025,London Central Hub,Manchester,Fashion,Handbag,Northern Supply Chain,BATCH-8450,Outbound,355,284,5,20,77.12,88.99,C2,Charlie Davies,On Time,3,No,Passed,20
TXN102570,16-09-2025,Leeds Fulfillment,Liverpool,Fashion,Jeans,Britannia Pharma,BATCH-5612,Outbound,241,76,35,20,959.59,1716.83,B1,George Brown,Delayed,7,Yes,Passed,23
TXN102571,03-02-2026,Glasgow Warehouse,Glasgow,Fashion,Sneakers,Tesco Supply Ltd,BATCH-5429,Inbound,728,637,3,10,1177.78,1718.04,A2,Amelia Clark,Delayed,10,Yes,Passed,12
TXN102572,28-08-2025,Manchester Storage,London,Grocery,Coffee,London Trade Corp,BATCH-2303,Outbound,506,271,11,2,36.4,52.83,D2,Harry Johnson,On Time,3,No,Passed,10
TXN102573,15-11-2025,Liverpool Logistics,Glasgow,Pharma,Paracetamol,Sainsbury Logistics,BATCH-3256,Inbound,615,339,37,11,863.23,1426.95,D2,Noah Wilson,On Time,3,Yes,Passed,17
TXN102574,06-12-2025,Birmingham Distribution,Manchester,Pharma,Vitamin Tablets,Prime Wholesale UK,BATCH-3823,Outbound,320,288,30,20,805.65,1205.71,C2,Harry Johnson,On Time,1,Yes,Passed,23
TXN102575,06-05-2025,Glasgow Warehouse,Bristol,Pharma,Vitamin Tablets,Sainsbury Logistics,BATCH-7109,Inbound,83,59,40,10,1010.01,1475.61,A1,Noah Wilson,On Time,2,Yes,Passed,4
TXN102576,04-06-2025,Birmingham Distribution,Manchester,Pharma,Paracetamol,Britannia Pharma,BATCH-5068,Outbound,274,24,0,3,140.18,160.67,D2,Oliver Smith,Delayed,7,No,Passed,10
TXN102577,28-01-2025,Newcastle Depot,Bristol,Home Appliances,Vacuum Cleaner,Prime Wholesale UK,BATCH-9489,Outbound,806,156,30,15,33.13,51.76,B1,Charlie Davies,Delayed,7,No,Passed,21
TXN102578,20-12-2025,Leeds Fulfillment,Bristol,Home Appliances,Air Fryer,Prime Wholesale UK,BATCH-3750,Outbound,713,333,4,2,257.97,286.55,D1,Noah Wilson,Delayed,8,Yes,Passed,18
TXN102579,13-09-2025,Glasgow Warehouse,Birmingham,Fashion,Handbag,Sainsbury Logistics,BATCH-1745,Inbound,76,22,28,3,1093.33,1674.07,A2,George Brown,Slightly Delayed,5,No,Passed,25
TXN102580,18-04-2025,Manchester Storage,Leeds,Electronics,Smartphone,UK Retail Goods,BATCH-4476,Inbound,195,52,23,18,871.35,1102.11,D1,Harry Johnson,On Time,3,No,Passed,12
TXN102581,06-11-2025,Glasgow Warehouse,Manchester,Home Appliances,Air Fryer,ASDA Distribution,BATCH-2928,Outbound,364,177,26,18,586.44,845.3,D2,Emily Harris,On Time,2,Yes,Failed,7
TXN102582,25-07-2025,Bristol Supply Hub,Leeds,Home Appliances,Mixer,Sainsbury Logistics,BATCH-4444,Outbound,985,221,31,3,389.75,529.38,B1,Jack Taylor,Delayed,9,No,Passed,25
TXN102583,28-11-2025,Glasgow Warehouse,London,Home Appliances,Microwave,Tesco Supply Ltd,BATCH-6848,Outbound,778,405,37,6,537.95,897.68,A2,Harry Johnson,Delayed,8,No,Passed,16
TXN102584,05-11-2025,Leeds Fulfillment,Leeds,Pharma,Cough Syrup,UK Retail Goods,BATCH-8234,Inbound,335,45,3,4,881.29,1478.55,D1,Amelia Clark,Delayed,9,No,Passed,1
TXN102585,04-02-2025,Newcastle Depot,Newcastle,Pharma,Cough Syrup,UK Retail Goods,BATCH-5847,Outbound,601,426,29,3,147.84,216.85,D2,Jack Taylor,Delayed,7,No,Passed,14
TXN102586,25-11-2025,Manchester Storage,Manchester,Home Appliances,Microwave,London Trade Corp,BATCH-7805,Outbound,433,378,8,14,1075.69,1704.03,C2,Jack Taylor,Slightly Delayed,4,Yes,Passed,6
TXN102587,06-01-2026,London Central Hub,Newcastle,Pharma,Cough Syrup,Prime Wholesale UK,BATCH-1905,Outbound,692,668,22,10,795.94,1208.25,C2,Charlie Davies,On Time,1,Yes,Passed,0
TXN102588,28-10-2025,Birmingham Distribution,Glasgow,Electronics,Laptop,Northern Supply Chain,BATCH-8336,Inbound,546,220,6,8,129.67,185.37,C1,Oliver Smith,Slightly Delayed,6,No,Passed,11
TXN102589,14-06-2025,Bristol Supply Hub,Leeds,Pharma,Vitamin Tablets,Sainsbury Logistics,BATCH-5418,Inbound,384,73,31,15,350.02,515.32,D2,Jack Taylor,Delayed,7,Yes,Passed,16
TXN102590,09-04-2026,London Central Hub,Newcastle,Grocery,Cooking Oil,Sainsbury Logistics,BATCH-7160,Outbound,74,31,8,1,333.86,368.07,B1,Oliver Smith,Slightly Delayed,5,Yes,Passed,23
TXN102591,11-07-2025,Liverpool Logistics,Birmingham,Pharma,Bandages,ASDA Distribution,BATCH-6611,Outbound,479,44,39,13,544.44,687.25,B2,George Brown,On Time,3,Yes,Passed,11
TXN102592,11-12-2025,Glasgow Warehouse,Leeds,Electronics,Monitor,Britannia Pharma,BATCH-6754,Inbound,795,375,2,12,1072.84,1471.71,B2,Amelia Clark,On Time,2,No,Passed,18
TXN102593,26-07-2025,Leeds Fulfillment,London,Pharma,Paracetamol,Northern Supply Chain,BATCH-3355,Inbound,155,26,2,5,44.66,66.94,B1,Harry Johnson,Delayed,8,No,Passed,3
TXN102594,28-07-2025,Bristol Supply Hub,Glasgow,Fashion,Sneakers,UK Retail Goods,BATCH-2320,Outbound,177,174,24,15,710.34,870.3,B2,Jack Taylor,Delayed,10,Yes,Passed,5
TXN102595,23-08-2025,Birmingham Distribution,Newcastle,Electronics,Monitor,Britannia Pharma,BATCH-6447,Inbound,896,67,18,6,99.01,156.37,D1,Emily Harris,Delayed,8,No,Passed,5
TXN102596,08-12-2025,Newcastle Depot,Liverpool,Home Appliances,Air Fryer,Tesco Supply Ltd,BATCH-2934,Inbound,83,30,31,12,1181.45,1871.02,A2,Noah Wilson,Delayed,8,Yes,Failed,20
TXN102597,17-03-2025,Newcastle Depot,Glasgow,Pharma,Vitamin Tablets,Tesco Supply Ltd,BATCH-5419,Outbound,753,614,9,6,637.91,864.29,A1,Amelia Clark,On Time,3,Yes,Passed,20
TXN102598,09-03-2026,Birmingham Distribution,Bristol,Grocery,Coffee,ASDA Distribution,BATCH-7488,Outbound,335,301,39,12,660.92,916.59,C2,Jack Taylor,Slightly Delayed,5,Yes,Passed,14
TXN102599,10-12-2025,Bristol Supply Hub,London,Home Appliances,Vacuum Cleaner,Britannia Pharma,BATCH-8759,Outbound,251,188,37,18,565.25,674.11,A2,Oliver Smith,Slightly Delayed,5,Yes,Passed,19
TXN102600,12-04-2025,London Central Hub,Birmingham,Fashion,Sneakers,Northern Supply Chain,BATCH-8510,Inbound,319,170,5,18,899.14,1465.87,C2,Oliver Smith,Slightly Delayed,5,Yes,Passed,10
TXN102601,18-02-2026,Leeds Fulfillment,Glasgow,Fashion,Jeans,ASDA Distribution,BATCH-2393,Inbound,293,250,11,8,479.4,617.45,D1,Charlie Davies,Slightly Delayed,6,No,Passed,23
TXN102602,21-02-2026,Glasgow Warehouse,Manchester,Grocery,Cooking Oil,Sainsbury Logistics,BATCH-6695,Inbound,932,210,25,15,728.22,1188.72,D2,George Brown,On Time,2,Yes,Passed,12
TXN102603,12-05-2025,Newcastle Depot,Glasgow,Home Appliances,Microwave,Prime Wholesale UK,BATCH-7394,Inbound,192,57,8,19,174.73,234.79,D2,Amelia Clark,Delayed,9,No,Passed,21
TXN102604,16-05-2026,Liverpool Logistics,Bristol,Fashion,Jeans,Northern Supply Chain,BATCH-1230,Outbound,213,191,16,11,1009.58,1745.26,B2,Noah Wilson,Delayed,9,No,Failed,1
TXN102605,30-06-2025,Birmingham Distribution,Bristol,Home Appliances,Vacuum Cleaner,Northern Supply Chain,BATCH-9559,Outbound,800,219,30,16,265.68,450.38,D1,Oliver Smith,On Time,2,Yes,Passed,15
TXN102606,06-09-2025,London Central Hub,Liverpool,Home Appliances,Microwave,Northern Supply Chain,BATCH-1258,Outbound,477,191,15,1,35.17,43.28,D2,Oliver Smith,On Time,3,Yes,Failed,17
TXN102607,16-02-2026,Newcastle Depot,Birmingham,Electronics,Tablet,Prime Wholesale UK,BATCH-4730,Inbound,966,247,28,2,321.51,507.2,B1,Amelia Clark,Slightly Delayed,4,No,Passed,18
TXN102608,27-04-2026,Liverpool Logistics,Birmingham,Pharma,Cough Syrup,Britannia Pharma,BATCH-1487,Outbound,211,147,26,4,734.84,1183.28,B1,Harry Johnson,Slightly Delayed,4,No,Passed,19
TXN102609,04-11-2025,London Central Hub,Leeds,Home Appliances,Mixer,Tesco Supply Ltd,BATCH-4405,Inbound,695,446,4,16,35.42,58.78,D1,George Brown,On Time,1,No,Passed,4
TXN102610,08-09-2025,Birmingham Distribution,Newcastle,Pharma,Cough Syrup,Sainsbury Logistics,BATCH-4037,Inbound,387,85,11,15,434.47,556.68,A2,Charlie Davies,Delayed,7,No,Passed,7
TXN102611,18-10-2025,Newcastle Depot,Leeds,Grocery,Coffee,London Trade Corp,BATCH-2582,Inbound,101,32,25,19,1038.78,1279.07,D1,Charlie Davies,On Time,3,Yes,Failed,13
TXN102612,13-04-2025,Bristol Supply Hub,London,Electronics,Keyboard,London Trade Corp,BATCH-8606,Outbound,458,108,18,18,941.0,1613.93,B1,Amelia Clark,Slightly Delayed,4,No,Passed,23
TXN102613,04-12-2025,Birmingham Distribution,Liverpool,Pharma,Bandages,ASDA Distribution,BATCH-2429,Outbound,117,107,5,16,107.43,186.8,D1,Charlie Davies,On Time,3,No,Passed,1
TXN102614,23-08-2025,Bristol Supply Hub,Glasgow,Fashion,Jeans,London Trade Corp,BATCH-2232,Outbound,493,317,32,10,1196.29,1975.6,D1,Emily Harris,Delayed,7,No,Failed,1
TXN102615,18-12-2025,Leeds Fulfillment,Liverpool,Grocery,Cooking Oil,Prime Wholesale UK,BATCH-1074,Outbound,252,116,17,9,688.66,1033.92,B2,Jack Taylor,Slightly Delayed,6,Yes,Passed,9
TXN102616,27-01-2026,Leeds Fulfillment,Birmingham,Home Appliances,Mixer,Sainsbury Logistics,BATCH-3377,Inbound,922,448,9,13,241.05,349.09,B1,Jack Taylor,Delayed,8,Yes,Passed,20
TXN102617,15-01-2025,Leeds Fulfillment,Newcastle,Electronics,Keyboard,UK Retail Goods,BATCH-2703,Outbound,911,511,12,16,115.71,186.62,C2,Harry Johnson,Delayed,10,Yes,Failed,21
TXN102618,12-01-2026,Birmingham Distribution,Newcastle,Grocery,Cereal,ASDA Distribution,BATCH-1399,Outbound,1000,394,34,7,875.85,1163.87,C2,Noah Wilson,Delayed,9,No,Passed,2
TXN102619,09-05-2026,Manchester Storage,Bristol,Grocery,Coffee,UK Retail Goods,BATCH-4204,Outbound,715,456,12,9,1195.49,1369.8,C1,Emily Harris,Delayed,8,Yes,Passed,22
TXN102620,15-06-2025,Newcastle Depot,Bristol,Pharma,Cough Syrup,Sainsbury Logistics,BATCH-3410,Inbound,936,236,15,20,762.34,1342.87,D1,George Brown,On Time,3,No,Passed,10
TXN102621,21-10-2025,Manchester Storage,Manchester,Home Appliances,Mixer,Northern Supply Chain,BATCH-3883,Outbound,227,151,19,11,555.73,873.61,C1,Noah Wilson,Delayed,7,Yes,Failed,9
TXN102622,26-02-2025,Bristol Supply Hub,Newcastle,Pharma,Vitamin Tablets,Britannia Pharma,BATCH-7324,Inbound,797,448,21,3,244.37,426.29,D1,Harry Johnson,Delayed,7,No,Passed,0
TXN102623,15-07-2025,Birmingham Distribution,Newcastle,Pharma,Cough Syrup,Britannia Pharma,BATCH-8927,Inbound,296,135,28,0,583.5,914.77,D1,Charlie Davies,Slightly Delayed,4,Yes,Passed,25
TXN102624,15-11-2025,Birmingham Distribution,Bristol,Electronics,Tablet,Prime Wholesale UK,BATCH-3307,Inbound,160,136,33,19,366.58,403.34,C1,Harry Johnson,Delayed,7,No,Passed,5
TXN102625,10-06-2025,Bristol Supply Hub,Leeds,Home Appliances,Vacuum Cleaner,Prime Wholesale UK,BATCH-5235,Inbound,116,98,6,20,455.53,642.59,A2,George Brown,Delayed,8,No,Passed,11
TXN102626,27-02-2025,Liverpool Logistics,Leeds,Grocery,Rice Pack,Tesco Supply Ltd,BATCH-4714,Outbound,513,191,20,0,316.29,533.44,B1,Amelia Clark,Delayed,7,No,Passed,10
TXN102627,08-03-2025,London Central Hub,Glasgow,Pharma,Cough Syrup,Northern Supply Chain,BATCH-4221,Outbound,500,234,37,20,73.61,96.13,A1,Noah Wilson,Slightly Delayed,5,No,Passed,20
TXN102628,14-11-2025,Newcastle Depot,Liverpool,Pharma,Vitamin Tablets,Britannia Pharma,BATCH-4320,Outbound,569,555,11,6,143.48,178.93,C2,Harry Johnson,Delayed,10,No,Failed,24
TXN102629,17-03-2025,Leeds Fulfillment,Liverpool,Fashion,T-Shirt,Prime Wholesale UK,BATCH-7668,Inbound,303,282,23,16,1117.75,1780.05,D1,Amelia Clark,Delayed,10,Yes,Passed,16
TXN102630,02-11-2025,Glasgow Warehouse,Liverpool,Fashion,Jacket,Britannia Pharma,BATCH-7050,Inbound,128,79,7,13,448.24,559.64,D1,Charlie Davies,Slightly Delayed,6,Yes,Passed,19
TXN102631,20-06-2025,Leeds Fulfillment,Manchester,Pharma,Bandages,Prime Wholesale UK,BATCH-4348,Outbound,291,51,38,18,878.56,1399.3,B2,Harry Johnson,Delayed,9,No,Passed,18
TXN102632,24-10-2025,Bristol Supply Hub,Birmingham,Electronics,Smartphone,Britannia Pharma,BATCH-3336,Outbound,212,38,22,8,375.48,642.53,D2,Jack Taylor,On Time,1,Yes,Passed,9
TXN102633,13-04-2025,Newcastle Depot,Bristol,Electronics,Smartphone,Northern Supply Chain,BATCH-4792,Inbound,212,210,31,20,830.42,1490.0,D2,Emily Harris,On Time,1,No,Passed,10
TXN102634,15-11-2025,London Central Hub,Newcastle,Electronics,Laptop,Sainsbury Logistics,BATCH-4743,Outbound,646,48,25,20,427.59,714.88,D1,Harry Johnson,On Time,2,No,Failed,23
TXN102635,27-01-2025,Glasgow Warehouse,Manchester,Electronics,Smartphone,UK Retail Goods,BATCH-1464,Inbound,171,36,31,1,618.48,924.33,B1,Charlie Davies,On Time,3,Yes,Passed,2
TXN102636,09-07-2025,Liverpool Logistics,Newcastle,Electronics,Smartphone,UK Retail Goods,BATCH-1457,Outbound,501,151,28,5,742.2,844.9,D2,Charlie Davies,Slightly Delayed,6,No,Passed,22
TXN102637,18-04-2025,Liverpool Logistics,Leeds,Pharma,Cough Syrup,Northern Supply Chain,BATCH-6613,Inbound,435,298,18,9,168.0,229.74,A1,Noah Wilson,Slightly Delayed,4,No,Passed,17
TXN102638,27-07-2025,Leeds Fulfillment,Leeds,Grocery,Rice Pack,Tesco Supply Ltd,BATCH-4298,Outbound,622,161,18,2,254.1,300.41,B2,Jack Taylor,On Time,1,Yes,Passed,15
TXN102639,26-02-2025,Birmingham Distribution,Manchester,Fashion,Jeans,Sainsbury Logistics,BATCH-2507,Outbound,258,92,14,20,55.75,90.91,A1,Amelia Clark,Delayed,8,Yes,Passed,18
TXN102640,12-12-2025,London Central Hub,London,Grocery,Cooking Oil,Sainsbury Logistics,BATCH-4859,Inbound,118,87,24,14,1189.73,1863.19,D1,Emily Harris,On Time,2,Yes,Passed,24
TXN102641,04-12-2025,Manchester Storage,Liverpool,Grocery,Coffee,London Trade Corp,BATCH-5783,Outbound,510,331,20,7,939.89,1312.24,B1,Amelia Clark,Slightly Delayed,5,Yes,Passed,18
TXN102642,15-03-2025,Manchester Storage,Newcastle,Home Appliances,Air Fryer,London Trade Corp,BATCH-2233,Outbound,216,98,1,5,281.69,448.36,C2,Oliver Smith,Delayed,10,Yes,Passed,19
TXN102643,11-11-2025,Manchester Storage,London,Electronics,Tablet,Northern Supply Chain,BATCH-8877,Inbound,687,393,30,4,627.83,855.99,B2,Noah Wilson,Slightly Delayed,4,Yes,Passed,14
TXN102644,23-10-2025,Birmingham Distribution,Liverpool,Fashion,Sneakers,London Trade Corp,BATCH-9975,Outbound,889,241,18,17,805.46,1370.39,C2,George Brown,Slightly Delayed,5,Yes,Passed,2
TXN102645,09-09-2025,London Central Hub,Newcastle,Electronics,Laptop,Britannia Pharma,BATCH-1932,Outbound,699,392,19,9,929.68,1380.94,A2,Emily Harris,Slightly Delayed,5,Yes,Passed,6
TXN102646,03-02-2026,Liverpool Logistics,Manchester,Grocery,Cooking Oil,Tesco Supply Ltd,BATCH-4421,Inbound,155,135,29,10,740.33,842.69,A1,Jack Taylor,Slightly Delayed,6,Yes,Passed,23
TXN102647,11-04-2026,Newcastle Depot,Birmingham,Electronics,Tablet,London Trade Corp,BATCH-8340,Outbound,705,518,8,16,915.52,1042.19,C2,Harry Johnson,On Time,3,Yes,Passed,13
TXN102648,17-04-2025,Birmingham Distribution,Birmingham,Grocery,Tea Bags,London Trade Corp,BATCH-2695,Outbound,107,102,3,15,916.35,1281.46,D1,Amelia Clark,Slightly Delayed,4,No,Passed,17
TXN102649,20-04-2025,Glasgow Warehouse,Birmingham,Home Appliances,Vacuum Cleaner,London Trade Corp,BATCH-7518,Outbound,170,62,31,9,504.38,589.65,D1,George Brown,Slightly Delayed,4,Yes,Passed,18
TXN102650,24-03-2026,Leeds Fulfillment,Newcastle,Grocery,Cereal,London Trade Corp,BATCH-4408,Outbound,792,353,38,1,702.24,1133.26,D1,Noah Wilson,Slightly Delayed,5,No,Passed,24
TXN102651,12-09-2025,Glasgow Warehouse,Glasgow,Home Appliances,Vacuum Cleaner,Prime Wholesale UK,BATCH-8964,Inbound,407,233,18,16,427.9,599.01,C2,Harry Johnson,Slightly Delayed,5,No,Passed,11
TXN102652,20-02-2025,London Central Hub,Glasgow,Electronics,Monitor,Sainsbury Logistics,BATCH-6429,Outbound,525,326,37,13,1108.44,1889.91,D2,Oliver Smith,On Time,2,No,Passed,5
TXN102653,25-01-2025,Leeds Fulfillment,Bristol,Fashion,Sneakers,Northern Supply Chain,BATCH-1110,Outbound,436,332,31,19,431.75,731.24,B2,George Brown,Delayed,9,No,Passed,1
TXN102654,15-01-2025,Birmingham Distribution,Birmingham,Pharma,Paracetamol,London Trade Corp,BATCH-3863,Inbound,477,92,29,10,5.07,8.41,B1,Noah Wilson,On Time,3,Yes,Passed,5
TXN102655,31-03-2026,Newcastle Depot,Leeds,Home Appliances,Microwave,Prime Wholesale UK,BATCH-2500,Outbound,321,215,8,15,456.75,606.07,A2,George Brown,On Time,2,No,Failed,8
TXN102656,19-06-2025,Leeds Fulfillment,Manchester,Pharma,Vitamin Tablets,Northern Supply Chain,BATCH-6692,Inbound,797,579,20,7,1077.59,1932.06,C2,Charlie Davies,Slightly Delayed,4,Yes,Passed,4
TXN102657,03-02-2025,Newcastle Depot,Leeds,Home Appliances,Air Fryer,Prime Wholesale UK,BATCH-5086,Inbound,717,715,20,2,160.05,176.84,A2,Harry Johnson,On Time,1,No,Passed,19
TXN102658,11-06-2025,Leeds Fulfillment,Glasgow,Fashion,Jeans,Northern Supply Chain,BATCH-2671,Outbound,264,128,1,18,653.63,1047.5,C1,Oliver Smith,On Time,1,Yes,Passed,22
TXN102659,03-07-2025,Leeds Fulfillment,Birmingham,Pharma,Bandages,ASDA Distribution,BATCH-1269,Outbound,425,417,33,6,317.76,499.1,B1,Oliver Smith,Slightly Delayed,5,No,Passed,2
TXN102660,15-08-2025,Glasgow Warehouse,London,Home Appliances,Vacuum Cleaner,London Trade Corp,BATCH-6092,Inbound,608,436,20,8,686.48,1155.49,C2,Harry Johnson,Delayed,9,Yes,Passed,18
TXN102661,14-07-2025,London Central Hub,Bristol,Grocery,Tea Bags,ASDA Distribution,BATCH-7942,Outbound,428,249,29,0,1178.85,2002.16,A2,Noah Wilson,Delayed,10,No,Passed,3
TXN102662,29-10-2025,Birmingham Distribution,Newcastle,Grocery,Cereal,Prime Wholesale UK,BATCH-2009,Outbound,318,304,13,12,1018.16,1343.17,B1,George Brown,Slightly Delayed,6,No,Passed,19
TXN102663,27-11-2025,Bristol Supply Hub,Manchester,Electronics,Smartphone,Tesco Supply Ltd,BATCH-1176,Inbound,447,308,16,19,39.2,67.44,B2,Charlie Davies,Delayed,9,Yes,Passed,21
TXN102664,26-10-2025,Newcastle Depot,Liverpool,Grocery,Rice Pack,Britannia Pharma,BATCH-5282,Inbound,995,658,16,11,1191.27,1901.18,C2,Amelia Clark,Delayed,7,Yes,Passed,6
TXN102665,12-01-2026,Newcastle Depot,London,Fashion,Sneakers,ASDA Distribution,BATCH-9451,Inbound,630,544,17,18,832.79,1057.58,A2,Harry Johnson,Delayed,9,Yes,Passed,7
TXN102666,22-05-2025,Newcastle Depot,London,Fashion,Handbag,Prime Wholesale UK,BATCH-2610,Inbound,383,362,10,6,246.43,316.95,D2,Emily Harris,On Time,3,No,Passed,7
TXN102667,13-01-2026,Birmingham Distribution,Birmingham,Grocery,Cereal,Tesco Supply Ltd,BATCH-6001,Outbound,546,61,32,2,234.42,413.34,C1,Noah Wilson,On Time,3,No,Passed,3
TXN102668,15-02-2026,Birmingham Distribution,Glasgow,Home Appliances,Air Fryer,Tesco Supply Ltd,BATCH-1243,Inbound,577,120,26,8,705.42,1010.91,C1,George Brown,On Time,1,Yes,Passed,8
TXN102669,03-05-2025,Leeds Fulfillment,Liverpool,Electronics,Monitor,Britannia Pharma,BATCH-1572,Inbound,94,35,34,20,995.86,1781.76,A1,Charlie Davies,On Time,2,No,Passed,18
TXN102670,24-09-2025,Bristol Supply Hub,Birmingham,Grocery,Coffee,Sainsbury Logistics,BATCH-1768,Inbound,774,674,5,15,271.76,345.72,C2,George Brown,Slightly Delayed,6,No,Passed,19
TXN102671,05-01-2025,Bristol Supply Hub,Birmingham,Fashion,Handbag,Tesco Supply Ltd,BATCH-9423,Inbound,426,167,25,5,102.19,139.98,A2,George Brown,Delayed,8,No,Passed,0
TXN102672,20-03-2025,Birmingham Distribution,Manchester,Fashion,T-Shirt,UK Retail Goods,BATCH-6450,Inbound,493,165,40,20,408.73,683.41,A2,Harry Johnson,Delayed,7,Yes,Passed,8
TXN102673,27-05-2025,Leeds Fulfillment,Glasgow,Pharma,Bandages,Britannia Pharma,BATCH-5554,Outbound,604,354,1,18,163.44,244.24,B1,Charlie Davies,Delayed,9,No,Passed,14
TXN102674,05-03-2026,Liverpool Logistics,Leeds,Grocery,Rice Pack,Tesco Supply Ltd,BATCH-5307,Outbound,345,270,16,9,1190.0,1874.51,C2,Harry Johnson,Delayed,8,No,Passed,9
TXN102675,14-01-2026,Glasgow Warehouse,Birmingham,Pharma,Cough Syrup,Northern Supply Chain,BATCH-5882,Outbound,480,375,23,15,374.81,430.19,C2,Oliver Smith,Slightly Delayed,5,Yes,Passed,0
TXN102676,20-02-2025,Bristol Supply Hub,Newcastle,Pharma,Vitamin Tablets,London Trade Corp,BATCH-5270,Inbound,134,80,35,9,190.53,241.27,B2,Emily Harris,Delayed,10,No,Passed,15
TXN102677,26-03-2025,London Central Hub,Liverpool,Grocery,Tea Bags,UK Retail Goods,BATCH-5506,Inbound,805,144,23,8,1003.84,1218.92,B1,Jack Taylor,On Time,2,No,Failed,4
TXN102678,03-11-2025,Liverpool Logistics,Newcastle,Grocery,Cooking Oil,Tesco Supply Ltd,BATCH-1851,Outbound,935,896,29,4,57.06,74.65,B2,George Brown,On Time,2,Yes,Passed,19
TXN102679,24-06-2025,Liverpool Logistics,Newcastle,Home Appliances,Air Fryer,London Trade Corp,BATCH-6838,Inbound,516,127,14,11,195.36,350.59,D1,Noah Wilson,Delayed,9,Yes,Failed,2
TXN102680,27-01-2026,Manchester Storage,Manchester,Home Appliances,Microwave,ASDA Distribution,BATCH-5428,Inbound,869,809,23,3,874.08,1302.15,A2,Emily Harris,Slightly Delayed,6,Yes,Passed,9
TXN102681,23-06-2025,Leeds Fulfillment,Liverpool,Grocery,Rice Pack,UK Retail Goods,BATCH-5649,Outbound,471,150,12,6,791.34,1196.32,A2,Emily Harris,Slightly Delayed,6,Yes,Passed,20
TXN102682,28-02-2026,London Central Hub,London,Electronics,Smartphone,ASDA Distribution,BATCH-8529,Inbound,101,92,13,5,352.79,456.48,A2,Amelia Clark,Slightly Delayed,4,Yes,Passed,7
TXN102683,06-06-2025,Liverpool Logistics,London,Grocery,Coffee,Prime Wholesale UK,BATCH-2946,Inbound,713,252,0,16,788.12,1233.77,A2,George Brown,On Time,3,No,Passed,15
TXN102684,05-03-2026,Birmingham Distribution,Newcastle,Home Appliances,Air Fryer,Sainsbury Logistics,BATCH-5603,Outbound,664,99,3,4,367.43,432.85,C2,George Brown,Delayed,9,Yes,Passed,14
TXN102685,16-02-2025,Newcastle Depot,Newcastle,Fashion,Handbag,London Trade Corp,BATCH-2748,Outbound,646,98,22,4,980.26,1449.12,D1,Charlie Davies,On Time,2,Yes,Failed,3
TXN102686,13-08-2025,Manchester Storage,Birmingham,Home Appliances,Mixer,UK Retail Goods,BATCH-2594,Outbound,103,67,17,9,1168.31,1899.67,B1,Charlie Davies,Delayed,8,No,Passed,11
TXN102687,30-08-2025,Liverpool Logistics,Newcastle,Electronics,Laptop,UK Retail Goods,BATCH-9989,Outbound,84,22,13,12,1033.02,1678.95,D2,Harry Johnson,Slightly Delayed,6,No,Failed,25
TXN102688,17-02-2026,Birmingham Distribution,Liverpool,Pharma,Paracetamol,Northern Supply Chain,BATCH-4173,Outbound,936,417,14,1,1111.43,1305.94,B1,Charlie Davies,Delayed,10,Yes,Passed,2
TXN102689,20-03-2025,Liverpool Logistics,Newcastle,Grocery,Cereal,Tesco Supply Ltd,BATCH-6946,Inbound,729,553,2,6,1146.26,1838.67,D1,Emily Harris,On Time,1,No,Passed,17
TXN102690,22-06-2025,Leeds Fulfillment,Newcastle,Grocery,Coffee,Northern Supply Chain,BATCH-4646,Inbound,213,59,36,5,394.58,668.5,D1,Harry Johnson,Delayed,7,No,Failed,11
TXN102691,23-03-2025,Liverpool Logistics,Newcastle,Pharma,Paracetamol,Sainsbury Logistics,BATCH-5188,Outbound,261,118,21,7,429.22,696.84,D1,Emily Harris,Slightly Delayed,5,No,Passed,23
TXN102692,29-10-2025,Glasgow Warehouse,Glasgow,Grocery,Cooking Oil,Sainsbury Logistics,BATCH-3339,Outbound,469,377,30,12,93.28,122.47,B1,Oliver Smith,Delayed,8,No,Passed,19
TXN102693,28-04-2025,Bristol Supply Hub,London,Fashion,Sneakers,UK Retail Goods,BATCH-5752,Outbound,200,113,18,19,542.62,616.86,B2,Harry Johnson,Slightly Delayed,5,Yes,Passed,13
TXN102694,05-04-2025,Manchester Storage,Glasgow,Electronics,Laptop,Britannia Pharma,BATCH-4007,Outbound,406,214,21,7,1066.14,1595.27,A1,Harry Johnson,Slightly Delayed,6,No,Failed,0
TXN102695,01-08-2025,London Central Hub,Liverpool,Pharma,Vitamin Tablets,London Trade Corp,BATCH-9639,Outbound,910,674,29,19,1171.0,1337.94,C2,Noah Wilson,Delayed,9,No,Passed,8
TXN102696,31-01-2026,Newcastle Depot,Leeds,Pharma,Cough Syrup,Sainsbury Logistics,BATCH-6725,Outbound,698,595,28,11,919.81,1300.86,B1,Oliver Smith,Delayed,10,No,Passed,6
TXN102697,30-03-2026,Glasgow Warehouse,London,Fashion,Handbag,Prime Wholesale UK,BATCH-9560,Outbound,221,142,20,12,620.58,936.85,D2,George Brown,Delayed,8,No,Passed,7
TXN102698,25-09-2025,Leeds Fulfillment,Glasgow,Electronics,Keyboard,ASDA Distribution,BATCH-2761,Inbound,159,105,33,0,654.28,904.76,B1,Jack Taylor,Delayed,8,No,Passed,15
TXN102699,11-01-2025,Birmingham Distribution,Glasgow,Electronics,Keyboard,Northern Supply Chain,BATCH-4121,Outbound,681,627,9,14,406.76,509.04,A2,Emily Harris,On Time,2,No,Failed,14
TXN102700,24-04-2025,London Central Hub,Manchester,Electronics,Smartphone,Britannia Pharma,BATCH-6107,Outbound,258,228,11,1,677.44,861.69,C1,Harry Johnson,On Time,2,No,Passed,5
TXN102701,18-07-2025,Liverpool Logistics,Birmingham,Home Appliances,Microwave,Britannia Pharma,BATCH-1652,Inbound,122,104,3,6,515.71,685.73,A2,Emily Harris,On Time,1,Yes,Passed,6
TXN102702,03-03-2026,London Central Hub,Newcastle,Electronics,Tablet,Prime Wholesale UK,BATCH-4835,Outbound,773,516,1,19,554.59,815.42,B2,Harry Johnson,Delayed,7,No,Passed,25
TXN102703,13-02-2025,Bristol Supply Hub,Newcastle,Home Appliances,Vacuum Cleaner,Prime Wholesale UK,BATCH-5785,Inbound,508,196,39,5,590.95,821.21,A1,Emily Harris,On Time,1,Yes,Passed,2
TXN102704,05-01-2025,London Central Hub,Glasgow,Home Appliances,Vacuum Cleaner,UK Retail Goods,BATCH-8434,Inbound,185,114,40,12,460.63,786.1,A1,Emily Harris,Delayed,9,Yes,Passed,0
TXN102705,14-10-2025,London Central Hub,Glasgow,Electronics,Laptop,ASDA Distribution,BATCH-1585,Inbound,991,173,8,4,871.26,1061.62,A2,Harry Johnson,Delayed,7,No,Passed,18
TXN102706,12-11-2025,Newcastle Depot,Manchester,Grocery,Coffee,Tesco Supply Ltd,BATCH-2800,Outbound,793,622,7,0,940.56,1637.63,C1,Harry Johnson,Delayed,7,Yes,Passed,25
TXN102707,15-07-2025,Birmingham Distribution,Glasgow,Fashion,Jeans,Northern Supply Chain,BATCH-2991,Outbound,906,203,35,4,893.7,1210.04,D2,George Brown,Delayed,10,Yes,Passed,2
TXN102708,19-07-2025,London Central Hub,Birmingham,Fashion,Jacket,Britannia Pharma,BATCH-3567,Inbound,938,821,9,10,307.56,403.21,B1,Charlie Davies,Delayed,10,No,Passed,20
TXN102709,27-03-2026,Birmingham Distribution,Leeds,Home Appliances,Mixer,Sainsbury Logistics,BATCH-7863,Inbound,389,376,29,11,743.14,1322.51,B2,Charlie Davies,On Time,1,Yes,Passed,7
TXN102710,20-03-2025,London Central Hub,Bristol,Electronics,Monitor,ASDA Distribution,BATCH-4380,Inbound,694,348,18,16,533.95,939.81,A1,Noah Wilson,Slightly Delayed,4,Yes,Passed,24
TXN102711,19-09-2025,London Central Hub,Newcastle,Home Appliances,Air Fryer,UK Retail Goods,BATCH-2012,Inbound,510,237,29,8,372.13,639.73,C1,Amelia Clark,On Time,3,Yes,Passed,1
TXN102712,01-05-2026,Bristol Supply Hub,Leeds,Home Appliances,Air Fryer,ASDA Distribution,BATCH-1680,Outbound,477,220,28,13,213.69,291.65,D2,Harry Johnson,On Time,3,No,Passed,9
TXN102713,11-04-2026,Newcastle Depot,Newcastle,Home Appliances,Microwave,ASDA Distribution,BATCH-5016,Outbound,935,283,20,20,605.04,777.65,A2,Charlie Davies,Slightly Delayed,5,Yes,Passed,8
TXN102714,16-03-2025,Birmingham Distribution,Newcastle,Grocery,Tea Bags,Northern Supply Chain,BATCH-7983,Outbound,564,236,40,5,627.74,1063.54,C1,Jack Taylor,Slightly Delayed,4,Yes,Failed,15
TXN102715,02-04-2026,London Central Hub,Birmingham,Pharma,Cough Syrup,ASDA Distribution,BATCH-5919,Inbound,488,372,19,10,755.47,1173.51,D1,Amelia Clark,Slightly Delayed,4,No,Passed,24
TXN102716,08-05-2025,Glasgow Warehouse,Liverpool,Home Appliances,Microwave,UK Retail Goods,BATCH-6719,Outbound,417,123,35,17,210.78,376.23,D1,George Brown,On Time,3,Yes,Passed,24
TXN102717,07-12-2025,Liverpool Logistics,London,Home Appliances,Air Fryer,ASDA Distribution,BATCH-4306,Inbound,885,393,30,11,367.4,636.02,D2,Amelia Clark,On Time,3,Yes,Passed,25
TXN102718,25-03-2026,Manchester Storage,Glasgow,Home Appliances,Mixer,ASDA Distribution,BATCH-7233,Inbound,971,394,29,15,1165.12,1362.62,B2,Harry Johnson,Slightly Delayed,5,No,Passed,7
TXN102719,22-06-2025,Manchester Storage,Bristol,Home Appliances,Microwave,UK Retail Goods,BATCH-8348,Outbound,214,160,4,3,433.04,616.59,A1,Charlie Davies,Delayed,7,No,Passed,23
TXN102720,01-02-2025,Leeds Fulfillment,Leeds,Home Appliances,Vacuum Cleaner,UK Retail Goods,BATCH-1247,Inbound,173,114,4,1,788.37,1200.31,B1,Emily Harris,On Time,2,No,Passed,7
TXN102721,18-11-2025,London Central Hub,Birmingham,Grocery,Rice Pack,Northern Supply Chain,BATCH-4238,Inbound,743,404,21,12,681.2,818.96,D1,Emily Harris,Delayed,7,No,Passed,23
TXN102722,17-03-2026,Newcastle Depot,Manchester,Grocery,Rice Pack,Britannia Pharma,BATCH-2782,Outbound,139,59,15,2,897.19,1275.05,B1,Amelia Clark,Slightly Delayed,4,No,Passed,4
TXN102723,27-04-2026,Liverpool Logistics,Manchester,Home Appliances,Vacuum Cleaner,Northern Supply Chain,BATCH-9146,Outbound,81,70,24,8,877.99,1511.92,B1,Charlie Davies,Slightly Delayed,5,No,Passed,1
TXN102724,26-03-2026,Newcastle Depot,Birmingham,Pharma,Cough Syrup,Britannia Pharma,BATCH-6467,Outbound,722,505,16,7,671.39,1012.97,B1,George Brown,Delayed,8,No,Passed,10
TXN102725,22-11-2025,Bristol Supply Hub,Manchester,Pharma,Cough Syrup,ASDA Distribution,BATCH-8753,Outbound,77,66,17,4,150.93,167.02,C2,Jack Taylor,Slightly Delayed,5,No,Passed,6
TXN102726,15-05-2026,Birmingham Distribution,Liverpool,Home Appliances,Mixer,UK Retail Goods,BATCH-6544,Inbound,788,374,28,19,657.94,900.74,A1,Oliver Smith,On Time,3,Yes,Passed,20
TXN102727,21-08-2025,Newcastle Depot,Liverpool,Pharma,Cough Syrup,ASDA Distribution,BATCH-3878,Outbound,250,172,21,5,1040.29,1413.2,B1,Jack Taylor,Slightly Delayed,4,No,Passed,16
TXN102728,02-05-2025,Glasgow Warehouse,Liverpool,Fashion,Jacket,Northern Supply Chain,BATCH-3327,Outbound,175,76,6,3,79.7,107.26,B1,Harry Johnson,Delayed,8,No,Passed,2
TXN102729,05-02-2025,Manchester Storage,Liverpool,Pharma,Bandages,London Trade Corp,BATCH-4534,Outbound,643,336,19,7,666.07,1145.73,A2,Oliver Smith,Delayed,8,No,Passed,25
TXN102730,12-04-2025,Liverpool Logistics,Manchester,Pharma,Vitamin Tablets,Northern Supply Chain,BATCH-2350,Inbound,388,241,10,15,259.44,362.48,A1,George Brown,Slightly Delayed,5,No,Passed,21
TXN102731,23-07-2025,Birmingham Distribution,London,Home Appliances,Air Fryer,Prime Wholesale UK,BATCH-6795,Inbound,621,320,9,15,580.29,680.12,D1,Amelia Clark,Slightly Delayed,4,Yes,Passed,21
TXN102732,04-08-2025,Liverpool Logistics,Liverpool,Grocery,Cereal,ASDA Distribution,BATCH-2372,Inbound,371,222,33,10,680.62,879.84,C2,Amelia Clark,On Time,2,No,Passed,9
TXN102733,02-01-2026,Bristol Supply Hub,Liverpool,Electronics,Tablet,Sainsbury Logistics,BATCH-4782,Outbound,446,403,8,3,623.89,857.99,A2,Charlie Davies,On Time,1,Yes,Passed,4
TXN102734,05-03-2026,Liverpool Logistics,Newcastle,Home Appliances,Mixer,ASDA Distribution,BATCH-5767,Outbound,487,439,22,12,116.46,184.78,C2,Jack Taylor,On Time,1,No,Passed,6
TXN102735,13-01-2026,Leeds Fulfillment,Manchester,Electronics,Laptop,Britannia Pharma,BATCH-7883,Outbound,525,350,18,10,978.77,1599.62,A2,Noah Wilson,Delayed,8,Yes,Passed,12
TXN102736,28-12-2025,London Central Hub,Glasgow,Grocery,Cooking Oil,Prime Wholesale UK,BATCH-6786,Outbound,825,199,23,7,1031.94,1822.53,D1,Amelia Clark,Slightly Delayed,4,Yes,Passed,14
TXN102737,23-01-2025,Glasgow Warehouse,London,Electronics,Tablet,London Trade Corp,BATCH-3424,Outbound,897,364,1,14,864.29,1181.7,A2,Oliver Smith,Delayed,7,No,Failed,16
TXN102738,19-05-2025,Leeds Fulfillment,Manchester,Home Appliances,Air Fryer,Sainsbury Logistics,BATCH-5456,Inbound,431,197,13,4,465.66,831.0,C1,Noah Wilson,Delayed,8,No,Failed,16
TXN102739,04-12-2025,London Central Hub,Newcastle,Pharma,Vitamin Tablets,ASDA Distribution,BATCH-7348,Inbound,375,318,24,1,13.51,23.2,A2,Noah Wilson,Delayed,9,Yes,Passed,15
TXN102740,07-03-2025,Glasgow Warehouse,London,Electronics,Keyboard,ASDA Distribution,BATCH-9597,Inbound,147,76,35,3,1144.54,1687.05,D2,Charlie Davies,Delayed,10,No,Passed,13
TXN102741,19-01-2026,Bristol Supply Hub,Birmingham,Electronics,Laptop,Britannia Pharma,BATCH-2417,Outbound,573,52,33,13,856.79,1352.5,B1,Noah Wilson,Slightly Delayed,6,Yes,Passed,16
TXN102742,16-04-2025,Newcastle Depot,Leeds,Electronics,Monitor,UK Retail Goods,BATCH-2895,Inbound,943,466,21,2,587.55,847.52,C2,George Brown,On Time,2,No,Passed,21
TXN102743,04-12-2025,Manchester Storage,Birmingham,Fashion,Jeans,London Trade Corp,BATCH-8164,Outbound,852,840,22,10,742.14,1311.15,C2,Harry Johnson,Delayed,7,No,Passed,6
TXN102744,31-07-2025,Manchester Storage,Liverpool,Home Appliances,Mixer,Britannia Pharma,BATCH-2990,Inbound,516,106,30,3,921.88,1176.58,C2,Oliver Smith,Slightly Delayed,4,Yes,Passed,6
TXN102745,14-08-2025,Leeds Fulfillment,Leeds,Pharma,Bandages,Northern Supply Chain,BATCH-6165,Outbound,62,50,19,18,501.9,775.08,C1,George Brown,Delayed,9,Yes,Passed,16
TXN102746,19-09-2025,Newcastle Depot,Newcastle,Fashion,Jeans,Britannia Pharma,BATCH-1655,Outbound,679,591,11,3,910.98,1572.35,A1,Noah Wilson,Slightly Delayed,6,Yes,Passed,10
TXN102747,15-06-2025,Bristol Supply Hub,Liverpool,Electronics,Tablet,Prime Wholesale UK,BATCH-5366,Outbound,367,360,24,11,69.39,110.55,D2,Emily Harris,Delayed,7,Yes,Passed,7
TXN102748,15-05-2025,Manchester Storage,London,Pharma,Paracetamol,Northern Supply Chain,BATCH-7039,Outbound,219,106,15,20,962.97,1622.69,B1,Emily Harris,Slightly Delayed,4,No,Failed,12
TXN102749,02-04-2026,Liverpool Logistics,Bristol,Pharma,Bandages,Prime Wholesale UK,BATCH-8978,Outbound,832,180,2,13,982.5,1515.25,C1,Jack Taylor,Slightly Delayed,4,Yes,Passed,1
TXN102750,06-04-2025,London Central Hub,London,Home Appliances,Microwave,UK Retail Goods,BATCH-5511,Inbound,257,169,30,3,900.47,1470.77,B2,Charlie Davies,Delayed,9,Yes,Failed,15
TXN102751,23-07-2025,Bristol Supply Hub,Glasgow,Electronics,Monitor,ASDA Distribution,BATCH-9217,Outbound,252,195,8,1,257.34,402.74,D2,Emily Harris,Delayed,7,No,Passed,16
TXN102752,25-12-2025,Manchester Storage,Manchester,Home Appliances,Microwave,Britannia Pharma,BATCH-2418,Outbound,408,276,40,15,744.97,1278.05,C1,Amelia Clark,Delayed,8,Yes,Passed,20
TXN102753,19-02-2025,Liverpool Logistics,Birmingham,Home Appliances,Mixer,Prime Wholesale UK,BATCH-9466,Outbound,434,321,11,7,768.15,1152.03,D1,Amelia Clark,Slightly Delayed,6,No,Passed,4
TXN102754,26-03-2026,Birmingham Distribution,Leeds,Electronics,Laptop,ASDA Distribution,BATCH-2583,Outbound,284,115,24,10,77.26,97.33,B1,Oliver Smith,On Time,1,No,Passed,13
TXN102755,11-07-2025,London Central Hub,Liverpool,Pharma,Paracetamol,Northern Supply Chain,BATCH-2157,Inbound,875,248,13,10,217.45,324.87,C1,George Brown,Delayed,10,No,Passed,1
TXN102756,18-08-2025,Bristol Supply Hub,Birmingham,Pharma,Cough Syrup,ASDA Distribution,BATCH-4213,Outbound,260,153,27,17,535.84,615.63,C1,Charlie Davies,Delayed,10,No,Passed,24
TXN102757,17-11-2025,Leeds Fulfillment,Glasgow,Electronics,Smartphone,UK Retail Goods,BATCH-2087,Inbound,788,252,7,11,890.54,1562.14,A1,Oliver Smith,Delayed,9,No,Passed,18
TXN102758,21-04-2025,Leeds Fulfillment,Birmingham,Electronics,Smartphone,UK Retail Goods,BATCH-9043,Inbound,98,23,11,8,129.28,203.51,B2,Harry Johnson,On Time,1,Yes,Passed,9
TXN102759,23-03-2026,Birmingham Distribution,Manchester,Grocery,Coffee,Prime Wholesale UK,BATCH-8684,Outbound,114,57,40,14,153.08,223.31,B1,George Brown,Delayed,8,Yes,Passed,1
TXN102760,03-04-2026,Newcastle Depot,Glasgow,Electronics,Monitor,Tesco Supply Ltd,BATCH-9033,Outbound,189,146,17,17,921.51,1065.85,B2,Harry Johnson,Slightly Delayed,6,Yes,Passed,4
TXN102761,24-12-2025,Glasgow Warehouse,Manchester,Pharma,Paracetamol,Northern Supply Chain,BATCH-7425,Inbound,728,301,37,12,980.68,1505.95,D2,Harry Johnson,Delayed,7,No,Passed,11
TXN102762,15-08-2025,Newcastle Depot,Newcastle,Fashion,Jacket,ASDA Distribution,BATCH-8587,Inbound,484,182,34,13,935.75,1314.83,B1,Harry Johnson,Slightly Delayed,4,Yes,Passed,22
TXN102763,23-11-2025,Birmingham Distribution,Birmingham,Home Appliances,Mixer,Prime Wholesale UK,BATCH-7945,Inbound,554,408,30,0,800.7,1302.32,C1,Jack Taylor,Delayed,8,No,Passed,5
TXN102764,07-10-2025,London Central Hub,Bristol,Fashion,Handbag,Britannia Pharma,BATCH-7940,Outbound,918,317,12,0,840.78,931.11,C1,Harry Johnson,Delayed,10,No,Passed,17
TXN102765,14-03-2025,Bristol Supply Hub,Newcastle,Pharma,Bandages,Tesco Supply Ltd,BATCH-4391,Outbound,763,298,38,6,840.04,928.58,C2,Charlie Davies,Delayed,10,No,Passed,17
TXN102766,18-01-2026,Leeds Fulfillment,Liverpool,Pharma,Cough Syrup,Tesco Supply Ltd,BATCH-9278,Inbound,385,267,24,10,261.16,393.31,B2,George Brown,Slightly Delayed,5,Yes,Failed,5
TXN102767,21-01-2026,Glasgow Warehouse,London,Pharma,Bandages,Britannia Pharma,BATCH-6164,Outbound,429,29,16,2,170.06,237.25,D2,Noah Wilson,Slightly Delayed,5,Yes,Passed,9
TXN102768,13-08-2025,Liverpool Logistics,Birmingham,Home Appliances,Vacuum Cleaner,Tesco Supply Ltd,BATCH-8885,Inbound,725,454,27,5,178.86,279.09,A1,Oliver Smith,Delayed,8,Yes,Passed,8
TXN102769,06-03-2026,Newcastle Depot,Liverpool,Pharma,Bandages,UK Retail Goods,BATCH-4327,Inbound,329,77,40,14,788.01,998.8,B2,Noah Wilson,Delayed,10,No,Passed,13
TXN102770,04-03-2025,Liverpool Logistics,Bristol,Home Appliances,Vacuum Cleaner,ASDA Distribution,BATCH-7207,Outbound,614,428,33,18,950.15,1144.7,B1,George Brown,Delayed,9,Yes,Failed,10
TXN102771,03-09-2025,Newcastle Depot,Liverpool,Electronics,Monitor,London Trade Corp,BATCH-3180,Inbound,877,867,40,19,1001.4,1544.43,A1,Amelia Clark,Slightly Delayed,4,No,Passed,19
TXN102772,07-01-2026,Bristol Supply Hub,Newcastle,Fashion,Jacket,Sainsbury Logistics,BATCH-3527,Outbound,732,221,13,9,215.93,374.87,D1,George Brown,Delayed,10,Yes,Passed,1
TXN102773,26-12-2025,Manchester Storage,Manchester,Fashion,T-Shirt,Tesco Supply Ltd,BATCH-6879,Outbound,500,253,28,17,1024.78,1817.22,C1,Amelia Clark,Slightly Delayed,4,Yes,Passed,6
TXN102774,13-03-2025,London Central Hub,Liverpool,Electronics,Smartphone,UK Retail Goods,BATCH-3480,Outbound,270,197,31,8,56.27,78.62,D2,Emily Harris,Slightly Delayed,5,Yes,Passed,12
TXN102775,22-01-2026,Liverpool Logistics,Birmingham,Pharma,Paracetamol,Britannia Pharma,BATCH-1351,Outbound,590,569,17,19,137.68,203.16,B2,Charlie Davies,Delayed,7,No,Passed,5
TXN102776,18-02-2026,Glasgow Warehouse,London,Pharma,Bandages,Tesco Supply Ltd,BATCH-8619,Inbound,462,454,13,19,663.13,950.3,C1,Noah Wilson,On Time,3,No,Passed,16
TXN102777,24-03-2025,Leeds Fulfillment,Glasgow,Electronics,Laptop,Tesco Supply Ltd,BATCH-6353,Inbound,642,622,32,13,523.26,827.13,C1,Oliver Smith,Delayed,10,No,Passed,16
TXN102778,03-05-2026,Liverpool Logistics,Bristol,Fashion,Jeans,Britannia Pharma,BATCH-7418,Inbound,403,389,38,15,452.78,569.59,A1,Emily Harris,Slightly Delayed,5,No,Passed,23
TXN102779,09-01-2026,Glasgow Warehouse,Liverpool,Home Appliances,Air Fryer,UK Retail Goods,BATCH-1559,Inbound,517,92,9,5,173.96,243.63,B1,Emily Harris,Delayed,7,Yes,Passed,4
TXN102780,29-08-2025,Bristol Supply Hub,Liverpool,Fashion,Sneakers,Tesco Supply Ltd,BATCH-6229,Inbound,809,81,30,13,966.89,1729.32,C1,Charlie Davies,Delayed,10,Yes,Passed,17
TXN102781,25-01-2026,London Central Hub,Newcastle,Fashion,Handbag,London Trade Corp,BATCH-1104,Inbound,743,30,7,13,621.29,1062.98,A1,Amelia Clark,On Time,3,Yes,Failed,11
TXN102782,20-03-2026,Glasgow Warehouse,Glasgow,Pharma,Cough Syrup,Northern Supply Chain,BATCH-6549,Inbound,1000,602,14,18,1072.97,1298.02,B2,George Brown,On Time,3,Yes,Passed,3
TXN102783,02-12-2025,Newcastle Depot,Bristol,Pharma,Cough Syrup,UK Retail Goods,BATCH-4417,Inbound,336,62,12,19,963.03,1444.8,B2,Harry Johnson,Slightly Delayed,6,No,Passed,13
TXN102784,03-11-2025,Manchester Storage,London,Home Appliances,Microwave,Northern Supply Chain,BATCH-4418,Outbound,651,62,30,0,422.33,659.47,A2,Harry Johnson,Delayed,7,Yes,Passed,16
TXN102785,18-12-2025,Liverpool Logistics,Birmingham,Fashion,Sneakers,ASDA Distribution,BATCH-5512,Outbound,92,84,7,2,546.79,674.48,B1,Emily Harris,On Time,1,No,Passed,4
TXN102786,03-07-2025,Bristol Supply Hub,London,Home Appliances,Vacuum Cleaner,UK Retail Goods,BATCH-2750,Inbound,57,31,35,9,72.41,86.98,B1,Amelia Clark,Delayed,9,Yes,Passed,8
TXN102787,04-02-2025,Leeds Fulfillment,Leeds,Home Appliances,Microwave,Tesco Supply Ltd,BATCH-4961,Outbound,812,560,36,13,394.51,603.32,C2,Jack Taylor,Delayed,9,No,Passed,2
TXN102788,30-08-2025,Bristol Supply Hub,Bristol,Home Appliances,Vacuum Cleaner,Sainsbury Logistics,BATCH-4687,Inbound,976,531,3,11,307.92,437.29,A1,Charlie Davies,Delayed,9,No,Passed,0
TXN102789,15-04-2026,Bristol Supply Hub,Bristol,Home Appliances,Microwave,London Trade Corp,BATCH-7162,Outbound,328,220,6,11,17.56,20.51,A1,Charlie Davies,Slightly Delayed,4,Yes,Passed,11
TXN102790,06-09-2025,Liverpool Logistics,Newcastle,Home Appliances,Mixer,UK Retail Goods,BATCH-2576,Outbound,904,543,23,20,450.27,639.58,D2,Jack Taylor,Slightly Delayed,6,Yes,Passed,14
TXN102791,10-01-2026,Bristol Supply Hub,London,Grocery,Cereal,ASDA Distribution,BATCH-1440,Inbound,913,627,2,6,394.1,475.55,D2,Amelia Clark,Delayed,10,No,Failed,15
TXN102792,26-01-2025,Bristol Supply Hub,Birmingham,Electronics,Smartphone,UK Retail Goods,BATCH-8945,Outbound,241,84,14,5,101.39,116.8,B2,Harry Johnson,Delayed,10,Yes,Passed,25
TXN102793,08-05-2025,London Central Hub,Liverpool,Grocery,Rice Pack,Britannia Pharma,BATCH-7322,Inbound,676,570,15,3,1196.06,1625.44,B2,George Brown,On Time,3,No,Passed,8
TXN102794,18-01-2026,Glasgow Warehouse,London,Grocery,Coffee,Tesco Supply Ltd,BATCH-1812,Outbound,476,183,25,17,474.26,774.13,C2,Noah Wilson,On Time,1,Yes,Passed,10
TXN102795,19-12-2025,Glasgow Warehouse,Newcastle,Fashion,Sneakers,ASDA Distribution,BATCH-1808,Outbound,935,933,3,2,1024.62,1320.42,D2,Jack Taylor,Delayed,9,Yes,Passed,25
TXN102796,17-02-2025,Glasgow Warehouse,Leeds,Pharma,Paracetamol,ASDA Distribution,BATCH-8440,Inbound,405,362,40,3,1146.43,1478.63,A1,Oliver Smith,Delayed,7,No,Failed,11
TXN102797,08-12-2025,Bristol Supply Hub,Liverpool,Fashion,Jeans,Prime Wholesale UK,BATCH-9131,Outbound,982,425,25,13,645.91,874.19,D1,Charlie Davies,Slightly Delayed,6,No,Passed,19
TXN102798,30-04-2025,Manchester Storage,Bristol,Home Appliances,Mixer,Sainsbury Logistics,BATCH-4023,Outbound,222,189,14,8,341.48,560.62,D1,Jack Taylor,On Time,3,No,Failed,19
TXN102799,30-04-2025,Glasgow Warehouse,London,Electronics,Keyboard,London Trade Corp,BATCH-4385,Inbound,713,421,6,9,464.99,563.62,A2,Charlie Davies,Delayed,9,Yes,Passed,20
TXN102800,05-04-2026,Newcastle Depot,Leeds,Grocery,Rice Pack,Prime Wholesale UK,BATCH-4074,Outbound,743,221,22,13,140.85,165.71,C1,Emily Harris,Delayed,8,Yes,Passed,14
TXN102801,13-10-2025,Birmingham Distribution,Glasgow,Grocery,Cooking Oil,London Trade Corp,BATCH-9563,Outbound,282,76,30,12,95.99,152.55,B2,Harry Johnson,Delayed,7,Yes,Passed,20
TXN102802,10-04-2025,Birmingham Distribution,Bristol,Pharma,Bandages,ASDA Distribution,BATCH-8980,Outbound,361,27,33,14,372.4,481.03,D1,Charlie Davies,Delayed,8,No,Passed,15
TXN102803,05-03-2025,London Central Hub,Glasgow,Home Appliances,Mixer,Britannia Pharma,BATCH-6468,Outbound,444,83,32,7,890.23,1142.86,A2,George Brown,Slightly Delayed,6,No,Passed,3
TXN102804,09-03-2026,Newcastle Depot,London,Pharma,Vitamin Tablets,Northern Supply Chain,BATCH-5127,Inbound,576,462,15,9,658.85,727.53,C1,Jack Taylor,Delayed,7,No,Passed,6
TXN102805,18-02-2025,Manchester Storage,Bristol,Grocery,Tea Bags,Britannia Pharma,BATCH-2254,Outbound,755,377,11,0,120.17,162.42,D2,Noah Wilson,Delayed,10,Yes,Passed,15
TXN102806,17-09-2025,London Central Hub,Newcastle,Fashion,Handbag,ASDA Distribution,BATCH-7133,Outbound,326,23,39,2,245.92,282.86,A2,Jack Taylor,Delayed,8,No,Passed,3
TXN102807,05-10-2025,Liverpool Logistics,Bristol,Pharma,Cough Syrup,Tesco Supply Ltd,BATCH-8651,Inbound,151,91,37,20,434.17,639.34,D1,Amelia Clark,Slightly Delayed,4,Yes,Passed,16
TXN102808,09-06-2025,Newcastle Depot,Birmingham,Electronics,Keyboard,UK Retail Goods,BATCH-1380,Inbound,313,143,33,16,1062.46,1453.27,D2,Oliver Smith,Delayed,9,No,Passed,23
TXN102809,14-05-2025,Manchester Storage,London,Fashion,Sneakers,ASDA Distribution,BATCH-9409,Outbound,306,194,0,7,31.17,34.44,B2,Noah Wilson,On Time,1,Yes,Passed,0
TXN102810,16-04-2025,Liverpool Logistics,Bristol,Grocery,Tea Bags,London Trade Corp,BATCH-1970,Outbound,703,406,15,4,970.29,1377.7,B2,George Brown,On Time,3,No,Passed,1
TXN102811,03-08-2025,Glasgow Warehouse,Leeds,Pharma,Paracetamol,UK Retail Goods,BATCH-1858,Outbound,316,257,14,11,256.96,434.35,B2,Emily Harris,On Time,3,Yes,Passed,24
TXN102812,31-01-2025,London Central Hub,London,Pharma,Cough Syrup,Prime Wholesale UK,BATCH-3561,Outbound,148,69,22,19,706.95,924.11,C1,Oliver Smith,Delayed,7,No,Passed,2
TXN102813,26-12-2025,Glasgow Warehouse,Bristol,Pharma,Vitamin Tablets,Britannia Pharma,BATCH-1809,Inbound,167,119,18,2,950.4,1449.94,C2,Jack Taylor,On Time,2,Yes,Passed,13
TXN102814,24-09-2025,Glasgow Warehouse,Newcastle,Electronics,Laptop,UK Retail Goods,BATCH-9810,Outbound,472,85,34,20,692.33,850.32,C1,Charlie Davies,Slightly Delayed,4,Yes,Passed,4
TXN102815,16-08-2025,Bristol Supply Hub,Glasgow,Pharma,Paracetamol,London Trade Corp,BATCH-2673,Inbound,706,514,17,15,389.89,591.67,C2,Amelia Clark,Delayed,10,Yes,Passed,17
TXN102816,12-01-2026,Birmingham Distribution,Birmingham,Grocery,Tea Bags,ASDA Distribution,BATCH-5020,Inbound,552,437,27,11,928.11,1058.75,D2,Charlie Davies,On Time,2,Yes,Passed,20
TXN102817,13-12-2025,Glasgow Warehouse,Newcastle,Pharma,Vitamin Tablets,Britannia Pharma,BATCH-9298,Inbound,125,58,18,16,261.31,432.45,D1,Noah Wilson,Slightly Delayed,5,Yes,Passed,11
TXN102818,19-12-2025,Glasgow Warehouse,Birmingham,Grocery,Coffee,ASDA Distribution,BATCH-6766,Inbound,938,313,13,1,749.79,925.69,D2,Noah Wilson,Slightly Delayed,6,No,Passed,25
TXN102819,13-05-2026,Newcastle Depot,Manchester,Fashion,T-Shirt,London Trade Corp,BATCH-8795,Outbound,920,41,27,17,869.89,1346.78,D1,Harry Johnson,On Time,3,Yes,Passed,17
TXN102820,18-04-2025,Glasgow Warehouse,Manchester,Electronics,Laptop,Sainsbury Logistics,BATCH-2581,Outbound,89,47,1,5,219.52,257.24,B2,George Brown,On Time,3,Yes,Passed,4
TXN102821,24-02-2026,Birmingham Distribution,Bristol,Home Appliances,Microwave,Sainsbury Logistics,BATCH-2864,Outbound,983,285,6,8,1171.54,2055.86,C1,Charlie Davies,Delayed,7,Yes,Passed,15
TXN102822,06-10-2025,Newcastle Depot,London,Electronics,Smartphone,ASDA Distribution,BATCH-3042,Outbound,711,57,17,10,153.94,235.91,A2,Noah Wilson,Delayed,8,Yes,Failed,13
TXN102823,01-08-2025,London Central Hub,Liverpool,Home Appliances,Microwave,UK Retail Goods,BATCH-7338,Inbound,240,70,11,12,232.26,313.26,A2,Oliver Smith,Slightly Delayed,5,No,Passed,14
TXN102824,24-06-2025,Newcastle Depot,Newcastle,Electronics,Keyboard,Northern Supply Chain,BATCH-3648,Outbound,515,146,11,6,845.33,989.15,A1,George Brown,Slightly Delayed,5,Yes,Passed,10
TXN102825,01-10-2025,Manchester Storage,Glasgow,Fashion,Sneakers,Tesco Supply Ltd,BATCH-8892,Outbound,72,63,37,7,22.38,34.2,D2,Amelia Clark,Delayed,10,Yes,Passed,21
TXN102826,20-05-2025,Birmingham Distribution,Liverpool,Home Appliances,Mixer,ASDA Distribution,BATCH-1143,Inbound,633,146,40,18,352.02,626.25,B1,Jack Taylor,Delayed,8,Yes,Passed,11
TXN102827,18-04-2025,Liverpool Logistics,Birmingham,Pharma,Paracetamol,Prime Wholesale UK,BATCH-1561,Inbound,556,354,33,12,1087.71,1880.71,D1,Amelia Clark,Delayed,8,No,Passed,16
TXN102828,31-01-2025,Bristol Supply Hub,Glasgow,Fashion,Handbag,ASDA Distribution,BATCH-5992,Outbound,427,296,17,6,88.17,120.76,D2,Noah Wilson,On Time,2,No,Passed,23
TXN102829,06-12-2025,Liverpool Logistics,London,Pharma,Cough Syrup,Sainsbury Logistics,BATCH-8552,Outbound,817,225,5,0,411.2,578.67,D1,Oliver Smith,On Time,2,No,Passed,17
TXN102830,07-04-2026,Manchester Storage,Leeds,Fashion,Handbag,Britannia Pharma,BATCH-6462,Inbound,512,331,12,10,1041.84,1364.37,A2,George Brown,Slightly Delayed,5,No,Passed,22
TXN102831,04-04-2026,London Central Hub,Leeds,Home Appliances,Air Fryer,Tesco Supply Ltd,BATCH-2891,Outbound,96,74,8,20,1162.88,1283.15,A2,Jack Taylor,Delayed,10,Yes,Passed,9
TXN102832,12-12-2025,Leeds Fulfillment,Birmingham,Electronics,Smartphone,Northern Supply Chain,BATCH-4590,Outbound,856,81,35,11,22.04,25.47,C1,Harry Johnson,Slightly Delayed,4,Yes,Passed,5
TXN102833,27-05-2025,Bristol Supply Hub,London,Fashion,Sneakers,Britannia Pharma,BATCH-3072,Outbound,513,89,20,8,828.73,1317.31,A1,Harry Johnson,On Time,3,No,Passed,9
TXN102834,28-09-2025,Birmingham Distribution,Newcastle,Pharma,Vitamin Tablets,Northern Supply Chain,BATCH-9243,Inbound,426,364,15,18,840.66,1408.75,A1,Harry Johnson,Delayed,7,Yes,Passed,5
TXN102835,04-02-2026,London Central Hub,Newcastle,Grocery,Coffee,Tesco Supply Ltd,BATCH-3644,Inbound,852,807,24,12,151.9,194.7,D2,Oliver Smith,On Time,3,No,Passed,21
TXN102836,01-05-2025,London Central Hub,Birmingham,Grocery,Coffee,London Trade Corp,BATCH-4339,Inbound,937,123,20,19,97.5,139.27,D2,Emily Harris,Slightly Delayed,4,Yes,Passed,17
TXN102837,24-08-2025,Glasgow Warehouse,Liverpool,Fashion,Jacket,Prime Wholesale UK,BATCH-2415,Outbound,365,351,15,14,917.2,1600.26,B1,Oliver Smith,Delayed,9,Yes,Passed,10
TXN102838,22-10-2025,Bristol Supply Hub,Leeds,Grocery,Cooking Oil,Prime Wholesale UK,BATCH-5119,Inbound,282,32,0,6,1110.33,1366.21,B2,Noah Wilson,Delayed,7,Yes,Failed,3
TXN102839,22-03-2025,Bristol Supply Hub,Liverpool,Pharma,Paracetamol,ASDA Distribution,BATCH-7028,Outbound,659,444,32,7,734.17,1314.79,B2,Oliver Smith,Slightly Delayed,5,Yes,Passed,6
TXN102840,10-08-2025,Liverpool Logistics,Bristol,Pharma,Paracetamol,Britannia Pharma,BATCH-7860,Inbound,302,58,22,12,770.51,953.27,C2,Harry Johnson,Delayed,7,No,Passed,10
TXN102841,19-09-2025,Birmingham Distribution,Newcastle,Grocery,Cooking Oil,UK Retail Goods,BATCH-5188,Outbound,577,158,13,4,1058.22,1672.9,C2,Emily Harris,Slightly Delayed,5,No,Passed,10
TXN102842,16-12-2025,London Central Hub,Bristol,Home Appliances,Vacuum Cleaner,Britannia Pharma,BATCH-2447,Inbound,706,246,22,5,147.55,225.04,B2,Harry Johnson,On Time,1,No,Passed,8
TXN102843,01-04-2026,Manchester Storage,Bristol,Electronics,Tablet,UK Retail Goods,BATCH-3322,Outbound,365,153,29,16,249.22,428.27,A1,Noah Wilson,Delayed,8,No,Passed,18
TXN102844,13-04-2025,Bristol Supply Hub,Leeds,Electronics,Smartphone,Sainsbury Logistics,BATCH-8609,Inbound,154,24,22,4,459.6,700.27,A2,George Brown,Delayed,7,No,Passed,8
TXN102845,09-11-2025,Newcastle Depot,Leeds,Pharma,Cough Syrup,Northern Supply Chain,BATCH-8853,Inbound,257,119,31,13,614.06,1081.4,D1,Amelia Clark,Delayed,8,Yes,Failed,0
TXN102846,01-05-2026,Manchester Storage,Newcastle,Electronics,Tablet,Tesco Supply Ltd,BATCH-3801,Outbound,261,76,8,15,739.98,1104.54,D2,Harry Johnson,Delayed,9,No,Passed,2
TXN102847,05-08-2025,Bristol Supply Hub,London,Pharma,Cough Syrup,UK Retail Goods,BATCH-9924,Outbound,688,116,34,11,147.96,238.85,C2,George Brown,Slightly Delayed,6,No,Failed,0
TXN102848,06-02-2025,Manchester Storage,London,Fashion,Handbag,Northern Supply Chain,BATCH-7267,Inbound,951,208,10,16,552.81,729.36,C2,George Brown,Delayed,7,Yes,Passed,5
TXN102849,19-10-2025,London Central Hub,Liverpool,Pharma,Bandages,Britannia Pharma,BATCH-8907,Inbound,590,67,35,16,405.31,696.93,A2,George Brown,Delayed,7,Yes,Passed,4
TXN102850,23-11-2025,Glasgow Warehouse,Manchester,Fashion,Jeans,Sainsbury Logistics,BATCH-3524,Inbound,75,73,8,7,1048.55,1612.38,D2,George Brown,Slightly Delayed,6,Yes,Passed,6
TXN102851,12-12-2025,Manchester Storage,Manchester,Electronics,Tablet,UK Retail Goods,BATCH-9144,Outbound,298,210,35,4,270.99,407.42,B2,Emily Harris,Delayed,10,Yes,Passed,14
TXN102852,01-01-2026,Birmingham Distribution,Bristol,Home Appliances,Air Fryer,Northern Supply Chain,BATCH-6390,Inbound,449,244,34,5,298.81,330.3,C1,Jack Taylor,Delayed,9,No,Passed,25
TXN102853,15-07-2025,Leeds Fulfillment,Leeds,Home Appliances,Air Fryer,ASDA Distribution,BATCH-9286,Outbound,396,255,17,6,33.25,45.95,B1,Oliver Smith,On Time,1,Yes,Passed,18
TXN102854,27-10-2025,Leeds Fulfillment,Manchester,Home Appliances,Mixer,ASDA Distribution,BATCH-2236,Outbound,114,46,0,0,623.68,789.79,D1,Noah Wilson,Slightly Delayed,4,Yes,Passed,0
TXN102855,25-05-2025,Birmingham Distribution,Newcastle,Pharma,Paracetamol,ASDA Distribution,BATCH-3721,Inbound,515,405,17,18,1151.58,1309.3,B1,Jack Taylor,Slightly Delayed,5,No,Passed,24
TXN102856,19-02-2026,London Central Hub,Glasgow,Electronics,Monitor,ASDA Distribution,BATCH-8009,Inbound,138,106,24,18,259.66,409.93,B1,Noah Wilson,Delayed,7,Yes,Passed,6
TXN102857,05-05-2025,Birmingham Distribution,Birmingham,Fashion,Jacket,Northern Supply Chain,BATCH-6482,Outbound,971,773,20,15,855.75,1117.59,A2,Charlie Davies,On Time,1,Yes,Passed,11
TXN102858,14-02-2026,Leeds Fulfillment,Leeds,Home Appliances,Vacuum Cleaner,Northern Supply Chain,BATCH-7726,Outbound,589,378,5,13,284.95,411.79,D2,Harry Johnson,On Time,2,Yes,Passed,5
TXN102859,24-09-2025,Glasgow Warehouse,Manchester,Home Appliances,Mixer,ASDA Distribution,BATCH-7023,Inbound,861,122,3,5,999.3,1553.13,A2,Oliver Smith,Slightly Delayed,6,Yes,Passed,9
TXN102860,13-05-2026,Birmingham Distribution,London,Fashion,Jacket,ASDA Distribution,BATCH-5434,Inbound,184,68,23,7,1068.55,1649.51,A2,George Brown,Delayed,10,Yes,Passed,10
TXN102861,20-08-2025,Birmingham Distribution,Newcastle,Fashion,Jeans,Britannia Pharma,BATCH-8676,Outbound,881,103,25,15,981.26,1350.85,A2,Harry Johnson,On Time,3,Yes,Passed,17
TXN102862,31-08-2025,London Central Hub,London,Grocery,Coffee,Sainsbury Logistics,BATCH-9473,Inbound,560,474,2,11,1169.93,1297.26,A2,Noah Wilson,Slightly Delayed,5,Yes,Passed,22
TXN102863,13-01-2026,Leeds Fulfillment,Leeds,Electronics,Smartphone,Britannia Pharma,BATCH-7255,Outbound,908,543,11,9,756.74,1285.72,C1,George Brown,Slightly Delayed,5,No,Passed,18
TXN102864,27-09-2025,Liverpool Logistics,Liverpool,Fashion,Jeans,Britannia Pharma,BATCH-6893,Inbound,357,316,1,0,1116.1,1689.24,A1,Jack Taylor,Delayed,7,Yes,Passed,19
TXN102865,16-03-2026,Newcastle Depot,London,Pharma,Paracetamol,Northern Supply Chain,BATCH-2741,Outbound,732,108,12,20,57.32,64.11,D1,Jack Taylor,Delayed,7,No,Passed,9
TXN102866,29-01-2026,Manchester Storage,Manchester,Home Appliances,Vacuum Cleaner,Northern Supply Chain,BATCH-7442,Inbound,865,676,1,19,629.04,747.64,B2,Jack Taylor,Slightly Delayed,5,No,Passed,8
TXN102867,09-02-2026,Bristol Supply Hub,Liverpool,Electronics,Smartphone,Northern Supply Chain,BATCH-3502,Inbound,428,245,9,9,600.66,854.65,A2,Amelia Clark,On Time,2,Yes,Passed,21
TXN102868,13-08-2025,Bristol Supply Hub,Bristol,Pharma,Cough Syrup,Northern Supply Chain,BATCH-4977,Outbound,162,142,10,6,86.59,133.08,B1,Harry Johnson,On Time,2,No,Passed,25
TXN102869,18-02-2026,Newcastle Depot,London,Home Appliances,Vacuum Cleaner,London Trade Corp,BATCH-8480,Inbound,912,374,32,8,873.34,1524.73,B1,Amelia Clark,On Time,1,No,Passed,12
TXN102870,03-08-2025,Glasgow Warehouse,Newcastle,Pharma,Bandages,ASDA Distribution,BATCH-2362,Inbound,927,729,17,3,818.3,1080.87,B1,Oliver Smith,Delayed,7,No,Passed,0
TXN102871,27-01-2026,Bristol Supply Hub,Newcastle,Electronics,Keyboard,Sainsbury Logistics,BATCH-7705,Inbound,755,692,1,10,753.08,1233.26,C2,Charlie Davies,Slightly Delayed,4,Yes,Passed,11
TXN102872,13-02-2026,Leeds Fulfillment,London,Fashion,T-Shirt,Northern Supply Chain,BATCH-2074,Outbound,130,64,1,7,229.1,391.81,B2,Oliver Smith,Delayed,10,No,Passed,6
TXN102873,20-12-2025,Manchester Storage,Liverpool,Pharma,Vitamin Tablets,UK Retail Goods,BATCH-9915,Inbound,214,171,38,15,650.52,814.34,A1,Oliver Smith,On Time,2,No,Passed,0
TXN102874,05-12-2025,Manchester Storage,Leeds,Electronics,Tablet,Tesco Supply Ltd,BATCH-6556,Outbound,551,450,22,17,374.59,604.87,C2,Oliver Smith,Delayed,10,Yes,Passed,11
TXN102875,16-12-2025,London Central Hub,Leeds,Fashion,Handbag,Northern Supply Chain,BATCH-4160,Outbound,550,58,38,1,734.78,1122.31,A2,Harry Johnson,On Time,3,Yes,Failed,24
TXN102876,11-04-2026,Manchester Storage,Bristol,Home Appliances,Air Fryer,UK Retail Goods,BATCH-7370,Outbound,952,293,33,17,229.28,273.57,D2,Harry Johnson,Delayed,10,No,Failed,22
TXN102877,19-12-2025,Manchester Storage,Glasgow,Fashion,Sneakers,Britannia Pharma,BATCH-9851,Outbound,239,173,26,18,849.39,1489.29,A2,Jack Taylor,On Time,3,Yes,Passed,22
TXN102878,16-02-2026,Glasgow Warehouse,Glasgow,Grocery,Coffee,Tesco Supply Ltd,BATCH-6277,Outbound,385,103,28,15,47.36,53.36,B1,Jack Taylor,Delayed,9,No,Failed,17
TXN102879,22-09-2025,Glasgow Warehouse,London,Electronics,Keyboard,ASDA Distribution,BATCH-4698,Inbound,810,783,34,17,792.82,1379.67,B2,Emily Harris,Delayed,8,Yes,Failed,14
TXN102880,16-03-2026,Birmingham Distribution,Manchester,Pharma,Paracetamol,Britannia Pharma,BATCH-1272,Outbound,355,106,1,3,292.71,493.34,D1,George Brown,Delayed,9,No,Passed,15
TXN102881,06-12-2025,Liverpool Logistics,Liverpool,Home Appliances,Air Fryer,Tesco Supply Ltd,BATCH-9217,Inbound,753,220,22,14,1112.75,1368.1,B2,Jack Taylor,Delayed,7,No,Passed,24
TXN102882,04-03-2026,London Central Hub,Glasgow,Pharma,Cough Syrup,Britannia Pharma,BATCH-7341,Outbound,456,355,32,9,965.16,1229.9,A2,Emily Harris,On Time,3,No,Passed,25
TXN102883,09-11-2025,Leeds Fulfillment,Bristol,Grocery,Rice Pack,Prime Wholesale UK,BATCH-7870,Inbound,850,503,36,0,689.61,795.25,D2,Oliver Smith,Delayed,10,No,Passed,3
TXN102884,21-12-2025,Manchester Storage,London,Electronics,Laptop,Tesco Supply Ltd,BATCH-3334,Inbound,270,202,22,12,876.26,1063.86,C2,Emily Harris,Delayed,8,No,Passed,11
TXN102885,15-12-2025,Glasgow Warehouse,Newcastle,Electronics,Laptop,Sainsbury Logistics,BATCH-9140,Outbound,873,76,16,9,332.65,446.11,D1,George Brown,Delayed,7,Yes,Passed,0
TXN102886,16-10-2025,Glasgow Warehouse,Liverpool,Grocery,Rice Pack,Prime Wholesale UK,BATCH-1479,Inbound,511,183,34,18,218.75,381.66,B2,Emily Harris,Slightly Delayed,4,No,Passed,22
TXN102887,09-04-2025,Birmingham Distribution,Liverpool,Electronics,Monitor,Prime Wholesale UK,BATCH-8890,Outbound,239,21,13,4,1069.79,1385.87,D1,Emily Harris,Delayed,10,No,Passed,19
TXN102888,16-09-2025,Bristol Supply Hub,London,Pharma,Bandages,Prime Wholesale UK,BATCH-8230,Outbound,447,299,20,6,997.76,1291.2,D2,Jack Taylor,Slightly Delayed,5,No,Passed,25
TXN102889,02-02-2026,Birmingham Distribution,Leeds,Pharma,Cough Syrup,Sainsbury Logistics,BATCH-8347,Inbound,742,469,35,11,476.4,623.85,C1,Amelia Clark,On Time,2,Yes,Passed,20
TXN102890,17-06-2025,Newcastle Depot,Newcastle,Home Appliances,Microwave,Northern Supply Chain,BATCH-4940,Outbound,143,71,22,4,224.39,328.72,A2,Jack Taylor,Slightly Delayed,4,No,Passed,17
TXN102891,04-05-2026,London Central Hub,Liverpool,Fashion,T-Shirt,ASDA Distribution,BATCH-9583,Outbound,501,173,28,13,934.18,1409.62,B1,Emily Harris,On Time,2,No,Failed,18
TXN102892,08-12-2025,Leeds Fulfillment,Birmingham,Fashion,Jacket,Tesco Supply Ltd,BATCH-6415,Inbound,945,439,34,16,954.52,1497.56,C2,Emily Harris,Delayed,8,No,Passed,12
TXN102893,30-09-2025,Glasgow Warehouse,Manchester,Grocery,Cooking Oil,London Trade Corp,BATCH-4812,Inbound,892,91,25,6,317.93,440.29,B1,Harry Johnson,On Time,2,No,Passed,2
TXN102894,19-01-2026,Bristol Supply Hub,Bristol,Grocery,Cereal,London Trade Corp,BATCH-2770,Outbound,178,177,32,20,1010.9,1553.22,D1,Amelia Clark,Delayed,9,Yes,Passed,25
TXN102895,05-04-2026,Glasgow Warehouse,Glasgow,Electronics,Monitor,Sainsbury Logistics,BATCH-4014,Outbound,64,42,36,7,738.83,1052.23,C1,Harry Johnson,On Time,2,Yes,Passed,8
TXN102896,16-04-2026,Bristol Supply Hub,Liverpool,Fashion,Sneakers,Sainsbury Logistics,BATCH-1093,Inbound,392,98,38,11,863.32,1288.82,B1,Emily Harris,Slightly Delayed,4,Yes,Passed,2
TXN102897,27-01-2025,Leeds Fulfillment,Newcastle,Grocery,Rice Pack,London Trade Corp,BATCH-6453,Outbound,562,71,3,4,103.31,133.75,D2,Emily Harris,Delayed,9,Yes,Passed,9
TXN102898,09-10-2025,Liverpool Logistics,Bristol,Grocery,Cooking Oil,Northern Supply Chain,BATCH-5303,Inbound,623,204,14,19,86.61,102.99,C2,Oliver Smith,On Time,2,No,Passed,12
TXN102899,07-08-2025,Manchester Storage,Liverpool,Home Appliances,Air Fryer,Prime Wholesale UK,BATCH-1873,Inbound,261,55,36,14,1071.6,1561.68,C1,Jack Taylor,Slightly Delayed,6,No,Passed,19
TXN102900,24-07-2025,London Central Hub,Leeds,Home Appliances,Microwave,Prime Wholesale UK,BATCH-9592,Inbound,406,308,34,19,872.89,1327.95,A1,Amelia Clark,Delayed,7,Yes,Failed,13
TXN102901,01-04-2025,Leeds Fulfillment,Leeds,Pharma,Bandages,Northern Supply Chain,BATCH-4973,Inbound,787,359,32,17,1106.79,1674.77,B1,Jack Taylor,Delayed,8,Yes,Failed,21
TXN102902,29-10-2025,Manchester Storage,Birmingham,Electronics,Keyboard,Sainsbury Logistics,BATCH-1623,Inbound,226,137,19,18,298.57,446.95,A2,Charlie Davies,On Time,1,Yes,Passed,4
TXN102903,02-01-2026,Glasgow Warehouse,Birmingham,Home Appliances,Microwave,UK Retail Goods,BATCH-9004,Inbound,130,46,24,16,338.27,448.98,A1,Emily Harris,On Time,2,No,Passed,15
TXN102904,14-01-2025,Leeds Fulfillment,Newcastle,Pharma,Paracetamol,Britannia Pharma,BATCH-4929,Inbound,679,75,2,6,215.21,381.95,D1,Emily Harris,Delayed,7,No,Passed,17
TXN102905,22-04-2025,Glasgow Warehouse,Leeds,Pharma,Bandages,UK Retail Goods,BATCH-8316,Outbound,328,132,4,1,981.36,1759.04,D2,Noah Wilson,On Time,3,Yes,Failed,23
TXN102906,05-11-2025,Bristol Supply Hub,Birmingham,Pharma,Cough Syrup,Sainsbury Logistics,BATCH-5447,Inbound,600,198,4,19,510.28,826.93,A2,George Brown,Slightly Delayed,6,Yes,Failed,4
TXN102907,11-01-2025,Manchester Storage,Leeds,Pharma,Cough Syrup,ASDA Distribution,BATCH-3090,Outbound,563,533,39,16,238.56,365.41,D2,Oliver Smith,Slightly Delayed,4,No,Passed,14
TXN102908,12-01-2026,Newcastle Depot,Glasgow,Electronics,Monitor,Prime Wholesale UK,BATCH-2137,Inbound,560,210,19,8,1077.69,1802.63,B2,Harry Johnson,Slightly Delayed,5,No,Passed,25
TXN102909,18-07-2025,Glasgow Warehouse,Bristol,Fashion,Handbag,UK Retail Goods,BATCH-5583,Outbound,903,518,13,3,810.16,965.19,C1,Charlie Davies,On Time,3,Yes,Passed,22
TXN102910,15-09-2025,Birmingham Distribution,Bristol,Electronics,Laptop,UK Retail Goods,BATCH-4071,Outbound,869,606,0,6,1028.98,1531.48,C2,Oliver Smith,Slightly Delayed,6,Yes,Passed,15
TXN102911,09-10-2025,Birmingham Distribution,London,Electronics,Keyboard,Prime Wholesale UK,BATCH-5086,Outbound,208,119,19,5,136.98,151.32,D1,Jack Taylor,Slightly Delayed,4,No,Passed,1
TXN102912,16-10-2025,Leeds Fulfillment,Liverpool,Fashion,Handbag,UK Retail Goods,BATCH-6660,Outbound,894,340,37,19,8.16,13.17,B1,Noah Wilson,On Time,2,No,Passed,25
TXN102913,21-01-2025,Birmingham Distribution,Birmingham,Electronics,Tablet,Sainsbury Logistics,BATCH-1902,Outbound,124,29,7,16,568.55,898.61,B2,George Brown,On Time,1,Yes,Passed,1
TXN102914,06-08-2025,Newcastle Depot,Manchester,Home Appliances,Vacuum Cleaner,Tesco Supply Ltd,BATCH-2509,Outbound,639,387,24,1,637.32,936.76,D2,George Brown,Slightly Delayed,5,No,Passed,25
TXN102915,18-10-2025,Bristol Supply Hub,Bristol,Fashion,Sneakers,London Trade Corp,BATCH-1954,Outbound,968,598,39,3,923.92,1601.33,C2,Emily Harris,Slightly Delayed,4,No,Passed,24
TXN102916,28-01-2025,Leeds Fulfillment,Glasgow,Electronics,Tablet,Tesco Supply Ltd,BATCH-7453,Inbound,526,505,12,3,512.54,649.41,B1,Emily Harris,Slightly Delayed,6,Yes,Passed,22
TXN102917,09-08-2025,Bristol Supply Hub,Bristol,Pharma,Vitamin Tablets,Northern Supply Chain,BATCH-8648,Outbound,914,301,5,13,732.06,937.05,C1,Amelia Clark,Slightly Delayed,6,Yes,Failed,8
TXN102918,19-04-2025,Newcastle Depot,Leeds,Grocery,Cereal,UK Retail Goods,BATCH-8329,Outbound,362,24,1,0,1121.79,1889.97,D2,Harry Johnson,On Time,2,Yes,Passed,24
TXN102919,20-12-2025,Newcastle Depot,Bristol,Fashion,Jeans,Sainsbury Logistics,BATCH-3314,Inbound,569,202,12,5,180.99,306.41,B2,Jack Taylor,Delayed,9,No,Passed,1
TXN102920,22-02-2026,London Central Hub,London,Electronics,Smartphone,Tesco Supply Ltd,BATCH-1311,Outbound,332,80,30,15,488.82,695.72,A2,Harry Johnson,Delayed,7,No,Passed,5
TXN102921,18-09-2025,Manchester Storage,Leeds,Pharma,Bandages,Tesco Supply Ltd,BATCH-3103,Outbound,672,264,39,6,752.47,936.28,D1,Noah Wilson,Slightly Delayed,5,Yes,Passed,10
TXN102922,31-01-2026,Glasgow Warehouse,Manchester,Pharma,Cough Syrup,UK Retail Goods,BATCH-2796,Inbound,742,558,3,20,27.54,39.57,B1,Noah Wilson,Delayed,8,No,Passed,1
TXN102923,08-12-2025,Manchester Storage,Liverpool,Home Appliances,Microwave,London Trade Corp,BATCH-5887,Inbound,331,151,24,17,1119.73,1482.27,C1,George Brown,On Time,2,Yes,Passed,5
TXN102924,08-05-2025,Newcastle Depot,London,Fashion,Sneakers,ASDA Distribution,BATCH-1773,Outbound,380,252,2,2,566.57,944.44,C2,Noah Wilson,Delayed,8,No,Passed,1
TXN102925,10-02-2025,Birmingham Distribution,Bristol,Pharma,Cough Syrup,Sainsbury Logistics,BATCH-8872,Outbound,858,761,36,15,104.09,148.96,C2,Amelia Clark,Slightly Delayed,4,Yes,Passed,13
TXN102926,16-07-2025,Manchester Storage,Manchester,Electronics,Smartphone,Sainsbury Logistics,BATCH-3124,Inbound,168,149,27,19,985.8,1091.75,A1,Emily Harris,Slightly Delayed,6,No,Passed,16
TXN102927,12-04-2025,Liverpool Logistics,Manchester,Fashion,Sneakers,Britannia Pharma,BATCH-3205,Outbound,274,112,35,7,31.72,45.84,A2,Amelia Clark,Slightly Delayed,4,Yes,Passed,21
TXN102928,13-02-2026,Bristol Supply Hub,Leeds,Fashion,Sneakers,Sainsbury Logistics,BATCH-3826,Inbound,712,424,34,13,265.45,459.48,D1,George Brown,Slightly Delayed,5,No,Passed,24
TXN102929,02-02-2026,Bristol Supply Hub,Liverpool,Pharma,Vitamin Tablets,Britannia Pharma,BATCH-5748,Inbound,105,21,12,11,643.97,1007.62,A1,Charlie Davies,Delayed,9,Yes,Passed,9
TXN102930,09-03-2026,Newcastle Depot,Liverpool,Home Appliances,Vacuum Cleaner,Britannia Pharma,BATCH-1771,Outbound,993,107,38,5,531.58,952.58,B2,George Brown,Delayed,8,Yes,Failed,17
TXN102931,26-04-2025,Birmingham Distribution,London,Electronics,Monitor,Prime Wholesale UK,BATCH-4584,Outbound,728,505,5,15,545.04,635.33,A2,Emily Harris,On Time,1,No,Passed,10
TXN102932,03-01-2025,London Central Hub,London,Fashion,Sneakers,Tesco Supply Ltd,BATCH-2478,Inbound,158,141,40,19,84.29,108.77,B2,Oliver Smith,Delayed,9,Yes,Passed,23
TXN102933,08-01-2026,Liverpool Logistics,Birmingham,Electronics,Smartphone,ASDA Distribution,BATCH-6820,Inbound,894,580,37,0,310.04,342.79,B1,Emily Harris,On Time,2,No,Passed,4
TXN102934,07-08-2025,Manchester Storage,Glasgow,Pharma,Cough Syrup,UK Retail Goods,BATCH-4380,Outbound,305,249,26,9,390.15,449.78,C2,Emily Harris,Slightly Delayed,5,No,Passed,15
TXN102935,05-04-2025,London Central Hub,Liverpool,Electronics,Keyboard,UK Retail Goods,BATCH-9555,Inbound,156,94,32,14,891.85,1410.32,D1,Charlie Davies,Delayed,10,No,Passed,3
TXN102936,25-10-2025,Birmingham Distribution,Newcastle,Home Appliances,Air Fryer,Prime Wholesale UK,BATCH-1439,Outbound,597,407,34,2,167.06,230.91,D1,Charlie Davies,Delayed,10,No,Passed,25
TXN102937,09-09-2025,Liverpool Logistics,London,Pharma,Bandages,Tesco Supply Ltd,BATCH-8575,Outbound,430,325,28,14,798.01,1056.43,A1,Amelia Clark,Delayed,8,Yes,Passed,6
TXN102938,20-04-2026,Birmingham Distribution,Bristol,Grocery,Tea Bags,Prime Wholesale UK,BATCH-9193,Outbound,290,134,36,7,338.46,555.29,C2,Emily Harris,On Time,2,Yes,Passed,14
TXN102939,21-03-2025,Newcastle Depot,Liverpool,Grocery,Cereal,Sainsbury Logistics,BATCH-2092,Inbound,976,396,16,12,8.61,13.95,B2,Oliver Smith,Slightly Delayed,6,No,Passed,16
TXN102940,01-01-2026,Birmingham Distribution,Glasgow,Fashion,Handbag,London Trade Corp,BATCH-9190,Outbound,647,191,40,16,632.72,702.66,B2,Oliver Smith,On Time,3,Yes,Passed,15
TXN102941,07-04-2025,Manchester Storage,Glasgow,Electronics,Monitor,Britannia Pharma,BATCH-4683,Outbound,662,616,4,19,941.52,1042.36,C1,Harry Johnson,On Time,3,No,Passed,9
TXN102942,27-12-2025,Birmingham Distribution,Leeds,Fashion,Jacket,London Trade Corp,BATCH-7178,Inbound,703,579,18,17,892.36,1286.42,C1,Noah Wilson,On Time,2,No,Passed,11
TXN102943,09-05-2026,Leeds Fulfillment,London,Electronics,Keyboard,Northern Supply Chain,BATCH-3686,Outbound,306,73,26,4,759.21,1249.32,A1,Harry Johnson,Delayed,7,Yes,Passed,4
TXN102944,09-02-2025,Manchester Storage,Newcastle,Electronics,Smartphone,ASDA Distribution,BATCH-1118,Outbound,945,893,25,13,541.34,619.36,C2,George Brown,Delayed,10,Yes,Passed,15
TXN102945,12-10-2025,Bristol Supply Hub,London,Electronics,Keyboard,London Trade Corp,BATCH-1572,Inbound,937,642,35,0,184.07,212.63,C1,Amelia Clark,On Time,2,Yes,Passed,20
TXN102946,23-05-2025,Glasgow Warehouse,Glasgow,Electronics,Monitor,Britannia Pharma,BATCH-6368,Inbound,293,171,5,15,1079.46,1381.42,B1,Noah Wilson,On Time,2,Yes,Passed,10
TXN102947,10-04-2025,Liverpool Logistics,Bristol,Pharma,Paracetamol,UK Retail Goods,BATCH-4812,Outbound,474,426,19,19,109.11,170.12,C1,Amelia Clark,Delayed,7,No,Passed,0
TXN102948,02-02-2025,Manchester Storage,Bristol,Electronics,Monitor,London Trade Corp,BATCH-4784,Outbound,351,154,13,10,219.33,364.63,C1,Emily Harris,On Time,1,Yes,Failed,25
TXN102949,16-05-2025,Glasgow Warehouse,Birmingham,Fashion,T-Shirt,Britannia Pharma,BATCH-5513,Outbound,678,457,40,15,585.11,899.63,C1,Harry Johnson,Slightly Delayed,4,No,Passed,6
TXN102950,03-03-2026,London Central Hub,Bristol,Pharma,Paracetamol,UK Retail Goods,BATCH-3513,Outbound,634,37,16,6,1156.33,1866.79,D1,Charlie Davies,On Time,2,Yes,Passed,24
TXN102951,23-02-2025,Bristol Supply Hub,Leeds,Grocery,Cooking Oil,UK Retail Goods,BATCH-9461,Outbound,989,486,5,1,46.27,70.92,D2,Oliver Smith,Delayed,10,Yes,Failed,18
TXN102952,18-10-2025,Birmingham Distribution,Liverpool,Grocery,Rice Pack,Northern Supply Chain,BATCH-3082,Outbound,421,44,38,3,1192.61,2028.84,B2,George Brown,Slightly Delayed,4,No,Passed,11
TXN102953,02-01-2025,Bristol Supply Hub,Birmingham,Fashion,Jacket,UK Retail Goods,BATCH-9716,Inbound,163,63,18,18,893.2,1070.05,B2,George Brown,Slightly Delayed,4,No,Failed,11
TXN102954,12-08-2025,Manchester Storage,Manchester,Electronics,Monitor,Prime Wholesale UK,BATCH-3304,Inbound,555,111,31,14,482.98,761.85,B2,Noah Wilson,Delayed,10,No,Passed,18
TXN102955,10-08-2025,Newcastle Depot,Birmingham,Electronics,Tablet,Britannia Pharma,BATCH-6800,Inbound,799,234,23,6,103.37,140.72,C1,Oliver Smith,Slightly Delayed,6,No,Passed,3
TXN102956,03-10-2025,Birmingham Distribution,Leeds,Pharma,Bandages,Britannia Pharma,BATCH-7326,Inbound,731,528,5,13,662.98,976.11,A2,Amelia Clark,Delayed,10,Yes,Passed,12
TXN102957,26-03-2026,Birmingham Distribution,Liverpool,Grocery,Cereal,Sainsbury Logistics,BATCH-3263,Outbound,549,24,13,16,520.46,806.61,B1,Amelia Clark,Delayed,8,Yes,Passed,14
TXN102958,11-03-2025,Newcastle Depot,Leeds,Home Appliances,Vacuum Cleaner,Prime Wholesale UK,BATCH-6688,Inbound,452,282,5,5,411.78,482.94,C1,Jack Taylor,Slightly Delayed,6,No,Failed,9
TXN102959,28-10-2025,London Central Hub,Bristol,Electronics,Monitor,London Trade Corp,BATCH-3990,Outbound,484,179,13,8,326.28,359.71,B2,George Brown,Delayed,8,Yes,Passed,20
TXN102960,02-05-2026,Glasgow Warehouse,London,Grocery,Coffee,Prime Wholesale UK,BATCH-8910,Outbound,356,157,34,7,336.92,458.87,C1,Emily Harris,Delayed,10,Yes,Passed,22
TXN102961,10-02-2026,Manchester Storage,Bristol,Home Appliances,Mixer,Sainsbury Logistics,BATCH-4067,Inbound,811,349,28,0,1094.38,1528.26,C1,Noah Wilson,Slightly Delayed,6,No,Passed,14
TXN102962,10-05-2026,Manchester Storage,Glasgow,Electronics,Smartphone,Sainsbury Logistics,BATCH-9500,Inbound,677,312,35,15,202.19,295.72,A1,Charlie Davies,Delayed,10,No,Passed,17
TXN102963,14-03-2026,Birmingham Distribution,Birmingham,Grocery,Rice Pack,Tesco Supply Ltd,BATCH-3119,Outbound,930,593,3,16,214.84,345.29,B1,Harry Johnson,Delayed,9,Yes,Passed,20
TXN102964,11-02-2025,Birmingham Distribution,Newcastle,Home Appliances,Microwave,Sainsbury Logistics,BATCH-1184,Inbound,835,167,12,20,417.88,535.5,C2,Harry Johnson,Delayed,10,Yes,Passed,0
TXN102965,06-04-2026,Glasgow Warehouse,Leeds,Grocery,Cooking Oil,UK Retail Goods,BATCH-3766,Outbound,540,159,23,14,688.75,1138.34,A1,Noah Wilson,Delayed,9,Yes,Passed,5
TXN102966,31-01-2026,Newcastle Depot,Manchester,Pharma,Paracetamol,London Trade Corp,BATCH-1806,Outbound,614,24,29,15,772.0,855.98,C2,George Brown,Delayed,8,No,Passed,12
TXN102967,01-03-2025,Manchester Storage,Birmingham,Electronics,Keyboard,Sainsbury Logistics,BATCH-9359,Outbound,572,398,36,5,1146.71,1301.5,D1,Oliver Smith,Slightly Delayed,6,Yes,Failed,18
TXN102968,26-02-2025,London Central Hub,Liverpool,Home Appliances,Air Fryer,Northern Supply Chain,BATCH-5844,Outbound,756,316,36,8,1102.4,1291.97,B2,Emily Harris,Delayed,8,Yes,Passed,22
TXN102969,24-09-2025,Leeds Fulfillment,Liverpool,Pharma,Paracetamol,Sainsbury Logistics,BATCH-8234,Outbound,822,128,9,10,724.63,1013.21,D2,Harry Johnson,Slightly Delayed,5,No,Passed,9
TXN102970,11-02-2025,Leeds Fulfillment,Newcastle,Grocery,Cereal,Prime Wholesale UK,BATCH-1845,Inbound,756,367,39,19,911.82,1209.82,D2,Harry Johnson,Delayed,8,Yes,Passed,23
TXN102971,18-03-2025,Newcastle Depot,Birmingham,Electronics,Tablet,UK Retail Goods,BATCH-5353,Inbound,425,116,14,12,978.65,1694.94,C2,Harry Johnson,Delayed,10,No,Passed,10
TXN102972,29-01-2025,Manchester Storage,Glasgow,Home Appliances,Air Fryer,Britannia Pharma,BATCH-3388,Inbound,480,146,7,20,330.15,414.3,A2,Charlie Davies,Delayed,8,No,Passed,19
TXN102973,16-04-2025,Bristol Supply Hub,Bristol,Electronics,Keyboard,Britannia Pharma,BATCH-9990,Inbound,201,201,24,10,807.34,1077.85,C1,Noah Wilson,Delayed,8,Yes,Passed,6
TXN102974,27-02-2026,Bristol Supply Hub,Liverpool,Fashion,Sneakers,Sainsbury Logistics,BATCH-3968,Outbound,73,68,0,2,682.35,778.33,C1,Noah Wilson,On Time,2,Yes,Passed,12
TXN102975,03-03-2025,Newcastle Depot,Glasgow,Pharma,Cough Syrup,London Trade Corp,BATCH-2065,Outbound,991,602,20,2,800.9,1221.77,A2,Charlie Davies,Delayed,9,No,Passed,7
TXN102976,05-05-2026,London Central Hub,Leeds,Fashion,Handbag,Britannia Pharma,BATCH-1809,Inbound,621,61,13,8,443.79,709.88,A2,Oliver Smith,Delayed,9,Yes,Passed,13
TXN102977,24-04-2026,Liverpool Logistics,Manchester,Home Appliances,Microwave,Northern Supply Chain,BATCH-8710,Inbound,460,333,34,2,725.44,1154.22,D1,Amelia Clark,Slightly Delayed,4,No,Failed,0
TXN102978,02-12-2025,Leeds Fulfillment,London,Grocery,Rice Pack,ASDA Distribution,BATCH-1986,Outbound,507,197,0,10,678.89,1019.86,D2,Harry Johnson,On Time,1,Yes,Failed,18
TXN102979,06-11-2025,London Central Hub,Bristol,Electronics,Monitor,London Trade Corp,BATCH-4524,Outbound,688,404,23,3,26.1,43.41,C1,Jack Taylor,Slightly Delayed,6,No,Passed,22
TXN102980,17-07-2025,Glasgow Warehouse,Leeds,Pharma,Vitamin Tablets,UK Retail Goods,BATCH-5190,Outbound,658,212,5,16,440.36,744.02,A2,George Brown,Delayed,7,No,Passed,16
TXN102981,01-04-2025,Newcastle Depot,London,Home Appliances,Mixer,UK Retail Goods,BATCH-1374,Outbound,57,50,40,20,891.06,1524.81,A2,Emily Harris,Slightly Delayed,4,No,Passed,4
TXN102982,29-11-2025,Newcastle Depot,Newcastle,Grocery,Cooking Oil,Northern Supply Chain,BATCH-2613,Outbound,384,191,33,17,141.2,219.25,A2,Oliver Smith,Delayed,10,No,Passed,16
TXN102983,01-02-2025,Birmingham Distribution,Glasgow,Pharma,Cough Syrup,Prime Wholesale UK,BATCH-7738,Outbound,179,87,24,14,524.51,833.94,D2,Harry Johnson,On Time,1,Yes,Passed,10
TXN102984,14-02-2025,Manchester Storage,Leeds,Pharma,Cough Syrup,Tesco Supply Ltd,BATCH-2093,Outbound,945,378,34,9,957.92,1349.05,A1,Oliver Smith,Slightly Delayed,6,No,Passed,9
TXN102985,01-03-2026,Glasgow Warehouse,Liverpool,Pharma,Cough Syrup,Prime Wholesale UK,BATCH-4556,Inbound,926,605,27,5,780.75,1363.61,D2,Amelia Clark,On Time,3,No,Passed,23
TXN102986,23-02-2025,Glasgow Warehouse,Newcastle,Fashion,T-Shirt,Prime Wholesale UK,BATCH-1148,Outbound,415,379,9,8,774.9,950.97,C2,Harry Johnson,Slightly Delayed,4,Yes,Passed,4
TXN102987,22-01-2025,Bristol Supply Hub,London,Pharma,Cough Syrup,ASDA Distribution,BATCH-3278,Inbound,825,79,30,14,663.04,931.5,D2,Harry Johnson,Slightly Delayed,6,No,Passed,13
TXN102988,25-08-2025,Newcastle Depot,Birmingham,Grocery,Cooking Oil,Northern Supply Chain,BATCH-6624,Outbound,927,641,14,11,220.35,307.09,A2,Noah Wilson,On Time,2,Yes,Failed,25
TXN102989,12-02-2025,Birmingham Distribution,Liverpool,Fashion,Jacket,UK Retail Goods,BATCH-3172,Inbound,244,105,16,4,990.97,1728.55,A1,George Brown,On Time,1,No,Passed,21
TXN102990,19-04-2026,Glasgow Warehouse,Liverpool,Grocery,Rice Pack,UK Retail Goods,BATCH-2854,Inbound,332,224,30,9,25.4,36.0,C2,Amelia Clark,Delayed,9,No,Passed,22
TXN102991,02-02-2026,Liverpool Logistics,Liverpool,Home Appliances,Vacuum Cleaner,Northern Supply Chain,BATCH-5713,Inbound,381,232,11,17,1058.75,1416.23,A2,Charlie Davies,On Time,2,Yes,Passed,22
TXN102992,29-11-2025,London Central Hub,Liverpool,Home Appliances,Air Fryer,Sainsbury Logistics,BATCH-3637,Inbound,309,206,33,14,903.25,1232.71,D1,Oliver Smith,Slightly Delayed,4,No,Passed,0
TXN102993,05-04-2026,Glasgow Warehouse,Manchester,Electronics,Keyboard,Sainsbury Logistics,BATCH-2701,Inbound,209,41,21,10,589.78,1048.76,B2,Jack Taylor,On Time,2,Yes,Passed,20
TXN102994,19-11-2025,Newcastle Depot,Bristol,Electronics,Monitor,Northern Supply Chain,BATCH-7173,Inbound,638,94,37,9,323.05,513.05,C2,Noah Wilson,Slightly Delayed,6,No,Passed,14
TXN102995,21-12-2025,Newcastle Depot,Glasgow,Electronics,Laptop,Northern Supply Chain,BATCH-6644,Inbound,547,145,8,1,277.64,494.93,B2,Oliver Smith,Delayed,8,Yes,Passed,4
TXN102996,27-04-2025,Liverpool Logistics,Glasgow,Grocery,Coffee,ASDA Distribution,BATCH-8399,Inbound,232,53,14,14,114.42,205.26,A2,Harry Johnson,Slightly Delayed,5,Yes,Failed,10
TXN102997,04-08-2025,Bristol Supply Hub,Leeds,Grocery,Cereal,Sainsbury Logistics,BATCH-1777,Inbound,215,133,0,19,1117.72,1682.04,A2,Emily Harris,On Time,1,Yes,Passed,2
TXN102998,06-04-2025,London Central Hub,Leeds,Electronics,Laptop,London Trade Corp,BATCH-7341,Outbound,91,34,1,8,473.87,537.2,D1,Charlie Davies,Slightly Delayed,6,Yes,Passed,0
TXN102999,24-08-2025,Liverpool Logistics,Birmingham,Grocery,Cereal,Tesco Supply Ltd,BATCH-3728,Outbound,912,631,22,6,569.25,878.37,B2,George Brown,On Time,3,No,Passed,8
TXN103000,11-06-2025,Glasgow Warehouse,Birmingham,Home Appliances,Mixer,ASDA Distribution,BATCH-5199,Outbound,553,439,38,13,431.49,617.54,B2,Harry Johnson,Delayed,7,Yes,Passed,20
TXN103001,01-05-2026,London Central Hub,Leeds,Pharma,Cough Syrup,Prime Wholesale UK,BATCH-9915,Inbound,750,262,16,14,317.65,505.82,B1,George Brown,On Time,2,Yes,Passed,6
TXN103002,02-10-2025,Glasgow Warehouse,Bristol,Pharma,Cough Syrup,Britannia Pharma,BATCH-5935,Outbound,699,606,18,8,547.65,910.76,A2,Jack Taylor,Slightly Delayed,5,Yes,Passed,3
TXN103003,03-09-2025,Liverpool Logistics,Manchester,Pharma,Bandages,Britannia Pharma,BATCH-4838,Inbound,193,178,37,2,311.79,425.78,D2,Amelia Clark,On Time,1,No,Passed,21
TXN103004,04-04-2026,Manchester Storage,Liverpool,Fashion,Jacket,Prime Wholesale UK,BATCH-3831,Inbound,834,155,13,19,425.16,546.23,D1,Emily Harris,On Time,3,No,Passed,20
TXN103005,11-05-2025,Bristol Supply Hub,Birmingham,Grocery,Rice Pack,Tesco Supply Ltd,BATCH-8845,Outbound,685,491,35,0,293.23,448.08,B2,Harry Johnson,Slightly Delayed,4,Yes,Passed,24
TXN103006,29-03-2026,Glasgow Warehouse,London,Home Appliances,Vacuum Cleaner,Prime Wholesale UK,BATCH-4870,Outbound,612,181,33,18,988.65,1440.52,C2,Charlie Davies,Slightly Delayed,4,Yes,Failed,11
TXN103007,24-08-2025,Glasgow Warehouse,Bristol,Electronics,Monitor,Northern Supply Chain,BATCH-3638,Inbound,571,141,22,3,823.2,1058.29,D2,Amelia Clark,On Time,3,Yes,Failed,21
TXN103008,29-07-2025,Glasgow Warehouse,Manchester,Fashion,Jeans,Britannia Pharma,BATCH-8411,Outbound,367,137,32,3,1150.26,1510.88,B2,Oliver Smith,Slightly Delayed,6,Yes,Failed,9
TXN103009,14-02-2026,Birmingham Distribution,Birmingham,Pharma,Bandages,Sainsbury Logistics,BATCH-2202,Outbound,817,237,15,17,317.62,421.49,A2,Noah Wilson,Slightly Delayed,6,Yes,Passed,4
TXN103010,13-01-2025,Birmingham Distribution,Birmingham,Electronics,Smartphone,Sainsbury Logistics,BATCH-1648,Inbound,947,641,15,1,666.64,976.15,C1,Harry Johnson,Slightly Delayed,4,No,Failed,13
TXN103011,26-03-2025,Bristol Supply Hub,Newcastle,Fashion,Handbag,Britannia Pharma,BATCH-1989,Inbound,499,43,25,16,245.58,364.25,A1,Emily Harris,Delayed,9,No,Passed,7
TXN103012,10-01-2025,Birmingham Distribution,Manchester,Pharma,Cough Syrup,UK Retail Goods,BATCH-6967,Outbound,644,439,11,11,800.55,1215.54,B2,Oliver Smith,Delayed,10,Yes,Passed,5
TXN103013,01-02-2025,Glasgow Warehouse,Bristol,Pharma,Vitamin Tablets,Britannia Pharma,BATCH-5759,Inbound,308,121,27,8,469.66,707.8,B2,Harry Johnson,Delayed,8,No,Passed,16
TXN103014,03-04-2025,Glasgow Warehouse,Glasgow,Grocery,Cooking Oil,London Trade Corp,BATCH-4720,Inbound,172,38,39,8,1092.13,1453.99,A2,Amelia Clark,Delayed,8,No,Passed,11
TXN103015,22-02-2026,Bristol Supply Hub,London,Pharma,Paracetamol,Prime Wholesale UK,BATCH-3604,Inbound,207,119,38,9,959.16,1064.3,C1,Noah Wilson,Delayed,9,Yes,Passed,25
TXN103016,20-11-2025,Birmingham Distribution,Glasgow,Home Appliances,Air Fryer,Britannia Pharma,BATCH-6105,Inbound,947,417,32,18,636.46,743.75,A1,Charlie Davies,Delayed,7,Yes,Passed,21
TXN103017,01-12-2025,Newcastle Depot,Birmingham,Grocery,Tea Bags,Prime Wholesale UK,BATCH-5271,Inbound,155,85,6,13,995.61,1745.26,A1,Oliver Smith,Slightly Delayed,4,No,Passed,1
TXN103018,31-08-2025,Manchester Storage,London,Grocery,Cereal,Britannia Pharma,BATCH-9320,Outbound,350,22,28,18,738.45,929.53,A2,Charlie Davies,Delayed,8,Yes,Passed,23
TXN103019,23-02-2025,Newcastle Depot,Manchester,Pharma,Cough Syrup,Britannia Pharma,BATCH-1103,Outbound,224,95,35,14,629.64,971.59,D2,Charlie Davies,Slightly Delayed,5,Yes,Passed,10
TXN103020,20-11-2025,London Central Hub,Manchester,Fashion,Handbag,Northern Supply Chain,BATCH-9577,Outbound,652,184,8,18,141.99,220.38,A1,Jack Taylor,Delayed,8,No,Passed,12
TXN103021,06-06-2025,Glasgow Warehouse,Birmingham,Grocery,Cooking Oil,Britannia Pharma,BATCH-3270,Outbound,61,59,37,9,567.78,879.37,D1,Emily Harris,On Time,2,No,Passed,8
TXN103022,12-10-2025,Bristol Supply Hub,Liverpool,Electronics,Monitor,Prime Wholesale UK,BATCH-2660,Outbound,394,143,28,8,1101.57,1778.47,C1,Noah Wilson,Delayed,8,No,Passed,2
TXN103023,09-06-2025,Newcastle Depot,Manchester,Electronics,Laptop,Northern Supply Chain,BATCH-9554,Outbound,464,432,33,11,707.25,961.91,C1,Emily Harris,On Time,3,Yes,Passed,10
TXN103024,14-01-2025,Liverpool Logistics,Manchester,Fashion,Jeans,Britannia Pharma,BATCH-2107,Outbound,329,124,11,10,109.93,130.35,A2,Oliver Smith,On Time,2,Yes,Passed,2
TXN103025,10-06-2025,Bristol Supply Hub,Manchester,Grocery,Rice Pack,Britannia Pharma,BATCH-3121,Inbound,875,103,29,9,563.56,896.17,A1,George Brown,On Time,2,Yes,Passed,5
TXN103026,18-09-2025,Newcastle Depot,London,Pharma,Cough Syrup,Sainsbury Logistics,BATCH-8558,Outbound,872,730,34,4,318.87,524.78,D2,Jack Taylor,On Time,1,Yes,Failed,13
TXN103027,17-07-2025,Manchester Storage,Glasgow,Pharma,Vitamin Tablets,Britannia Pharma,BATCH-7528,Outbound,387,160,11,9,816.34,932.69,D1,George Brown,On Time,3,Yes,Passed,15
TXN103028,28-11-2025,London Central Hub,Bristol,Grocery,Cereal,UK Retail Goods,BATCH-4409,Outbound,520,96,8,7,842.44,1351.37,C1,Charlie Davies,Delayed,9,Yes,Passed,18
TXN103029,19-12-2025,Glasgow Warehouse,Bristol,Fashion,Sneakers,Tesco Supply Ltd,BATCH-3267,Outbound,945,930,2,17,211.01,364.1,C1,Oliver Smith,On Time,1,Yes,Passed,14
TXN103030,13-11-2025,Manchester Storage,Leeds,Home Appliances,Vacuum Cleaner,Prime Wholesale UK,BATCH-1904,Outbound,479,374,8,12,664.86,1153.76,C1,Emily Harris,Slightly Delayed,5,No,Failed,2
TXN103031,05-03-2026,London Central Hub,Birmingham,Pharma,Vitamin Tablets,UK Retail Goods,BATCH-9479,Inbound,967,522,40,19,204.25,352.49,A1,Oliver Smith,On Time,1,Yes,Passed,21
TXN103032,17-11-2025,Glasgow Warehouse,Glasgow,Grocery,Cereal,UK Retail Goods,BATCH-1078,Inbound,533,28,26,20,580.66,960.75,B1,George Brown,On Time,3,Yes,Passed,3
TXN103033,24-02-2026,Liverpool Logistics,Birmingham,Grocery,Cereal,Sainsbury Logistics,BATCH-4729,Inbound,610,125,25,19,29.95,49.61,D2,George Brown,Slightly Delayed,6,Yes,Passed,9
TXN103034,11-05-2025,Leeds Fulfillment,Birmingham,Pharma,Vitamin Tablets,Sainsbury Logistics,BATCH-4516,Inbound,324,56,25,1,621.32,925.35,B1,George Brown,On Time,2,No,Passed,13
TXN103035,28-01-2026,Liverpool Logistics,Birmingham,Fashion,Jacket,ASDA Distribution,BATCH-4930,Inbound,666,617,36,14,101.89,148.33,D2,Charlie Davies,On Time,2,Yes,Passed,2
TXN103036,01-01-2026,Leeds Fulfillment,Newcastle,Pharma,Cough Syrup,Britannia Pharma,BATCH-5165,Inbound,727,385,19,8,538.69,650.76,B1,Charlie Davies,On Time,1,No,Passed,6
TXN103037,06-03-2026,Liverpool Logistics,Birmingham,Electronics,Tablet,Tesco Supply Ltd,BATCH-1855,Outbound,553,279,32,11,779.06,1143.08,A1,Noah Wilson,Delayed,8,Yes,Passed,20
TXN103038,25-10-2025,Newcastle Depot,Manchester,Fashion,T-Shirt,London Trade Corp,BATCH-8664,Inbound,299,242,24,15,913.74,1615.5,B2,Noah Wilson,Slightly Delayed,6,No,Passed,7
TXN103039,14-04-2026,London Central Hub,Glasgow,Home Appliances,Vacuum Cleaner,Northern Supply Chain,BATCH-5742,Outbound,560,58,11,7,643.33,1126.58,D1,Harry Johnson,Delayed,10,Yes,Failed,14
TXN103040,04-10-2025,Glasgow Warehouse,Birmingham,Home Appliances,Mixer,Sainsbury Logistics,BATCH-5295,Inbound,207,193,2,14,728.69,1006.01,D2,Charlie Davies,Slightly Delayed,5,No,Passed,3
TXN103041,02-02-2025,Glasgow Warehouse,Glasgow,Fashion,Jeans,London Trade Corp,BATCH-7413,Outbound,969,477,9,1,99.25,168.3,D2,Jack Taylor,On Time,1,No,Passed,7
TXN103042,09-02-2026,London Central Hub,Newcastle,Pharma,Paracetamol,ASDA Distribution,BATCH-7530,Outbound,94,73,29,9,1040.47,1334.19,D2,Oliver Smith,Delayed,10,Yes,Passed,0
TXN103043,14-10-2025,Leeds Fulfillment,Manchester,Grocery,Coffee,Prime Wholesale UK,BATCH-2972,Outbound,819,609,8,7,811.04,1306.83,C2,Oliver Smith,On Time,1,Yes,Passed,19
TXN103044,23-02-2025,Liverpool Logistics,Newcastle,Grocery,Rice Pack,UK Retail Goods,BATCH-2791,Inbound,845,255,32,0,232.5,315.83,C2,Oliver Smith,Slightly Delayed,4,No,Passed,17
TXN103045,25-08-2025,Birmingham Distribution,Birmingham,Home Appliances,Mixer,Prime Wholesale UK,BATCH-9604,Inbound,839,651,34,15,843.61,1261.71,B1,Noah Wilson,Delayed,10,No,Passed,6
TXN103046,15-10-2025,Liverpool Logistics,London,Home Appliances,Mixer,UK Retail Goods,BATCH-9893,Inbound,694,59,26,5,42.32,74.73,D1,Harry Johnson,Delayed,8,No,Passed,17
TXN103047,20-05-2025,Manchester Storage,Manchester,Fashion,T-Shirt,London Trade Corp,BATCH-2341,Inbound,90,79,24,19,1139.03,1850.75,A2,Charlie Davies,Slightly Delayed,5,No,Passed,21
TXN103048,16-09-2025,Newcastle Depot,Birmingham,Grocery,Tea Bags,London Trade Corp,BATCH-9243,Outbound,846,199,20,10,1066.0,1343.15,B1,Noah Wilson,On Time,2,Yes,Passed,4
TXN103049,28-02-2025,Birmingham Distribution,Newcastle,Grocery,Tea Bags,Sainsbury Logistics,BATCH-4954,Inbound,999,966,11,15,831.1,1397.89,A2,Jack Taylor,On Time,3,Yes,Passed,9
TXN103050,11-02-2026,Birmingham Distribution,Newcastle,Electronics,Monitor,Prime Wholesale UK,BATCH-8637,Inbound,442,139,34,5,504.45,709.96,C1,Amelia Clark,Slightly Delayed,6,Yes,Passed,11
TXN103051,11-11-2025,Liverpool Logistics,Leeds,Grocery,Coffee,Northern Supply Chain,BATCH-9256,Outbound,453,394,21,20,1088.16,1415.16,A2,Amelia Clark,On Time,1,No,Passed,24
TXN103052,19-07-2025,Glasgow Warehouse,Liverpool,Fashion,Jeans,Tesco Supply Ltd,BATCH-9908,Inbound,678,148,36,2,917.12,1317.17,A2,Oliver Smith,Slightly Delayed,4,Yes,Passed,1
TXN103053,15-04-2025,Leeds Fulfillment,Manchester,Fashion,T-Shirt,Prime Wholesale UK,BATCH-1780,Inbound,603,262,7,16,998.96,1208.28,B1,George Brown,Delayed,7,No,Passed,1
TXN103054,29-11-2025,Glasgow Warehouse,Leeds,Home Appliances,Mixer,London Trade Corp,BATCH-5646,Outbound,689,223,14,19,810.5,982.83,D2,George Brown,Slightly Delayed,5,No,Passed,16
TXN103055,18-04-2026,Newcastle Depot,Leeds,Fashion,Handbag,Tesco Supply Ltd,BATCH-7685,Outbound,906,198,18,9,957.49,1600.46,D1,Emily Harris,Delayed,8,No,Passed,4
TXN103056,08-04-2025,Manchester Storage,Birmingham,Electronics,Monitor,London Trade Corp,BATCH-4347,Inbound,173,75,30,13,733.09,1079.34,D2,Emily Harris,On Time,3,Yes,Passed,19
TXN103057,11-06-2025,Manchester Storage,Glasgow,Electronics,Tablet,Northern Supply Chain,BATCH-8835,Inbound,562,98,11,2,1131.38,1955.93,A1,George Brown,Slightly Delayed,4,No,Passed,5
TXN103058,13-02-2026,Leeds Fulfillment,Leeds,Grocery,Coffee,UK Retail Goods,BATCH-8983,Inbound,824,773,6,19,243.73,322.17,B1,Jack Taylor,On Time,3,Yes,Failed,23
TXN103059,16-10-2025,Birmingham Distribution,Manchester,Electronics,Tablet,Sainsbury Logistics,BATCH-5778,Outbound,413,376,8,1,56.54,71.91,D1,Amelia Clark,On Time,1,No,Failed,25
TXN103060,26-01-2025,Liverpool Logistics,Newcastle,Fashion,Handbag,London Trade Corp,BATCH-2316,Inbound,261,26,12,3,590.78,896.64,D2,Amelia Clark,Slightly Delayed,5,No,Passed,16
TXN103061,16-03-2026,Manchester Storage,Leeds,Electronics,Smartphone,London Trade Corp,BATCH-2118,Inbound,804,688,6,19,884.86,1279.74,A1,Jack Taylor,Delayed,10,No,Failed,11
TXN103062,29-05-2025,Glasgow Warehouse,Liverpool,Grocery,Cereal,Britannia Pharma,BATCH-1893,Inbound,394,66,36,8,51.85,91.01,A1,Emily Harris,Delayed,9,No,Passed,5
TXN103063,30-08-2025,Glasgow Warehouse,London,Home Appliances,Air Fryer,Sainsbury Logistics,BATCH-3862,Outbound,774,642,39,15,201.69,343.8,B2,Harry Johnson,Slightly Delayed,6,Yes,Passed,24
TXN103064,21-04-2026,London Central Hub,Liverpool,Grocery,Tea Bags,Tesco Supply Ltd,BATCH-8420,Outbound,222,115,17,9,814.55,1221.07,B1,Charlie Davies,Slightly Delayed,6,No,Passed,25
TXN103065,08-04-2025,Newcastle Depot,Glasgow,Fashion,T-Shirt,ASDA Distribution,BATCH-7670,Inbound,500,96,15,19,453.32,710.3,A1,Amelia Clark,Delayed,9,No,Passed,5
TXN103066,24-08-2025,Birmingham Distribution,Birmingham,Fashion,T-Shirt,ASDA Distribution,BATCH-9184,Outbound,686,326,0,19,834.97,1407.12,C1,Oliver Smith,On Time,1,Yes,Passed,12
TXN103067,10-02-2025,Glasgow Warehouse,Bristol,Electronics,Smartphone,London Trade Corp,BATCH-1316,Outbound,699,384,19,8,35.33,56.62,C1,Jack Taylor,Delayed,10,Yes,Failed,20
TXN103068,30-12-2025,Liverpool Logistics,Glasgow,Pharma,Vitamin Tablets,ASDA Distribution,BATCH-2343,Outbound,877,149,34,7,1005.3,1607.66,C1,Amelia Clark,On Time,1,Yes,Passed,13
TXN103069,31-08-2025,Leeds Fulfillment,Liverpool,Home Appliances,Vacuum Cleaner,London Trade Corp,BATCH-2718,Outbound,997,573,2,11,648.97,891.79,C2,Noah Wilson,On Time,1,Yes,Passed,14
TXN103070,13-04-2025,Manchester Storage,Leeds,Grocery,Tea Bags,Prime Wholesale UK,BATCH-7505,Inbound,940,87,2,17,809.64,1039.52,B1,Amelia Clark,Delayed,7,No,Failed,1
TXN103071,08-12-2025,Manchester Storage,Bristol,Home Appliances,Air Fryer,Northern Supply Chain,BATCH-9437,Inbound,418,191,32,10,237.45,339.77,D1,Charlie Davies,Delayed,10,Yes,Passed,3
TXN103072,18-09-2025,Leeds Fulfillment,Glasgow,Home Appliances,Air Fryer,Prime Wholesale UK,BATCH-5672,Outbound,342,175,30,6,950.51,1101.12,D2,Oliver Smith,Delayed,8,No,Passed,1
TXN103073,18-03-2026,Liverpool Logistics,Birmingham,Home Appliances,Microwave,Prime Wholesale UK,BATCH-6982,Outbound,805,367,35,16,805.46,1061.95,A2,Harry Johnson,Slightly Delayed,6,No,Passed,13
TXN103074,24-03-2025,Manchester Storage,London,Pharma,Vitamin Tablets,London Trade Corp,BATCH-3060,Outbound,534,484,3,2,1116.82,1497.65,B1,Oliver Smith,Delayed,7,Yes,Passed,17
TXN103075,21-01-2025,Bristol Supply Hub,Leeds,Pharma,Cough Syrup,UK Retail Goods,BATCH-3632,Inbound,457,141,6,13,864.27,1416.65,D2,Charlie Davies,Delayed,7,No,Passed,22
TXN103076,08-05-2025,Glasgow Warehouse,Leeds,Home Appliances,Vacuum Cleaner,London Trade Corp,BATCH-3696,Inbound,577,553,12,7,275.95,320.72,A1,Amelia Clark,Delayed,10,No,Passed,13
TXN103077,18-10-2025,Birmingham Distribution,Manchester,Pharma,Vitamin Tablets,Tesco Supply Ltd,BATCH-1643,Inbound,314,275,39,14,1099.76,1801.64,B2,George Brown,On Time,1,No,Passed,12
TXN103078,07-06-2025,Manchester Storage,Bristol,Fashion,Jacket,Sainsbury Logistics,BATCH-9096,Outbound,527,307,0,16,862.45,1446.76,D1,Charlie Davies,Slightly Delayed,5,Yes,Passed,4
TXN103079,01-03-2025,Liverpool Logistics,Glasgow,Home Appliances,Microwave,UK Retail Goods,BATCH-8479,Outbound,832,185,22,1,910.79,1100.13,B1,Emily Harris,Delayed,10,Yes,Passed,18
TXN103080,19-04-2025,Manchester Storage,London,Fashion,T-Shirt,Prime Wholesale UK,BATCH-1728,Inbound,813,423,7,12,204.83,244.86,D2,Emily Harris,Slightly Delayed,4,No,Passed,9
TXN103081,07-09-2025,London Central Hub,Newcastle,Fashion,Jacket,UK Retail Goods,BATCH-2559,Inbound,602,246,18,17,1092.65,1404.85,B2,Noah Wilson,On Time,2,Yes,Passed,10
TXN103082,23-11-2025,Liverpool Logistics,Newcastle,Grocery,Coffee,London Trade Corp,BATCH-2713,Outbound,662,530,24,5,128.15,184.92,A2,Amelia Clark,On Time,2,No,Passed,17
TXN103083,04-05-2026,Newcastle Depot,Bristol,Fashion,T-Shirt,Tesco Supply Ltd,BATCH-3610,Outbound,590,211,12,19,863.16,1356.7,D1,Noah Wilson,Slightly Delayed,4,No,Passed,11
TXN103084,15-05-2025,Glasgow Warehouse,Birmingham,Pharma,Paracetamol,London Trade Corp,BATCH-4134,Outbound,119,38,4,19,806.6,1207.25,C2,Noah Wilson,On Time,2,Yes,Failed,2
TXN103085,17-03-2026,Leeds Fulfillment,Glasgow,Home Appliances,Air Fryer,ASDA Distribution,BATCH-5256,Outbound,423,159,36,15,74.41,123.08,B1,Harry Johnson,Delayed,10,Yes,Passed,4
TXN103086,12-01-2025,Birmingham Distribution,Manchester,Electronics,Tablet,Sainsbury Logistics,BATCH-2627,Inbound,566,507,0,20,545.19,693.93,A1,Jack Taylor,Delayed,7,No,Passed,17
TXN103087,10-10-2025,Leeds Fulfillment,Birmingham,Fashion,Handbag,London Trade Corp,BATCH-6425,Outbound,532,382,9,2,53.33,60.92,D1,George Brown,Slightly Delayed,5,Yes,Passed,5
TXN103088,10-01-2025,Bristol Supply Hub,Newcastle,Home Appliances,Mixer,UK Retail Goods,BATCH-3352,Inbound,814,678,20,8,343.44,400.53,D1,Oliver Smith,On Time,2,No,Passed,0
TXN103089,09-05-2026,Liverpool Logistics,Glasgow,Fashion,Sneakers,ASDA Distribution,BATCH-8571,Outbound,745,548,31,4,859.35,1146.45,B1,Oliver Smith,Delayed,9,No,Passed,14
TXN103090,20-07-2025,Liverpool Logistics,Birmingham,Fashion,Jacket,London Trade Corp,BATCH-6617,Inbound,90,59,33,6,838.73,1326.01,B1,Emily Harris,Delayed,8,No,Passed,6
TXN103091,23-03-2026,Leeds Fulfillment,Liverpool,Home Appliances,Vacuum Cleaner,Prime Wholesale UK,BATCH-4860,Inbound,209,198,25,5,1040.0,1389.56,B2,Oliver Smith,Delayed,7,Yes,Passed,8
TXN103092,16-05-2026,Leeds Fulfillment,Manchester,Fashion,Sneakers,London Trade Corp,BATCH-3710,Inbound,484,267,23,0,302.51,344.66,B2,Emily Harris,Delayed,10,Yes,Passed,1
TXN103093,04-10-2025,Liverpool Logistics,Leeds,Electronics,Laptop,Tesco Supply Ltd,BATCH-7699,Inbound,332,158,13,6,47.85,78.21,A1,Emily Harris,Delayed,10,No,Passed,16
TXN103094,14-08-2025,Glasgow Warehouse,Newcastle,Pharma,Bandages,London Trade Corp,BATCH-7000,Outbound,432,187,33,9,190.81,256.85,C1,Jack Taylor,Delayed,8,Yes,Passed,18
TXN103095,08-03-2025,Newcastle Depot,Leeds,Grocery,Tea Bags,Britannia Pharma,BATCH-3254,Inbound,555,369,1,2,725.59,872.52,B1,Harry Johnson,Slightly Delayed,6,No,Passed,12
TXN103096,08-11-2025,Manchester Storage,Leeds,Electronics,Keyboard,Sainsbury Logistics,BATCH-1356,Inbound,962,383,11,6,613.5,718.79,C2,Emily Harris,Slightly Delayed,5,No,Passed,14
TXN103097,31-12-2025,Bristol Supply Hub,Birmingham,Home Appliances,Vacuum Cleaner,UK Retail Goods,BATCH-2113,Outbound,173,65,16,1,351.42,446.93,C2,Charlie Davies,Delayed,7,Yes,Failed,6
TXN103098,13-06-2025,Glasgow Warehouse,Birmingham,Fashion,Jeans,Prime Wholesale UK,BATCH-8063,Outbound,696,324,30,14,781.96,979.32,C1,Amelia Clark,Delayed,7,Yes,Failed,11
TXN103099,20-04-2026,Manchester Storage,Leeds,Home Appliances,Air Fryer,Britannia Pharma,BATCH-3078,Inbound,274,182,1,20,297.59,429.76,D1,Emily Harris,Delayed,9,No,Passed,3
TXN103100,01-05-2026,Glasgow Warehouse,Manchester,Home Appliances,Mixer,Tesco Supply Ltd,BATCH-9089,Outbound,521,180,1,10,478.01,558.99,A2,Amelia Clark,Slightly Delayed,6,No,Passed,3
TXN103101,13-08-2025,Newcastle Depot,London,Electronics,Smartphone,ASDA Distribution,BATCH-4049,Outbound,618,560,38,0,81.64,93.91,B2,Harry Johnson,Delayed,9,No,Passed,24
TXN103102,03-02-2026,Newcastle Depot,Bristol,Fashion,Jeans,Tesco Supply Ltd,BATCH-6624,Outbound,713,287,11,1,471.46,642.13,B2,Charlie Davies,On Time,2,Yes,Passed,12
TXN103103,21-12-2025,Liverpool Logistics,Birmingham,Home Appliances,Vacuum Cleaner,Prime Wholesale UK,BATCH-2726,Inbound,802,88,38,9,853.83,989.16,D2,Noah Wilson,On Time,1,Yes,Passed,10
TXN103104,17-03-2026,London Central Hub,Glasgow,Fashion,Sneakers,Northern Supply Chain,BATCH-5116,Inbound,688,163,7,5,291.91,328.4,A2,Emily Harris,Slightly Delayed,4,Yes,Passed,24
TXN103105,26-09-2025,Newcastle Depot,London,Electronics,Laptop,ASDA Distribution,BATCH-9804,Outbound,711,689,17,12,255.39,426.27,B2,Charlie Davies,On Time,2,Yes,Passed,21
TXN103106,13-05-2026,Glasgow Warehouse,Leeds,Pharma,Cough Syrup,Prime Wholesale UK,BATCH-1058,Outbound,994,322,23,19,231.52,343.36,B2,Jack Taylor,Slightly Delayed,4,Yes,Passed,7
TXN103107,26-02-2025,Bristol Supply Hub,Birmingham,Pharma,Paracetamol,Britannia Pharma,BATCH-4143,Outbound,400,162,0,14,1078.61,1497.37,A2,Noah Wilson,Delayed,8,Yes,Passed,9
TXN103108,04-02-2026,Newcastle Depot,Leeds,Pharma,Vitamin Tablets,London Trade Corp,BATCH-9487,Outbound,821,650,18,17,781.82,1286.17,C2,Jack Taylor,On Time,3,Yes,Passed,5
TXN103109,28-01-2025,Bristol Supply Hub,Newcastle,Grocery,Cooking Oil,Sainsbury Logistics,BATCH-6500,Inbound,504,388,30,12,824.68,981.98,D2,Noah Wilson,Delayed,9,No,Passed,8
TXN103110,03-02-2025,London Central Hub,Liverpool,Pharma,Cough Syrup,Tesco Supply Ltd,BATCH-7813,Inbound,960,145,37,1,489.67,706.18,C1,Jack Taylor,On Time,3,Yes,Passed,23
TXN103111,19-05-2025,Liverpool Logistics,Newcastle,Fashion,Jacket,UK Retail Goods,BATCH-6531,Inbound,69,63,33,8,204.66,288.79,C1,Emily Harris,Slightly Delayed,6,Yes,Passed,9
TXN103112,22-06-2025,Birmingham Distribution,Newcastle,Home Appliances,Air Fryer,Prime Wholesale UK,BATCH-5285,Outbound,582,541,12,5,197.77,263.58,A1,Noah Wilson,Slightly Delayed,4,Yes,Passed,16
TXN103113,27-03-2026,Newcastle Depot,Glasgow,Pharma,Bandages,Sainsbury Logistics,BATCH-3664,Inbound,945,133,14,15,1064.8,1424.33,A2,George Brown,Delayed,8,Yes,Passed,1
TXN103114,07-04-2025,Newcastle Depot,Liverpool,Pharma,Paracetamol,Britannia Pharma,BATCH-7110,Inbound,699,173,13,8,163.77,286.68,C2,Oliver Smith,On Time,1,Yes,Passed,4
TXN103115,24-05-2025,Liverpool Logistics,Bristol,Electronics,Smartphone,London Trade Corp,BATCH-9319,Outbound,729,441,15,17,241.93,330.07,C1,Harry Johnson,Delayed,10,No,Passed,17
TXN103116,23-12-2025,Bristol Supply Hub,Newcastle,Pharma,Paracetamol,Prime Wholesale UK,BATCH-4111,Outbound,909,245,19,9,962.57,1547.84,C2,Jack Taylor,Slightly Delayed,4,Yes,Passed,17
TXN103117,05-05-2025,Birmingham Distribution,London,Grocery,Rice Pack,ASDA Distribution,BATCH-2595,Outbound,565,557,25,3,480.09,668.84,C1,Harry Johnson,Slightly Delayed,4,No,Passed,16
TXN103118,08-12-2025,Manchester Storage,Leeds,Grocery,Coffee,Tesco Supply Ltd,BATCH-8022,Outbound,670,495,29,0,908.63,1430.32,C1,Emily Harris,Slightly Delayed,5,No,Passed,11
TXN103119,02-04-2026,Glasgow Warehouse,Liverpool,Electronics,Tablet,London Trade Corp,BATCH-2660,Inbound,1000,454,30,20,964.32,1546.06,B2,Jack Taylor,Delayed,10,No,Passed,13
TXN103120,21-06-2025,Birmingham Distribution,Birmingham,Grocery,Cereal,UK Retail Goods,BATCH-1863,Outbound,271,76,19,19,393.62,666.03,D2,Amelia Clark,On Time,2,Yes,Passed,10
TXN103121,16-12-2025,Leeds Fulfillment,Leeds,Home Appliances,Air Fryer,ASDA Distribution,BATCH-6116,Outbound,508,229,23,13,105.09,135.69,D2,Amelia Clark,Delayed,9,Yes,Passed,16
TXN103122,25-04-2025,Liverpool Logistics,Glasgow,Home Appliances,Vacuum Cleaner,Sainsbury Logistics,BATCH-1781,Inbound,430,364,10,19,125.6,163.33,A2,Harry Johnson,Delayed,10,No,Failed,22
TXN103123,03-03-2026,Newcastle Depot,Liverpool,Home Appliances,Air Fryer,Sainsbury Logistics,BATCH-1053,Outbound,508,373,16,8,935.48,1322.4,A2,Harry Johnson,Delayed,7,Yes,Passed,12
TXN103124,16-09-2025,Newcastle Depot,London,Home Appliances,Microwave,ASDA Distribution,BATCH-6616,Inbound,307,78,35,4,475.7,724.0,D2,Jack Taylor,On Time,2,Yes,Passed,11
TXN103125,01-10-2025,Manchester Storage,Manchester,Pharma,Paracetamol,Prime Wholesale UK,BATCH-5729,Inbound,641,86,37,18,701.76,1124.54,D1,Harry Johnson,Delayed,10,No,Passed,4
TXN103126,26-09-2025,Liverpool Logistics,Newcastle,Grocery,Tea Bags,Tesco Supply Ltd,BATCH-2888,Inbound,367,34,18,11,102.84,125.21,B2,Charlie Davies,On Time,3,No,Passed,21
TXN103127,27-11-2025,Birmingham Distribution,Leeds,Pharma,Vitamin Tablets,Northern Supply Chain,BATCH-1598,Inbound,980,109,35,18,1177.22,1325.46,B1,Charlie Davies,Slightly Delayed,5,No,Failed,21
TXN103128,06-02-2025,Bristol Supply Hub,Bristol,Home Appliances,Air Fryer,Prime Wholesale UK,BATCH-1864,Outbound,972,202,25,7,124.76,166.49,B1,Charlie Davies,Delayed,9,No,Passed,19
TXN103129,23-03-2025,Glasgow Warehouse,Leeds,Electronics,Tablet,Prime Wholesale UK,BATCH-7527,Inbound,379,162,2,12,328.68,533.09,D1,Jack Taylor,Delayed,9,No,Passed,2
TXN103130,23-01-2026,Bristol Supply Hub,Birmingham,Grocery,Rice Pack,Prime Wholesale UK,BATCH-3346,Inbound,202,80,18,18,458.6,616.87,C2,George Brown,Slightly Delayed,4,No,Passed,8
TXN103131,29-12-2025,Manchester Storage,Bristol,Grocery,Tea Bags,Sainsbury Logistics,BATCH-9305,Outbound,141,34,15,16,955.44,1407.93,D2,Charlie Davies,On Time,1,No,Passed,16
TXN103132,21-10-2025,Liverpool Logistics,Glasgow,Fashion,Jacket,Northern Supply Chain,BATCH-1723,Inbound,806,73,36,13,309.69,366.21,D1,Amelia Clark,Delayed,7,No,Passed,17
TXN103133,13-11-2025,Glasgow Warehouse,Liverpool,Fashion,T-Shirt,UK Retail Goods,BATCH-1675,Inbound,853,470,33,19,402.86,649.94,D1,Harry Johnson,Slightly Delayed,5,Yes,Passed,4
TXN103134,09-03-2025,Liverpool Logistics,Bristol,Fashion,Jacket,UK Retail Goods,BATCH-8363,Inbound,303,297,25,3,760.7,1220.9,B2,Emily Harris,Slightly Delayed,5,Yes,Failed,14
TXN103135,05-02-2026,Birmingham Distribution,London,Electronics,Keyboard,Britannia Pharma,BATCH-7779,Outbound,493,184,34,17,30.51,39.65,C1,Charlie Davies,Delayed,7,No,Passed,10
TXN103136,17-04-2025,Birmingham Distribution,Birmingham,Fashion,T-Shirt,Sainsbury Logistics,BATCH-4453,Inbound,276,217,13,12,238.06,379.52,C1,George Brown,On Time,2,Yes,Failed,1
TXN103137,17-08-2025,Liverpool Logistics,Newcastle,Grocery,Tea Bags,Tesco Supply Ltd,BATCH-2515,Inbound,658,604,35,5,1084.95,1422.99,B2,Noah Wilson,Delayed,9,No,Passed,24
TXN103138,02-11-2025,Birmingham Distribution,Birmingham,Fashion,Handbag,Sainsbury Logistics,BATCH-3535,Inbound,881,782,13,15,757.61,1209.01,A2,Noah Wilson,Slightly Delayed,6,Yes,Passed,14
TXN103139,19-04-2026,Newcastle Depot,Leeds,Electronics,Smartphone,ASDA Distribution,BATCH-2324,Inbound,378,262,17,0,796.16,1371.18,B1,George Brown,On Time,1,Yes,Passed,13
TXN103140,15-10-2025,Liverpool Logistics,London,Home Appliances,Air Fryer,Tesco Supply Ltd,BATCH-4573,Inbound,816,339,39,7,657.51,791.28,B2,Noah Wilson,Delayed,7,No,Passed,23
TXN103141,11-12-2025,Leeds Fulfillment,Glasgow,Fashion,Jeans,Northern Supply Chain,BATCH-2429,Outbound,769,434,4,9,864.7,988.98,A2,Harry Johnson,Delayed,8,Yes,Passed,0
TXN103142,16-01-2026,Glasgow Warehouse,Liverpool,Fashion,Handbag,Sainsbury Logistics,BATCH-1686,Inbound,666,315,9,18,225.34,394.69,A1,Harry Johnson,On Time,2,Yes,Passed,15
TXN103143,15-02-2026,Leeds Fulfillment,Leeds,Grocery,Cooking Oil,ASDA Distribution,BATCH-1096,Inbound,201,56,31,9,1195.86,1683.61,C1,Jack Taylor,Slightly Delayed,4,No,Passed,4
TXN103144,14-09-2025,Leeds Fulfillment,Newcastle,Pharma,Vitamin Tablets,Prime Wholesale UK,BATCH-1709,Inbound,547,318,8,8,719.77,942.94,B2,George Brown,Delayed,8,Yes,Passed,2
TXN103145,25-11-2025,Newcastle Depot,Birmingham,Electronics,Keyboard,UK Retail Goods,BATCH-6083,Inbound,117,67,28,2,718.62,837.63,A1,George Brown,Slightly Delayed,5,No,Passed,4
TXN103146,05-08-2025,Leeds Fulfillment,Leeds,Pharma,Paracetamol,ASDA Distribution,BATCH-9981,Outbound,379,330,24,6,132.13,230.16,D2,Amelia Clark,On Time,3,No,Passed,2
TXN103147,04-06-2025,Newcastle Depot,Glasgow,Fashion,T-Shirt,ASDA Distribution,BATCH-1951,Inbound,698,566,28,5,677.8,943.45,C1,Harry Johnson,On Time,1,Yes,Passed,23
TXN103148,26-06-2025,Newcastle Depot,Bristol,Electronics,Keyboard,Sainsbury Logistics,BATCH-6324,Inbound,794,173,22,18,764.38,954.04,C2,George Brown,Delayed,7,Yes,Passed,1
TXN103149,17-09-2025,Glasgow Warehouse,Manchester,Pharma,Bandages,Prime Wholesale UK,BATCH-1235,Outbound,75,72,23,8,505.6,564.67,B1,Oliver Smith,On Time,1,No,Passed,15
TXN103150,17-07-2025,Birmingham Distribution,Leeds,Grocery,Rice Pack,Britannia Pharma,BATCH-2894,Inbound,961,556,28,17,653.92,921.28,B2,Noah Wilson,On Time,3,No,Passed,17
TXN103151,14-03-2025,Liverpool Logistics,Glasgow,Electronics,Tablet,Sainsbury Logistics,BATCH-4249,Outbound,749,95,3,6,578.98,830.04,A1,Amelia Clark,On Time,1,Yes,Passed,14
TXN103152,14-04-2025,Bristol Supply Hub,London,Pharma,Paracetamol,Britannia Pharma,BATCH-2568,Outbound,809,398,30,1,1073.19,1885.75,A2,Jack Taylor,Delayed,9,Yes,Passed,10
TXN103153,21-10-2025,Leeds Fulfillment,Glasgow,Pharma,Vitamin Tablets,London Trade Corp,BATCH-8415,Outbound,878,750,19,18,1092.42,1748.55,D1,Jack Taylor,Delayed,9,Yes,Passed,6
TXN103154,08-10-2025,Manchester Storage,Glasgow,Grocery,Rice Pack,London Trade Corp,BATCH-4869,Outbound,328,28,13,1,801.32,1354.01,A1,Amelia Clark,Slightly Delayed,6,Yes,Passed,19
TXN103155,10-05-2026,Leeds Fulfillment,Liverpool,Grocery,Coffee,Prime Wholesale UK,BATCH-4208,Inbound,908,568,2,19,965.56,1248.66,B2,Harry Johnson,On Time,2,Yes,Passed,19
TXN103156,15-03-2026,Birmingham Distribution,London,Grocery,Cereal,Tesco Supply Ltd,BATCH-7131,Inbound,440,399,22,10,486.56,723.02,C1,Emily Harris,On Time,1,Yes,Passed,14
TXN103157,16-12-2025,Manchester Storage,Leeds,Home Appliances,Microwave,Northern Supply Chain,BATCH-2856,Inbound,116,47,11,8,478.46,551.77,A1,Harry Johnson,Slightly Delayed,4,No,Passed,1
TXN103158,08-02-2026,Bristol Supply Hub,London,Fashion,Handbag,ASDA Distribution,BATCH-1510,Inbound,976,538,14,8,26.78,37.89,A2,Emily Harris,Delayed,8,Yes,Passed,9
TXN103159,12-03-2026,Newcastle Depot,Glasgow,Home Appliances,Air Fryer,UK Retail Goods,BATCH-2666,Outbound,257,64,6,11,434.48,675.77,C2,George Brown,Slightly Delayed,4,No,Passed,3
TXN103160,06-03-2026,Manchester Storage,Liverpool,Grocery,Cooking Oil,London Trade Corp,BATCH-1627,Inbound,311,31,3,1,166.0,249.28,B1,George Brown,Delayed,8,No,Passed,23
TXN103161,05-01-2026,Birmingham Distribution,Liverpool,Pharma,Paracetamol,London Trade Corp,BATCH-2328,Inbound,737,563,37,15,449.51,697.44,B1,Amelia Clark,Delayed,9,No,Passed,5
TXN103162,27-04-2026,Leeds Fulfillment,Leeds,Electronics,Smartphone,Prime Wholesale UK,BATCH-8673,Inbound,649,162,34,16,359.86,493.5,D2,Amelia Clark,Slightly Delayed,4,Yes,Failed,19
TXN103163,21-02-2026,Liverpool Logistics,Liverpool,Grocery,Rice Pack,Tesco Supply Ltd,BATCH-5742,Inbound,404,208,5,11,890.26,1269.26,C1,Jack Taylor,Slightly Delayed,5,Yes,Passed,11
TXN103164,10-04-2026,Manchester Storage,Leeds,Home Appliances,Vacuum Cleaner,Tesco Supply Ltd,BATCH-3339,Inbound,757,418,33,15,354.8,445.04,B2,Oliver Smith,Delayed,8,Yes,Failed,17
TXN103165,11-07-2025,Newcastle Depot,Bristol,Electronics,Laptop,Sainsbury Logistics,BATCH-2177,Outbound,277,66,4,3,773.26,857.33,B2,Jack Taylor,Slightly Delayed,6,No,Failed,23
TXN103166,13-05-2026,Glasgow Warehouse,London,Pharma,Vitamin Tablets,Sainsbury Logistics,BATCH-4755,Inbound,110,62,13,9,1112.25,1948.54,A2,Amelia Clark,Delayed,8,Yes,Passed,7
TXN103167,10-02-2026,Birmingham Distribution,Newcastle,Fashion,Jacket,ASDA Distribution,BATCH-6039,Outbound,645,354,32,17,1028.57,1152.2,B2,Charlie Davies,Slightly Delayed,4,No,Passed,9
TXN103168,16-08-2025,Liverpool Logistics,Birmingham,Grocery,Cereal,UK Retail Goods,BATCH-9606,Inbound,362,242,33,13,261.58,454.72,B1,George Brown,Delayed,9,No,Passed,1
TXN103169,09-10-2025,Birmingham Distribution,Leeds,Pharma,Cough Syrup,London Trade Corp,BATCH-1824,Inbound,294,91,30,9,38.95,53.2,B2,Noah Wilson,Slightly Delayed,6,Yes,Passed,0
TXN103170,10-05-2025,Birmingham Distribution,Newcastle,Home Appliances,Mixer,UK Retail Goods,BATCH-8996,Outbound,566,382,17,17,877.07,1466.84,A1,Jack Taylor,On Time,2,No,Passed,15
TXN103171,28-07-2025,Manchester Storage,Leeds,Electronics,Keyboard,Northern Supply Chain,BATCH-2555,Inbound,938,676,4,6,993.0,1192.57,B2,Charlie Davies,On Time,1,No,Passed,14
TXN103172,08-04-2025,Manchester Storage,Leeds,Grocery,Cooking Oil,ASDA Distribution,BATCH-6791,Outbound,533,80,10,10,389.88,634.9,D2,Harry Johnson,Delayed,7,Yes,Passed,23
TXN103173,07-03-2026,Glasgow Warehouse,Birmingham,Fashion,Sneakers,London Trade Corp,BATCH-2721,Outbound,628,158,9,20,1115.59,1916.57,A2,Oliver Smith,Delayed,10,Yes,Passed,24
TXN103174,30-11-2025,Birmingham Distribution,Glasgow,Fashion,Sneakers,Tesco Supply Ltd,BATCH-8992,Outbound,374,356,28,8,450.9,606.14,B2,Noah Wilson,Delayed,10,No,Passed,22
TXN103175,21-07-2025,Newcastle Depot,London,Grocery,Tea Bags,Tesco Supply Ltd,BATCH-6384,Inbound,345,123,23,7,597.07,732.33,A1,Jack Taylor,Slightly Delayed,5,Yes,Passed,24
TXN103176,28-04-2026,Leeds Fulfillment,Newcastle,Home Appliances,Air Fryer,Britannia Pharma,BATCH-5771,Inbound,272,58,15,2,64.39,89.02,D1,Amelia Clark,Slightly Delayed,6,No,Failed,7
TXN103177,31-10-2025,Leeds Fulfillment,London,Pharma,Vitamin Tablets,UK Retail Goods,BATCH-4334,Outbound,151,122,1,16,300.35,340.09,D1,Jack Taylor,Delayed,9,No,Passed,25
TXN103178,15-01-2026,Birmingham Distribution,Bristol,Home Appliances,Vacuum Cleaner,Sainsbury Logistics,BATCH-7777,Outbound,422,132,39,10,1042.08,1265.79,A2,George Brown,On Time,2,No,Passed,23
TXN103179,23-04-2025,Birmingham Distribution,Manchester,Fashion,Jacket,Prime Wholesale UK,BATCH-8337,Outbound,141,46,27,2,701.97,974.8,C1,Harry Johnson,Delayed,8,No,Passed,8
TXN103180,10-01-2026,Newcastle Depot,Manchester,Fashion,T-Shirt,Northern Supply Chain,BATCH-3255,Outbound,804,202,1,8,413.25,712.57,D1,George Brown,Delayed,8,No,Passed,7
TXN103181,29-09-2025,Birmingham Distribution,Liverpool,Home Appliances,Air Fryer,UK Retail Goods,BATCH-2248,Outbound,724,71,25,7,51.12,91.57,D2,Noah Wilson,Delayed,10,No,Failed,13
TXN103182,15-01-2026,Bristol Supply Hub,Newcastle,Grocery,Cereal,Prime Wholesale UK,BATCH-4602,Outbound,239,39,6,16,1139.57,1695.55,A2,Oliver Smith,On Time,2,No,Passed,21
TXN103183,19-01-2025,Newcastle Depot,Leeds,Home Appliances,Air Fryer,Prime Wholesale UK,BATCH-3681,Inbound,267,96,19,13,630.37,1048.87,D1,Harry Johnson,On Time,1,No,Passed,13
TXN103184,04-10-2025,Bristol Supply Hub,Liverpool,Grocery,Cereal,Northern Supply Chain,BATCH-9026,Outbound,91,89,28,18,1065.43,1270.97,D1,Noah Wilson,Delayed,7,No,Failed,12
TXN103185,04-07-2025,Leeds Fulfillment,London,Grocery,Coffee,Britannia Pharma,BATCH-2871,Inbound,181,141,15,12,18.71,30.93,B2,Oliver Smith,Delayed,8,Yes,Passed,2
TXN103186,02-11-2025,Newcastle Depot,Newcastle,Fashion,Sneakers,Northern Supply Chain,BATCH-3025,Inbound,988,172,34,20,161.61,269.47,C2,Amelia Clark,Delayed,8,Yes,Passed,13
TXN103187,14-01-2025,Birmingham Distribution,Leeds,Fashion,Sneakers,Britannia Pharma,BATCH-7355,Outbound,91,41,35,20,9.38,16.16,A2,Amelia Clark,Delayed,9,No,Passed,2
TXN103188,14-05-2026,London Central Hub,Leeds,Fashion,Sneakers,UK Retail Goods,BATCH-9920,Inbound,625,463,25,13,1191.41,2018.86,B2,George Brown,Slightly Delayed,6,Yes,Passed,21
TXN103189,09-02-2025,Leeds Fulfillment,Glasgow,Home Appliances,Microwave,Prime Wholesale UK,BATCH-8281,Outbound,75,59,36,3,228.75,314.94,B1,Emily Harris,Delayed,10,Yes,Passed,10
TXN103190,28-08-2025,Birmingham Distribution,Bristol,Home Appliances,Microwave,Britannia Pharma,BATCH-7363,Outbound,106,106,29,0,868.57,1519.91,B1,Amelia Clark,Slightly Delayed,5,No,Passed,22
TXN103191,29-07-2025,Newcastle Depot,Liverpool,Home Appliances,Microwave,ASDA Distribution,BATCH-1753,Inbound,973,502,7,16,727.01,1276.55,A2,Emily Harris,Delayed,7,No,Passed,15
TXN103192,19-12-2025,Leeds Fulfillment,Birmingham,Fashion,T-Shirt,UK Retail Goods,BATCH-9382,Inbound,734,67,3,5,196.38,219.44,B1,Noah Wilson,Slightly Delayed,4,No,Passed,10
TXN103193,02-12-2025,Birmingham Distribution,Manchester,Grocery,Cooking Oil,Sainsbury Logistics,BATCH-1379,Inbound,80,58,19,3,202.41,259.48,C2,Jack Taylor,Slightly Delayed,6,Yes,Passed,18
TXN103194,22-12-2025,Newcastle Depot,Bristol,Pharma,Paracetamol,London Trade Corp,BATCH-7811,Inbound,131,44,36,12,403.29,541.9,D1,Jack Taylor,Slightly Delayed,6,No,Passed,0
TXN103195,20-03-2025,Liverpool Logistics,Manchester,Home Appliances,Vacuum Cleaner,Britannia Pharma,BATCH-4219,Inbound,467,95,32,19,971.66,1320.99,D1,Harry Johnson,Delayed,8,No,Passed,7
TXN103196,04-12-2025,London Central Hub,Bristol,Grocery,Cereal,ASDA Distribution,BATCH-3106,Inbound,562,394,33,18,748.18,1060.14,D2,Harry Johnson,Delayed,10,Yes,Passed,8
TXN103197,05-05-2026,Bristol Supply Hub,Newcastle,Pharma,Paracetamol,London Trade Corp,BATCH-9829,Inbound,556,118,6,7,793.19,1013.49,B2,Harry Johnson,Delayed,9,Yes,Passed,20
TXN103198,20-06-2025,Glasgow Warehouse,Liverpool,Fashion,T-Shirt,Britannia Pharma,BATCH-3957,Outbound,682,58,21,6,1154.15,1706.95,A1,Noah Wilson,Delayed,8,No,Passed,23
TXN103199,26-03-2025,Bristol Supply Hub,Leeds,Fashion,Jeans,Britannia Pharma,BATCH-3018,Inbound,287,283,0,0,307.08,357.22,C1,George Brown,Slightly Delayed,4,Yes,Passed,4
TXN103200,26-04-2026,Newcastle Depot,Manchester,Electronics,Laptop,UK Retail Goods,BATCH-5888,Inbound,965,733,35,12,440.3,599.95,A2,Harry Johnson,Slightly Delayed,4,No,Passed,14
TXN103201,25-02-2025,Bristol Supply Hub,Manchester,Pharma,Bandages,Prime Wholesale UK,BATCH-4111,Inbound,529,181,31,7,206.92,273.48,B1,Jack Taylor,Slightly Delayed,5,Yes,Passed,4
TXN103202,28-02-2025,London Central Hub,Liverpool,Electronics,Keyboard,London Trade Corp,BATCH-4347,Inbound,519,313,9,8,1177.54,1963.21,A1,Charlie Davies,Delayed,7,No,Passed,16
TXN103203,05-03-2026,Glasgow Warehouse,Leeds,Pharma,Paracetamol,ASDA Distribution,BATCH-4722,Inbound,926,479,9,15,256.33,291.97,D1,Noah Wilson,Delayed,10,Yes,Failed,21
TXN103204,16-09-2025,Birmingham Distribution,Birmingham,Electronics,Smartphone,ASDA Distribution,BATCH-4678,Inbound,1000,76,35,20,905.64,1079.78,D2,Oliver Smith,Delayed,10,No,Passed,21
TXN103205,02-06-2025,Bristol Supply Hub,Birmingham,Pharma,Paracetamol,Prime Wholesale UK,BATCH-4075,Outbound,271,185,32,13,1166.21,1687.93,C2,Harry Johnson,Delayed,10,Yes,Passed,18
TXN103206,13-09-2025,Liverpool Logistics,Manchester,Pharma,Paracetamol,Northern Supply Chain,BATCH-1648,Inbound,679,472,9,17,879.16,1172.1,D2,Amelia Clark,Delayed,7,Yes,Passed,23
TXN103207,29-09-2025,Bristol Supply Hub,Glasgow,Pharma,Bandages,London Trade Corp,BATCH-3587,Inbound,884,449,23,12,1172.25,1901.39,A2,Oliver Smith,On Time,3,No,Passed,6
TXN103208,17-12-2025,Newcastle Depot,Manchester,Electronics,Monitor,UK Retail Goods,BATCH-5393,Inbound,927,132,21,12,972.12,1390.48,A2,George Brown,Delayed,9,Yes,Passed,20
TXN103209,10-05-2025,Bristol Supply Hub,Glasgow,Home Appliances,Mixer,London Trade Corp,BATCH-5751,Outbound,58,37,10,6,663.39,1041.02,A1,Charlie Davies,On Time,3,No,Passed,8
TXN103210,24-10-2025,Newcastle Depot,Leeds,Home Appliances,Microwave,Britannia Pharma,BATCH-5586,Inbound,665,546,40,1,467.45,530.65,D1,Oliver Smith,Slightly Delayed,4,Yes,Passed,25
TXN103211,14-12-2025,Manchester Storage,London,Fashion,Handbag,Sainsbury Logistics,BATCH-1014,Outbound,824,55,36,20,442.12,581.49,D2,Emily Harris,Slightly Delayed,6,Yes,Passed,1
TXN103212,04-05-2026,Newcastle Depot,Newcastle,Home Appliances,Mixer,Tesco Supply Ltd,BATCH-6663,Inbound,387,137,1,5,1163.82,1459.76,D2,George Brown,Slightly Delayed,4,No,Passed,7
TXN103213,11-07-2025,Liverpool Logistics,Birmingham,Home Appliances,Microwave,London Trade Corp,BATCH-9520,Outbound,153,56,28,18,760.36,1255.5,A1,Jack Taylor,On Time,3,Yes,Passed,13
TXN103214,17-01-2026,Glasgow Warehouse,Leeds,Grocery,Tea Bags,Britannia Pharma,BATCH-6079,Outbound,331,110,8,3,158.78,266.55,A1,George Brown,On Time,2,No,Passed,24
TXN103215,11-09-2025,Newcastle Depot,Newcastle,Fashion,Jacket,Prime Wholesale UK,BATCH-4792,Inbound,68,63,4,12,999.21,1164.61,C2,Harry Johnson,On Time,1,No,Passed,20
TXN103216,27-04-2026,Leeds Fulfillment,London,Fashion,Jacket,Britannia Pharma,BATCH-5970,Inbound,507,117,31,5,73.14,82.49,A2,George Brown,On Time,3,Yes,Passed,14
TXN103217,24-07-2025,Glasgow Warehouse,Glasgow,Home Appliances,Microwave,Tesco Supply Ltd,BATCH-2389,Inbound,484,382,40,6,1080.53,1760.73,A1,Jack Taylor,Slightly Delayed,4,Yes,Passed,2
TXN103218,24-07-2025,Liverpool Logistics,Bristol,Grocery,Cereal,UK Retail Goods,BATCH-4379,Inbound,495,294,27,13,551.38,739.77,A1,Jack Taylor,Slightly Delayed,5,Yes,Failed,13
TXN103219,30-08-2025,London Central Hub,Manchester,Home Appliances,Microwave,Britannia Pharma,BATCH-7232,Inbound,245,41,37,18,793.41,873.68,D2,Oliver Smith,Delayed,9,Yes,Failed,15
TXN103220,12-05-2026,Bristol Supply Hub,Leeds,Grocery,Cereal,Sainsbury Logistics,BATCH-6469,Inbound,182,88,24,14,648.1,817.81,B1,Noah Wilson,Slightly Delayed,5,Yes,Passed,24
TXN103221,14-12-2025,Liverpool Logistics,Birmingham,Pharma,Vitamin Tablets,UK Retail Goods,BATCH-9062,Inbound,689,440,36,13,1022.66,1642.14,C1,George Brown,Delayed,8,Yes,Passed,20
TXN103222,17-12-2025,Leeds Fulfillment,Bristol,Electronics,Tablet,Tesco Supply Ltd,BATCH-6858,Outbound,286,90,19,0,1112.24,1279.46,B1,Emily Harris,Delayed,7,No,Passed,11
TXN103223,12-02-2025,Bristol Supply Hub,Manchester,Electronics,Smartphone,UK Retail Goods,BATCH-5530,Inbound,788,739,26,19,433.43,635.71,A2,George Brown,Delayed,7,No,Failed,17
TXN103224,25-01-2025,Leeds Fulfillment,London,Electronics,Tablet,Britannia Pharma,BATCH-3410,Outbound,377,220,10,2,721.47,930.06,A2,Jack Taylor,Delayed,7,Yes,Passed,22
TXN103225,02-06-2025,London Central Hub,Newcastle,Fashion,Sneakers,Sainsbury Logistics,BATCH-6006,Outbound,434,99,27,2,1045.68,1190.36,D1,Amelia Clark,Delayed,7,Yes,Passed,11
TXN103226,02-09-2025,Liverpool Logistics,Newcastle,Grocery,Rice Pack,Prime Wholesale UK,BATCH-8889,Inbound,910,243,39,15,909.22,1133.65,C1,George Brown,Slightly Delayed,5,No,Passed,5
TXN103227,10-03-2025,Birmingham Distribution,Bristol,Fashion,Handbag,ASDA Distribution,BATCH-3612,Outbound,369,56,11,17,802.2,1242.05,D2,Emily Harris,On Time,2,No,Passed,21
TXN103228,27-06-2025,Manchester Storage,London,Home Appliances,Mixer,Britannia Pharma,BATCH-1603,Outbound,646,339,2,13,849.66,1007.06,D2,Noah Wilson,Delayed,8,Yes,Passed,10
TXN103229,24-08-2025,Bristol Supply Hub,Glasgow,Home Appliances,Air Fryer,Northern Supply Chain,BATCH-4182,Outbound,565,292,33,2,41.09,69.67,C2,Harry Johnson,Slightly Delayed,5,Yes,Passed,0
TXN103230,27-03-2026,Newcastle Depot,Newcastle,Pharma,Cough Syrup,Tesco Supply Ltd,BATCH-2860,Outbound,163,110,8,16,36.47,52.46,D1,George Brown,Delayed,7,Yes,Passed,23
TXN103231,11-12-2025,Liverpool Logistics,Newcastle,Grocery,Cooking Oil,London Trade Corp,BATCH-7342,Inbound,247,117,8,15,1190.79,1643.31,B2,Charlie Davies,Slightly Delayed,4,No,Passed,7
TXN103232,23-04-2025,Glasgow Warehouse,Glasgow,Pharma,Paracetamol,Sainsbury Logistics,BATCH-5753,Inbound,216,170,1,9,434.47,721.15,C2,Oliver Smith,Delayed,7,Yes,Passed,8
TXN103233,12-10-2025,Glasgow Warehouse,Birmingham,Pharma,Paracetamol,Britannia Pharma,BATCH-4459,Inbound,814,42,25,20,460.59,638.01,C2,Noah Wilson,Slightly Delayed,6,Yes,Passed,4
TXN103234,13-05-2026,London Central Hub,Birmingham,Pharma,Bandages,Sainsbury Logistics,BATCH-9596,Inbound,107,41,7,3,496.99,807.25,C1,Amelia Clark,Delayed,7,No,Passed,13
TXN103235,13-05-2025,Liverpool Logistics,Bristol,Home Appliances,Mixer,ASDA Distribution,BATCH-2129,Outbound,896,750,30,17,136.92,223.97,B2,Noah Wilson,Slightly Delayed,6,Yes,Passed,12
TXN103236,30-04-2025,Birmingham Distribution,Bristol,Fashion,Sneakers,Prime Wholesale UK,BATCH-9966,Outbound,341,322,12,9,562.26,729.47,C2,Amelia Clark,On Time,1,No,Passed,23
TXN103237,17-04-2026,Bristol Supply Hub,Leeds,Electronics,Laptop,Tesco Supply Ltd,BATCH-7063,Outbound,835,356,22,12,676.91,781.14,D2,Amelia Clark,Delayed,7,No,Passed,0
TXN103238,19-01-2026,Liverpool Logistics,London,Electronics,Monitor,Prime Wholesale UK,BATCH-5790,Inbound,607,181,39,12,1024.61,1748.12,B1,Emily Harris,Slightly Delayed,5,No,Passed,23
TXN103239,06-06-2025,Glasgow Warehouse,Birmingham,Grocery,Tea Bags,ASDA Distribution,BATCH-8785,Outbound,257,23,7,18,1077.72,1507.88,C2,Amelia Clark,Delayed,10,No,Passed,17
TXN103240,19-12-2025,Bristol Supply Hub,Leeds,Home Appliances,Microwave,ASDA Distribution,BATCH-5975,Outbound,250,225,35,13,676.64,1135.92,D2,Charlie Davies,Slightly Delayed,4,No,Passed,23
TXN103241,29-08-2025,Manchester Storage,Glasgow,Fashion,Jeans,Northern Supply Chain,BATCH-2374,Inbound,616,87,21,20,511.84,724.97,A1,George Brown,Delayed,10,Yes,Passed,5
TXN103242,03-02-2026,Liverpool Logistics,Newcastle,Fashion,T-Shirt,Northern Supply Chain,BATCH-9575,Outbound,270,172,5,12,854.9,1405.24,D1,Charlie Davies,Slightly Delayed,5,No,Passed,9
TXN103243,10-08-2025,Newcastle Depot,Glasgow,Fashion,Jacket,ASDA Distribution,BATCH-2426,Outbound,596,102,30,11,1164.9,1498.46,C2,Amelia Clark,Delayed,10,Yes,Passed,25
TXN103244,21-02-2026,Birmingham Distribution,Bristol,Pharma,Cough Syrup,Northern Supply Chain,BATCH-7876,Outbound,109,72,3,4,145.9,220.58,B1,Emily Harris,Delayed,7,Yes,Passed,6
TXN103245,31-03-2025,Bristol Supply Hub,Manchester,Grocery,Cooking Oil,Sainsbury Logistics,BATCH-1756,Inbound,438,126,31,6,82.83,115.06,D1,Emily Harris,Delayed,9,No,Passed,5
TXN103246,17-02-2026,Manchester Storage,Birmingham,Fashion,T-Shirt,UK Retail Goods,BATCH-5186,Outbound,173,114,27,18,108.11,141.75,C1,Harry Johnson,Delayed,8,No,Failed,8
TXN103247,27-06-2025,Glasgow Warehouse,Liverpool,Fashion,Jacket,Tesco Supply Ltd,BATCH-1517,Outbound,549,130,22,1,6.38,9.88,C2,Charlie Davies,Delayed,7,No,Failed,22
TXN103248,10-01-2025,Glasgow Warehouse,Newcastle,Home Appliances,Air Fryer,Prime Wholesale UK,BATCH-6010,Inbound,596,363,39,5,184.29,313.96,C1,Jack Taylor,On Time,1,Yes,Passed,20
TXN103249,11-01-2026,Newcastle Depot,Birmingham,Electronics,Laptop,ASDA Distribution,BATCH-9185,Inbound,569,22,13,9,1134.67,1249.15,C1,Amelia Clark,Delayed,7,No,Failed,16
TXN103250,05-03-2025,Bristol Supply Hub,Newcastle,Fashion,Jacket,ASDA Distribution,BATCH-3405,Inbound,727,706,35,3,960.31,1466.8,A1,Jack Taylor,On Time,3,No,Passed,22
TXN103251,28-07-2025,Glasgow Warehouse,Manchester,Pharma,Vitamin Tablets,UK Retail Goods,BATCH-7912,Outbound,953,426,23,19,733.01,807.47,B1,George Brown,On Time,2,Yes,Passed,1
TXN103252,13-01-2025,Bristol Supply Hub,Liverpool,Home Appliances,Air Fryer,Britannia Pharma,BATCH-8944,Inbound,934,84,1,4,125.07,212.68,C1,Harry Johnson,Slightly Delayed,6,No,Failed,12
TXN103253,20-12-2025,Liverpool Logistics,Leeds,Electronics,Keyboard,Britannia Pharma,BATCH-5671,Inbound,198,86,28,9,23.52,38.07,D2,Charlie Davies,Delayed,10,No,Failed,13
TXN103254,26-10-2025,Glasgow Warehouse,London,Fashion,Jacket,ASDA Distribution,BATCH-8918,Outbound,901,634,25,5,109.63,133.66,A2,Oliver Smith,Slightly Delayed,4,Yes,Failed,4
TXN103255,14-12-2025,Glasgow Warehouse,Manchester,Electronics,Monitor,ASDA Distribution,BATCH-4676,Inbound,397,277,0,17,554.15,756.38,A1,Oliver Smith,Delayed,8,No,Passed,10
TXN103256,06-01-2025,London Central Hub,Manchester,Home Appliances,Mixer,London Trade Corp,BATCH-2006,Outbound,454,360,30,5,723.17,837.23,B1,Emily Harris,Slightly Delayed,4,Yes,Passed,3
TXN103257,06-04-2025,Birmingham Distribution,Bristol,Electronics,Keyboard,London Trade Corp,BATCH-1387,Inbound,499,469,25,11,1043.44,1506.62,C1,Harry Johnson,On Time,3,Yes,Passed,3
TXN103258,27-10-2025,Leeds Fulfillment,Leeds,Home Appliances,Microwave,Britannia Pharma,BATCH-1448,Outbound,874,614,38,20,855.16,1036.22,D1,Harry Johnson,Slightly Delayed,5,No,Passed,18
TXN103259,24-02-2026,Manchester Storage,Liverpool,Grocery,Cooking Oil,Sainsbury Logistics,BATCH-6709,Outbound,187,33,37,15,993.2,1579.86,A2,Jack Taylor,Slightly Delayed,5,Yes,Passed,5
TXN103260,09-02-2025,London Central Hub,London,Electronics,Laptop,Northern Supply Chain,BATCH-2865,Outbound,775,514,10,8,423.31,683.72,A1,Emily Harris,Slightly Delayed,6,Yes,Passed,6
TXN103261,01-04-2026,Glasgow Warehouse,Newcastle,Pharma,Vitamin Tablets,Tesco Supply Ltd,BATCH-4658,Outbound,580,334,28,6,183.72,236.19,C2,Charlie Davies,On Time,1,Yes,Failed,10
TXN103262,25-12-2025,Bristol Supply Hub,Manchester,Fashion,Jacket,ASDA Distribution,BATCH-8168,Inbound,554,211,30,20,892.46,1079.87,A2,Noah Wilson,On Time,1,No,Passed,1
TXN103263,03-04-2025,London Central Hub,Birmingham,Grocery,Tea Bags,Sainsbury Logistics,BATCH-5791,Inbound,791,93,24,15,115.36,200.48,A1,George Brown,Delayed,8,No,Passed,5
TXN103264,14-02-2025,Liverpool Logistics,Manchester,Electronics,Laptop,UK Retail Goods,BATCH-9780,Outbound,597,231,0,17,251.77,309.84,A2,Charlie Davies,Delayed,10,Yes,Passed,2
TXN103265,29-10-2025,Newcastle Depot,Birmingham,Electronics,Keyboard,Prime Wholesale UK,BATCH-8558,Inbound,658,191,14,1,580.7,732.76,B2,Oliver Smith,Slightly Delayed,4,No,Passed,4
TXN103266,08-01-2025,Newcastle Depot,Newcastle,Grocery,Cereal,Northern Supply Chain,BATCH-5615,Inbound,530,363,25,16,1076.37,1742.76,D2,Emily Harris,On Time,1,Yes,Passed,19
TXN103267,13-11-2025,Liverpool Logistics,Glasgow,Fashion,Handbag,Britannia Pharma,BATCH-2115,Inbound,851,397,9,11,298.8,531.08,A2,Emily Harris,Delayed,10,No,Failed,8
TXN103268,10-12-2025,Leeds Fulfillment,Leeds,Home Appliances,Microwave,Tesco Supply Ltd,BATCH-3870,Outbound,878,735,7,18,433.58,562.28,C2,Charlie Davies,On Time,3,Yes,Passed,0
TXN103269,21-05-2025,Liverpool Logistics,Manchester,Home Appliances,Vacuum Cleaner,London Trade Corp,BATCH-8100,Outbound,698,125,28,3,1195.98,2062.39,D1,Oliver Smith,Delayed,8,No,Passed,21
TXN103270,02-03-2025,Bristol Supply Hub,Liverpool,Grocery,Coffee,London Trade Corp,BATCH-4110,Inbound,306,275,31,15,400.06,704.98,C1,Emily Harris,Delayed,9,Yes,Passed,25
TXN103271,19-10-2025,Newcastle Depot,Leeds,Electronics,Laptop,Britannia Pharma,BATCH-7904,Inbound,917,699,7,13,185.63,330.82,A2,Amelia Clark,Delayed,9,Yes,Failed,25
TXN103272,20-11-2025,Leeds Fulfillment,Glasgow,Pharma,Paracetamol,ASDA Distribution,BATCH-7172,Outbound,447,167,39,3,857.39,954.47,B1,Noah Wilson,On Time,1,Yes,Passed,12
TXN103273,06-05-2026,Leeds Fulfillment,Birmingham,Fashion,Jacket,London Trade Corp,BATCH-3644,Outbound,920,842,39,0,141.94,221.04,D1,Emily Harris,Delayed,9,Yes,Failed,19
TXN103274,30-01-2026,Glasgow Warehouse,Liverpool,Grocery,Rice Pack,London Trade Corp,BATCH-9740,Inbound,441,385,18,15,1095.28,1731.94,B1,Jack Taylor,On Time,1,Yes,Passed,10
TXN103275,16-01-2026,Leeds Fulfillment,Liverpool,Home Appliances,Microwave,Sainsbury Logistics,BATCH-5009,Inbound,987,978,7,7,232.97,267.55,C1,Amelia Clark,Delayed,7,Yes,Passed,11
TXN103276,20-02-2026,Newcastle Depot,Birmingham,Pharma,Paracetamol,Tesco Supply Ltd,BATCH-6046,Inbound,478,335,31,17,622.21,769.42,D2,Harry Johnson,Delayed,8,No,Passed,4
TXN103277,04-07-2025,Birmingham Distribution,Leeds,Fashion,Jacket,Tesco Supply Ltd,BATCH-4328,Outbound,805,404,39,13,383.03,496.91,D2,Amelia Clark,Slightly Delayed,6,No,Passed,9
TXN103278,08-01-2026,Glasgow Warehouse,Liverpool,Pharma,Cough Syrup,Sainsbury Logistics,BATCH-9441,Inbound,913,333,0,13,474.7,839.61,D1,Noah Wilson,Delayed,10,Yes,Passed,20
TXN103279,06-10-2025,London Central Hub,Birmingham,Home Appliances,Mixer,Tesco Supply Ltd,BATCH-1478,Outbound,125,32,34,15,213.95,332.81,D1,Charlie Davies,Delayed,10,No,Passed,5
TXN103280,05-02-2025,Liverpool Logistics,Bristol,Grocery,Cereal,Britannia Pharma,BATCH-1970,Outbound,489,361,7,13,881.72,1016.94,C2,Oliver Smith,Delayed,7,No,Passed,23
TXN103281,01-07-2025,Manchester Storage,Leeds,Electronics,Keyboard,Prime Wholesale UK,BATCH-5805,Inbound,888,337,2,9,774.67,1344.69,D1,Noah Wilson,Slightly Delayed,4,Yes,Passed,5
TXN103282,04-05-2026,Birmingham Distribution,Liverpool,Home Appliances,Microwave,London Trade Corp,BATCH-3405,Inbound,413,228,14,7,509.74,855.28,D2,George Brown,On Time,1,Yes,Passed,3
TXN103283,21-03-2025,London Central Hub,Glasgow,Home Appliances,Vacuum Cleaner,ASDA Distribution,BATCH-5345,Outbound,597,91,15,0,976.16,1294.17,D1,Oliver Smith,On Time,1,No,Passed,12
TXN103284,26-07-2025,Glasgow Warehouse,Leeds,Grocery,Cooking Oil,UK Retail Goods,BATCH-5277,Outbound,974,242,2,18,310.42,466.77,C1,Charlie Davies,Delayed,8,Yes,Failed,19
TXN103285,22-01-2025,London Central Hub,Leeds,Pharma,Cough Syrup,Prime Wholesale UK,BATCH-2623,Outbound,462,449,13,15,253.28,317.54,D1,George Brown,On Time,1,Yes,Passed,9
TXN103286,31-10-2025,London Central Hub,Manchester,Grocery,Coffee,ASDA Distribution,BATCH-3229,Outbound,303,43,7,4,761.94,1268.8,B1,Oliver Smith,On Time,2,No,Passed,21
TXN103287,30-11-2025,London Central Hub,Newcastle,Home Appliances,Mixer,Tesco Supply Ltd,BATCH-5271,Inbound,598,526,18,3,367.51,493.77,D2,Noah Wilson,Delayed,7,No,Passed,22
TXN103288,08-08-2025,Birmingham Distribution,Birmingham,Pharma,Paracetamol,Britannia Pharma,BATCH-8507,Outbound,311,140,23,7,1032.75,1390.15,D1,Oliver Smith,Slightly Delayed,5,Yes,Passed,19
TXN103289,27-11-2025,Manchester Storage,Liverpool,Fashion,Sneakers,London Trade Corp,BATCH-2608,Outbound,851,814,36,0,692.78,1205.36,A2,Jack Taylor,On Time,2,Yes,Passed,17
TXN103290,11-08-2025,Leeds Fulfillment,Bristol,Pharma,Cough Syrup,London Trade Corp,BATCH-5437,Outbound,108,27,19,16,1196.8,1989.14,C2,Amelia Clark,Slightly Delayed,6,No,Passed,14
TXN103291,22-01-2026,Birmingham Distribution,Birmingham,Pharma,Cough Syrup,Tesco Supply Ltd,BATCH-5812,Inbound,488,487,4,5,298.87,332.37,A2,Charlie Davies,On Time,2,Yes,Passed,15
TXN103292,11-03-2025,London Central Hub,Leeds,Fashion,Jeans,UK Retail Goods,BATCH-5190,Inbound,657,296,10,0,122.4,198.51,B1,Oliver Smith,Delayed,8,Yes,Passed,9
TXN103293,26-02-2025,Liverpool Logistics,Newcastle,Electronics,Keyboard,Sainsbury Logistics,BATCH-4406,Inbound,610,388,29,14,874.31,1252.23,D2,Noah Wilson,Slightly Delayed,5,No,Passed,15
TXN103294,21-09-2025,Glasgow Warehouse,Liverpool,Electronics,Tablet,London Trade Corp,BATCH-3671,Outbound,449,396,4,16,536.34,685.36,C2,Noah Wilson,Delayed,8,No,Failed,10
TXN103295,28-05-2025,Newcastle Depot,Birmingham,Home Appliances,Microwave,Britannia Pharma,BATCH-4854,Inbound,172,100,17,3,1163.46,1481.9,C1,Amelia Clark,On Time,1,Yes,Passed,13
TXN103296,18-10-2025,Bristol Supply Hub,Liverpool,Pharma,Paracetamol,UK Retail Goods,BATCH-9140,Outbound,1000,984,19,9,887.05,1201.02,D2,Oliver Smith,On Time,1,Yes,Failed,10
TXN103297,20-06-2025,London Central Hub,Glasgow,Pharma,Paracetamol,Sainsbury Logistics,BATCH-7372,Outbound,591,578,0,13,246.48,329.75,B2,Emily Harris,Slightly Delayed,5,Yes,Passed,8
TXN103298,08-10-2025,Glasgow Warehouse,London,Fashion,T-Shirt,London Trade Corp,BATCH-2601,Inbound,792,534,3,19,665.57,1173.42,C1,Jack Taylor,Delayed,7,Yes,Passed,5
TXN103299,01-04-2025,Glasgow Warehouse,London,Fashion,Sneakers,UK Retail Goods,BATCH-4296,Outbound,421,154,40,15,813.48,965.71,B2,Amelia Clark,Slightly Delayed,5,Yes,Failed,9
TXN103300,24-09-2025,Leeds Fulfillment,Bristol,Electronics,Tablet,Tesco Supply Ltd,BATCH-7465,Outbound,947,125,7,0,326.25,426.95,B2,Jack Taylor,Delayed,10,Yes,Passed,0
TXN103301,20-03-2026,Glasgow Warehouse,Newcastle,Home Appliances,Air Fryer,Prime Wholesale UK,BATCH-4115,Inbound,470,463,27,6,375.33,445.52,C1,Charlie Davies,Delayed,7,No,Passed,20
TXN103302,07-02-2025,Manchester Storage,London,Pharma,Vitamin Tablets,ASDA Distribution,BATCH-2925,Inbound,476,115,14,6,101.34,181.53,B2,Emily Harris,Slightly Delayed,4,No,Passed,6
TXN103303,18-02-2025,Bristol Supply Hub,Newcastle,Home Appliances,Mixer,Tesco Supply Ltd,BATCH-7820,Outbound,959,54,28,15,940.09,1401.98,D1,Jack Taylor,Delayed,9,Yes,Failed,6
TXN103304,06-12-2025,Birmingham Distribution,Leeds,Electronics,Monitor,Tesco Supply Ltd,BATCH-2770,Outbound,378,36,38,17,260.5,450.45,A1,Charlie Davies,On Time,2,No,Passed,6
TXN103305,21-09-2025,Liverpool Logistics,Glasgow,Home Appliances,Vacuum Cleaner,UK Retail Goods,BATCH-8981,Inbound,336,212,39,16,723.59,930.28,C2,Oliver Smith,Slightly Delayed,4,Yes,Failed,10
TXN103306,04-04-2025,London Central Hub,Birmingham,Grocery,Coffee,Tesco Supply Ltd,BATCH-2829,Inbound,583,308,36,13,187.59,208.67,D1,Amelia Clark,Slightly Delayed,4,Yes,Passed,3
TXN103307,17-11-2025,Newcastle Depot,Bristol,Fashion,Jeans,ASDA Distribution,BATCH-5929,Inbound,569,383,20,11,439.35,498.45,D1,Amelia Clark,On Time,2,Yes,Passed,9
TXN103308,14-02-2025,London Central Hub,London,Pharma,Vitamin Tablets,Sainsbury Logistics,BATCH-7439,Outbound,471,273,30,0,993.55,1530.66,A2,Noah Wilson,On Time,2,No,Passed,21
TXN103309,18-03-2025,Liverpool Logistics,Manchester,Home Appliances,Air Fryer,Prime Wholesale UK,BATCH-9000,Inbound,314,289,37,11,1133.04,1457.25,A1,Charlie Davies,Slightly Delayed,6,Yes,Passed,14
TXN103310,09-04-2025,Manchester Storage,London,Grocery,Coffee,Tesco Supply Ltd,BATCH-1507,Inbound,469,196,24,7,1073.68,1554.32,B1,Jack Taylor,Slightly Delayed,5,Yes,Passed,0
TXN103311,11-07-2025,Glasgow Warehouse,Newcastle,Electronics,Tablet,Prime Wholesale UK,BATCH-5847,Outbound,510,256,24,0,469.99,647.88,A2,Harry Johnson,On Time,3,Yes,Passed,23
TXN103312,10-05-2025,Birmingham Distribution,Manchester,Home Appliances,Microwave,Britannia Pharma,BATCH-1900,Outbound,563,313,11,2,583.46,941.88,D2,Harry Johnson,Delayed,8,Yes,Passed,13
TXN103313,09-12-2025,Manchester Storage,Birmingham,Fashion,Jacket,Northern Supply Chain,BATCH-4858,Inbound,497,55,40,13,632.32,825.95,D2,Jack Taylor,Delayed,10,Yes,Passed,9
TXN103314,02-09-2025,Birmingham Distribution,Leeds,Pharma,Cough Syrup,Sainsbury Logistics,BATCH-9956,Outbound,53,49,15,6,238.87,270.44,B1,Emily Harris,Delayed,9,Yes,Passed,9
TXN103315,27-03-2026,Leeds Fulfillment,Bristol,Home Appliances,Air Fryer,Britannia Pharma,BATCH-8879,Outbound,692,256,17,9,1091.95,1922.71,D1,Charlie Davies,Delayed,7,Yes,Passed,7
TXN103316,17-02-2025,Glasgow Warehouse,Manchester,Electronics,Laptop,Sainsbury Logistics,BATCH-4201,Outbound,64,24,23,4,1005.76,1612.73,D1,Amelia Clark,Delayed,9,Yes,Passed,16
TXN103317,18-06-2025,Birmingham Distribution,Glasgow,Home Appliances,Vacuum Cleaner,Britannia Pharma,BATCH-5688,Outbound,287,95,15,11,125.84,160.13,D2,Oliver Smith,Delayed,10,Yes,Passed,2
TXN103318,23-05-2025,Newcastle Depot,Liverpool,Fashion,T-Shirt,Tesco Supply Ltd,BATCH-9374,Inbound,608,125,3,2,1192.61,1857.54,C1,Harry Johnson,On Time,3,No,Passed,5
TXN103319,19-03-2026,Newcastle Depot,Liverpool,Grocery,Tea Bags,UK Retail Goods,BATCH-1082,Inbound,416,244,17,10,818.34,1468.26,D1,Charlie Davies,Slightly Delayed,6,No,Passed,16
TXN103320,07-02-2025,Glasgow Warehouse,Glasgow,Fashion,T-Shirt,ASDA Distribution,BATCH-8185,Inbound,427,249,33,2,1150.3,1564.52,D1,Jack Taylor,Delayed,10,Yes,Passed,2
TXN103321,27-03-2026,Birmingham Distribution,Leeds,Grocery,Tea Bags,London Trade Corp,BATCH-4283,Inbound,104,34,30,2,368.29,529.82,D1,Charlie Davies,On Time,3,Yes,Failed,12
TXN103322,15-03-2026,Glasgow Warehouse,Liverpool,Pharma,Cough Syrup,Tesco Supply Ltd,BATCH-5476,Inbound,949,866,6,17,795.88,1311.04,A1,Emily Harris,Slightly Delayed,5,No,Passed,22
TXN103323,07-08-2025,Manchester Storage,Liverpool,Electronics,Keyboard,ASDA Distribution,BATCH-2725,Outbound,655,58,40,19,558.34,825.98,A1,Emily Harris,Delayed,10,Yes,Passed,10
TXN103324,10-08-2025,Bristol Supply Hub,Bristol,Fashion,Sneakers,Prime Wholesale UK,BATCH-9959,Outbound,760,618,7,13,1017.87,1167.64,A2,Amelia Clark,Slightly Delayed,6,Yes,Passed,0
TXN103325,18-02-2026,Glasgow Warehouse,Leeds,Grocery,Cereal,ASDA Distribution,BATCH-7024,Inbound,899,396,9,20,621.48,887.27,D1,Charlie Davies,Slightly Delayed,5,Yes,Passed,3
TXN103326,14-10-2025,Manchester Storage,Leeds,Home Appliances,Mixer,Northern Supply Chain,BATCH-7739,Outbound,132,68,31,17,590.46,761.86,C2,Emily Harris,On Time,1,Yes,Passed,22
TXN103327,25-01-2026,Birmingham Distribution,Bristol,Fashion,Handbag,UK Retail Goods,BATCH-7268,Outbound,374,168,1,4,234.46,420.02,D2,Harry Johnson,Slightly Delayed,4,Yes,Passed,20
TXN103328,03-02-2025,Birmingham Distribution,Leeds,Home Appliances,Microwave,Tesco Supply Ltd,BATCH-3853,Inbound,525,31,2,3,509.81,910.14,D2,Noah Wilson,Slightly Delayed,6,Yes,Passed,6
TXN103329,21-10-2025,Birmingham Distribution,Bristol,Home Appliances,Mixer,Sainsbury Logistics,BATCH-3629,Inbound,973,322,29,12,1137.18,1291.76,C2,Charlie Davies,On Time,1,Yes,Passed,14
TXN103330,08-03-2025,Birmingham Distribution,London,Fashion,Jeans,Northern Supply Chain,BATCH-7502,Outbound,171,21,36,17,1028.47,1274.78,C2,Jack Taylor,Delayed,8,Yes,Passed,11
TXN103331,01-02-2026,London Central Hub,Liverpool,Home Appliances,Air Fryer,Tesco Supply Ltd,BATCH-7564,Inbound,269,266,1,7,550.89,862.86,C1,Harry Johnson,Delayed,8,No,Passed,1
TXN103332,11-04-2026,Manchester Storage,Bristol,Pharma,Bandages,UK Retail Goods,BATCH-8405,Inbound,549,172,37,9,167.07,267.99,A1,Jack Taylor,On Time,2,No,Passed,4
TXN103333,15-08-2025,Newcastle Depot,London,Electronics,Tablet,Prime Wholesale UK,BATCH-8800,Inbound,759,563,34,17,853.94,1530.56,A2,Charlie Davies,Delayed,10,Yes,Passed,23
TXN103334,21-10-2025,Birmingham Distribution,Manchester,Pharma,Vitamin Tablets,Tesco Supply Ltd,BATCH-4519,Outbound,323,165,15,2,58.09,102.73,D2,Jack Taylor,Delayed,10,Yes,Passed,1
TXN103335,21-04-2025,Manchester Storage,London,Home Appliances,Vacuum Cleaner,UK Retail Goods,BATCH-5563,Inbound,797,368,16,4,598.81,991.27,A1,Emily Harris,Delayed,9,Yes,Passed,9
TXN103336,09-03-2025,Glasgow Warehouse,Bristol,Home Appliances,Vacuum Cleaner,London Trade Corp,BATCH-2586,Outbound,952,62,21,9,417.6,690.25,C1,Jack Taylor,Delayed,9,No,Failed,20
TXN103337,26-03-2025,London Central Hub,Leeds,Fashion,Sneakers,Northern Supply Chain,BATCH-5565,Outbound,609,179,10,6,209.33,308.99,A2,Emily Harris,Slightly Delayed,5,No,Passed,4
TXN103338,11-05-2026,Bristol Supply Hub,Manchester,Fashion,Sneakers,Sainsbury Logistics,BATCH-5421,Outbound,884,857,34,17,1077.95,1410.93,A1,Harry Johnson,On Time,1,Yes,Failed,13
TXN103339,28-01-2025,Birmingham Distribution,Manchester,Electronics,Laptop,Tesco Supply Ltd,BATCH-7550,Inbound,210,183,17,3,1001.5,1175.32,D1,George Brown,Delayed,7,Yes,Passed,12
TXN103340,04-02-2025,Birmingham Distribution,Leeds,Home Appliances,Microwave,Britannia Pharma,BATCH-4512,Inbound,530,112,1,5,61.35,75.86,C2,Jack Taylor,Slightly Delayed,5,Yes,Passed,21
TXN103341,17-01-2026,Newcastle Depot,Birmingham,Pharma,Bandages,Britannia Pharma,BATCH-8502,Inbound,929,563,24,9,181.94,273.14,D2,Noah Wilson,Delayed,7,Yes,Passed,16
TXN103342,15-08-2025,Leeds Fulfillment,Glasgow,Home Appliances,Air Fryer,Prime Wholesale UK,BATCH-2200,Inbound,87,75,3,9,324.33,389.03,D1,Emily Harris,Slightly Delayed,4,Yes,Passed,9
TXN103343,31-01-2026,Liverpool Logistics,Bristol,Grocery,Rice Pack,Northern Supply Chain,BATCH-6118,Inbound,310,94,5,3,337.73,481.09,A1,Emily Harris,Delayed,9,Yes,Passed,6
TXN103344,08-01-2026,Leeds Fulfillment,Newcastle,Home Appliances,Vacuum Cleaner,Tesco Supply Ltd,BATCH-7817,Outbound,919,597,18,5,557.44,945.07,B1,George Brown,Slightly Delayed,4,Yes,Passed,10
TXN103345,09-04-2026,Glasgow Warehouse,Birmingham,Fashion,Jacket,Britannia Pharma,BATCH-2920,Outbound,481,390,18,1,953.44,1235.77,B2,Jack Taylor,Delayed,9,No,Failed,13
TXN103346,07-03-2026,London Central Hub,Bristol,Pharma,Bandages,UK Retail Goods,BATCH-4948,Outbound,988,424,13,19,579.9,968.25,D2,Charlie Davies,On Time,1,No,Passed,19
TXN103347,11-09-2025,Newcastle Depot,Leeds,Pharma,Bandages,ASDA Distribution,BATCH-4600,Outbound,373,227,29,11,505.2,689.64,A2,Amelia Clark,Delayed,7,No,Passed,0
TXN103348,13-04-2025,Leeds Fulfillment,Leeds,Grocery,Cooking Oil,Sainsbury Logistics,BATCH-2965,Outbound,358,92,10,3,510.76,812.7,D1,Harry Johnson,Slightly Delayed,6,Yes,Passed,0
TXN103349,05-05-2026,Bristol Supply Hub,Glasgow,Pharma,Vitamin Tablets,ASDA Distribution,BATCH-5797,Outbound,372,337,2,1,404.55,587.22,A1,Charlie Davies,Delayed,10,Yes,Passed,17
TXN103350,14-06-2025,Liverpool Logistics,Leeds,Grocery,Tea Bags,ASDA Distribution,BATCH-1278,Inbound,472,200,13,19,551.45,896.78,D2,Charlie Davies,On Time,1,Yes,Passed,18
TXN103351,12-04-2026,Leeds Fulfillment,London,Pharma,Paracetamol,Sainsbury Logistics,BATCH-5887,Inbound,723,236,20,8,1083.95,1474.91,B1,Oliver Smith,Slightly Delayed,4,No,Passed,18
TXN103352,04-07-2025,Glasgow Warehouse,Glasgow,Pharma,Paracetamol,Sainsbury Logistics,BATCH-5390,Inbound,245,222,6,4,951.54,1511.7,D2,Harry Johnson,On Time,2,No,Passed,12
TXN103353,25-02-2025,London Central Hub,Liverpool,Pharma,Cough Syrup,Sainsbury Logistics,BATCH-9977,Inbound,981,840,13,12,973.09,1150.83,B2,George Brown,On Time,2,No,Passed,6
TXN103354,04-03-2025,Birmingham Distribution,Manchester,Home Appliances,Vacuum Cleaner,Northern Supply Chain,BATCH-6536,Inbound,456,56,18,8,1170.53,1857.39,C1,Harry Johnson,Delayed,10,Yes,Passed,3
TXN103355,08-01-2025,Glasgow Warehouse,Liverpool,Pharma,Bandages,Britannia Pharma,BATCH-6735,Inbound,616,530,11,12,143.03,206.76,B2,Charlie Davies,Delayed,8,No,Passed,20
TXN103356,14-04-2025,Manchester Storage,Birmingham,Home Appliances,Air Fryer,Britannia Pharma,BATCH-4241,Outbound,999,492,14,2,242.6,285.07,D1,Amelia Clark,On Time,2,No,Passed,4
TXN103357,04-05-2026,London Central Hub,Bristol,Home Appliances,Mixer,Tesco Supply Ltd,BATCH-2259,Outbound,256,256,24,5,98.53,124.04,D1,Harry Johnson,Slightly Delayed,5,Yes,Failed,0
TXN103358,13-04-2025,London Central Hub,London,Pharma,Cough Syrup,Prime Wholesale UK,BATCH-5853,Inbound,660,591,18,8,1121.13,1525.4,B2,Noah Wilson,Delayed,10,No,Passed,7
TXN103359,14-09-2025,London Central Hub,Newcastle,Grocery,Cooking Oil,London Trade Corp,BATCH-7332,Outbound,488,485,39,8,80.3,113.24,B1,Charlie Davies,On Time,2,No,Passed,8
TXN103360,28-01-2026,London Central Hub,Glasgow,Home Appliances,Vacuum Cleaner,Tesco Supply Ltd,BATCH-8852,Inbound,568,456,35,12,110.42,136.82,A1,Oliver Smith,Slightly Delayed,6,No,Passed,4
TXN103361,07-08-2025,Liverpool Logistics,Manchester,Home Appliances,Microwave,UK Retail Goods,BATCH-7625,Inbound,749,708,33,10,466.71,773.12,D1,Noah Wilson,Delayed,7,Yes,Passed,17
TXN103362,28-05-2025,Glasgow Warehouse,Liverpool,Home Appliances,Air Fryer,UK Retail Goods,BATCH-5252,Inbound,392,177,31,0,145.93,168.64,D2,George Brown,On Time,2,Yes,Passed,25
TXN103363,08-01-2025,Birmingham Distribution,Newcastle,Home Appliances,Mixer,Britannia Pharma,BATCH-5997,Outbound,836,379,26,11,893.07,1457.22,D2,Oliver Smith,Delayed,7,No,Passed,8
TXN103364,10-03-2026,Birmingham Distribution,Leeds,Home Appliances,Mixer,Britannia Pharma,BATCH-3141,Inbound,260,81,21,15,629.41,1103.96,C2,Oliver Smith,Delayed,10,No,Passed,17
TXN103365,19-07-2025,Birmingham Distribution,Bristol,Home Appliances,Microwave,UK Retail Goods,BATCH-9893,Inbound,270,213,37,7,710.7,892.67,B2,Harry Johnson,Delayed,10,Yes,Passed,18
TXN103366,03-08-2025,London Central Hub,Liverpool,Pharma,Bandages,ASDA Distribution,BATCH-9888,Outbound,994,735,32,15,337.94,558.69,D1,Charlie Davies,Slightly Delayed,6,Yes,Passed,15
TXN103367,14-06-2025,Leeds Fulfillment,Birmingham,Home Appliances,Microwave,Prime Wholesale UK,BATCH-9117,Inbound,998,548,7,20,216.02,334.51,C2,Harry Johnson,Slightly Delayed,5,Yes,Failed,19
TXN103368,24-10-2025,Leeds Fulfillment,Leeds,Home Appliances,Microwave,Tesco Supply Ltd,BATCH-2904,Outbound,163,78,25,9,375.71,530.43,D2,Oliver Smith,On Time,3,Yes,Passed,6
TXN103369,10-03-2025,Leeds Fulfillment,Leeds,Electronics,Keyboard,Sainsbury Logistics,BATCH-8244,Inbound,854,406,7,15,780.8,1051.75,A1,Jack Taylor,Delayed,9,No,Passed,10
TXN103370,08-04-2026,Leeds Fulfillment,Newcastle,Home Appliances,Mixer,London Trade Corp,BATCH-7942,Inbound,229,158,38,18,450.22,546.04,D1,Charlie Davies,Delayed,8,Yes,Passed,16
TXN103371,26-01-2026,Birmingham Distribution,Glasgow,Grocery,Tea Bags,Tesco Supply Ltd,BATCH-7173,Inbound,74,39,29,1,852.4,1052.71,A2,George Brown,Delayed,8,Yes,Passed,7
TXN103372,05-12-2025,Bristol Supply Hub,Birmingham,Pharma,Paracetamol,Britannia Pharma,BATCH-7132,Inbound,849,266,39,20,791.87,1417.89,C1,Oliver Smith,Delayed,10,No,Passed,11
TXN103373,20-09-2025,Glasgow Warehouse,Glasgow,Home Appliances,Air Fryer,Sainsbury Logistics,BATCH-3777,Inbound,227,79,23,19,80.76,140.99,D2,Emily Harris,Delayed,10,Yes,Passed,5
TXN103374,14-06-2025,Newcastle Depot,Birmingham,Pharma,Cough Syrup,ASDA Distribution,BATCH-4044,Outbound,413,306,20,10,1011.25,1208.68,D2,Noah Wilson,On Time,1,Yes,Passed,20
TXN103375,02-01-2025,Newcastle Depot,Manchester,Pharma,Vitamin Tablets,London Trade Corp,BATCH-6833,Outbound,516,34,40,13,896.92,1078.35,D1,Noah Wilson,On Time,1,Yes,Passed,19
TXN103376,19-05-2025,Bristol Supply Hub,Liverpool,Pharma,Paracetamol,Prime Wholesale UK,BATCH-5631,Outbound,452,231,8,2,1051.35,1664.82,A1,Noah Wilson,Delayed,8,Yes,Passed,6
TXN103377,28-02-2026,Newcastle Depot,Glasgow,Fashion,T-Shirt,Britannia Pharma,BATCH-1325,Outbound,299,284,27,1,157.33,242.06,B2,Harry Johnson,Delayed,8,No,Passed,10
TXN103378,17-08-2025,Leeds Fulfillment,Bristol,Home Appliances,Microwave,Tesco Supply Ltd,BATCH-1171,Inbound,236,67,32,16,768.26,1054.96,C1,Harry Johnson,On Time,2,Yes,Passed,24
TXN103379,14-02-2025,Leeds Fulfillment,Newcastle,Pharma,Vitamin Tablets,Britannia Pharma,BATCH-6549,Inbound,873,560,28,0,1009.29,1373.76,A1,Emily Harris,Delayed,8,Yes,Passed,13
TXN103380,11-05-2026,Manchester Storage,Glasgow,Pharma,Cough Syrup,London Trade Corp,BATCH-6478,Inbound,101,80,4,20,212.49,281.39,C1,Oliver Smith,Slightly Delayed,5,Yes,Passed,14
TXN103381,03-04-2026,Liverpool Logistics,Glasgow,Home Appliances,Vacuum Cleaner,UK Retail Goods,BATCH-2822,Inbound,105,34,23,17,81.29,102.46,D1,Charlie Davies,On Time,1,Yes,Passed,11
TXN103382,17-10-2025,Newcastle Depot,Manchester,Grocery,Cooking Oil,UK Retail Goods,BATCH-8999,Outbound,956,793,13,8,396.26,649.51,D1,Emily Harris,Delayed,9,Yes,Passed,21
TXN103383,31-12-2025,London Central Hub,Glasgow,Home Appliances,Mixer,ASDA Distribution,BATCH-2443,Inbound,443,410,0,13,68.33,91.59,B1,Jack Taylor,On Time,1,Yes,Passed,22
TXN103384,17-10-2025,Liverpool Logistics,Glasgow,Electronics,Smartphone,UK Retail Goods,BATCH-2658,Outbound,792,307,2,14,746.26,963.71,B2,George Brown,Delayed,9,No,Failed,13
TXN103385,04-02-2025,Leeds Fulfillment,Manchester,Electronics,Smartphone,Britannia Pharma,BATCH-2703,Inbound,973,705,22,5,190.33,296.11,D1,George Brown,On Time,2,No,Passed,11
TXN103386,29-07-2025,Glasgow Warehouse,Bristol,Home Appliances,Vacuum Cleaner,Tesco Supply Ltd,BATCH-7705,Outbound,385,345,11,15,291.64,362.58,C2,Amelia Clark,Delayed,10,No,Passed,14
TXN103387,08-08-2025,Manchester Storage,Birmingham,Electronics,Keyboard,UK Retail Goods,BATCH-5143,Outbound,922,240,5,19,452.89,678.12,C1,Noah Wilson,Delayed,10,Yes,Passed,14
TXN103388,12-01-2026,Liverpool Logistics,London,Home Appliances,Microwave,Prime Wholesale UK,BATCH-8770,Inbound,386,252,32,8,304.28,473.37,C1,Amelia Clark,On Time,1,No,Passed,21
TXN103389,29-07-2025,Manchester Storage,London,Electronics,Tablet,ASDA Distribution,BATCH-9959,Inbound,619,452,0,2,1198.25,1743.88,B2,Emily Harris,Delayed,8,Yes,Passed,3
TXN103390,11-05-2025,Liverpool Logistics,Birmingham,Electronics,Laptop,London Trade Corp,BATCH-7650,Outbound,341,255,0,16,787.3,1013.56,B1,Harry Johnson,Slightly Delayed,5,Yes,Passed,18
TXN103391,25-07-2025,Birmingham Distribution,Manchester,Pharma,Paracetamol,Northern Supply Chain,BATCH-6594,Outbound,952,108,0,18,330.68,531.9,A2,Jack Taylor,On Time,3,No,Passed,5
TXN103392,25-11-2025,Manchester Storage,Leeds,Electronics,Laptop,UK Retail Goods,BATCH-8501,Outbound,57,54,32,17,899.67,1400.72,B1,George Brown,Delayed,8,Yes,Passed,16
TXN103393,29-04-2025,Manchester Storage,London,Pharma,Cough Syrup,Prime Wholesale UK,BATCH-4290,Inbound,489,423,37,6,98.43,160.32,D2,Amelia Clark,Delayed,10,Yes,Passed,18
TXN103394,23-02-2026,Liverpool Logistics,Newcastle,Home Appliances,Mixer,London Trade Corp,BATCH-4592,Inbound,292,249,30,14,300.25,350.75,C2,Charlie Davies,On Time,3,Yes,Passed,22
TXN103395,18-04-2026,Newcastle Depot,Birmingham,Pharma,Paracetamol,UK Retail Goods,BATCH-8505,Inbound,690,322,36,8,51.99,57.92,A2,George Brown,Slightly Delayed,5,Yes,Passed,24
TXN103396,02-04-2026,Newcastle Depot,London,Electronics,Monitor,Britannia Pharma,BATCH-3360,Outbound,436,415,2,10,801.01,1311.05,B2,Emily Harris,Slightly Delayed,6,No,Passed,13
TXN103397,16-01-2025,Newcastle Depot,London,Home Appliances,Air Fryer,Sainsbury Logistics,BATCH-9975,Outbound,539,275,8,11,1066.29,1611.48,B2,Emily Harris,Delayed,7,Yes,Failed,6
TXN103398,03-04-2025,Bristol Supply Hub,Birmingham,Home Appliances,Mixer,Prime Wholesale UK,BATCH-4749,Outbound,419,253,7,4,143.46,243.4,B1,Oliver Smith,Delayed,7,No,Passed,5
TXN103399,17-09-2025,Glasgow Warehouse,Liverpool,Fashion,Handbag,Sainsbury Logistics,BATCH-2152,Inbound,382,371,18,9,475.99,524.59,B2,Noah Wilson,Delayed,7,Yes,Passed,8
TXN103400,03-02-2026,Leeds Fulfillment,Glasgow,Pharma,Vitamin Tablets,Tesco Supply Ltd,BATCH-5640,Outbound,147,142,38,10,1194.76,1564.84,D1,George Brown,Delayed,9,No,Passed,0
TXN103401,29-01-2026,Manchester Storage,Newcastle,Pharma,Cough Syrup,Tesco Supply Ltd,BATCH-1870,Inbound,970,118,25,6,114.62,184.23,B2,Noah Wilson,Delayed,7,No,Passed,18
TXN103402,06-08-2025,Bristol Supply Hub,London,Electronics,Smartphone,London Trade Corp,BATCH-9202,Inbound,906,471,17,4,144.54,234.73,C2,Amelia Clark,On Time,1,Yes,Passed,24
TXN103403,15-09-2025,Birmingham Distribution,Leeds,Grocery,Cereal,Sainsbury Logistics,BATCH-2016,Outbound,732,615,6,20,599.99,870.32,C2,Noah Wilson,Delayed,9,Yes,Passed,24
TXN103404,22-04-2026,Leeds Fulfillment,Glasgow,Home Appliances,Air Fryer,Northern Supply Chain,BATCH-2016,Inbound,942,493,9,4,458.18,695.98,C2,Oliver Smith,Delayed,7,Yes,Passed,16
TXN103405,04-02-2025,Newcastle Depot,Birmingham,Pharma,Cough Syrup,ASDA Distribution,BATCH-3342,Outbound,827,297,36,2,855.73,1354.49,A2,Charlie Davies,Slightly Delayed,6,Yes,Passed,12
TXN103406,04-05-2025,Newcastle Depot,Birmingham,Electronics,Monitor,Tesco Supply Ltd,BATCH-2109,Outbound,175,151,26,15,76.85,116.01,C1,Charlie Davies,Delayed,9,No,Failed,14
TXN103407,17-04-2025,Manchester Storage,Liverpool,Electronics,Tablet,Tesco Supply Ltd,BATCH-1581,Outbound,274,54,20,17,114.46,172.78,B2,Amelia Clark,Delayed,7,Yes,Passed,11
TXN103408,04-01-2025,Manchester Storage,Newcastle,Fashion,Handbag,Northern Supply Chain,BATCH-3708,Outbound,167,105,15,20,874.36,1490.17,A1,Jack Taylor,Slightly Delayed,4,No,Passed,12
TXN103409,21-10-2025,Manchester Storage,Bristol,Electronics,Laptop,ASDA Distribution,BATCH-9670,Inbound,909,85,2,13,1162.81,2020.93,B1,Amelia Clark,On Time,2,No,Passed,6
TXN103410,15-10-2025,Glasgow Warehouse,London,Fashion,T-Shirt,UK Retail Goods,BATCH-8600,Outbound,842,135,19,11,25.71,29.66,B2,Amelia Clark,On Time,2,Yes,Passed,5
TXN103411,13-12-2025,Leeds Fulfillment,Manchester,Pharma,Paracetamol,London Trade Corp,BATCH-3620,Inbound,341,105,24,3,1157.15,2018.1,B1,Harry Johnson,Delayed,10,Yes,Passed,25
TXN103412,29-11-2025,Newcastle Depot,Glasgow,Grocery,Cereal,Prime Wholesale UK,BATCH-4722,Outbound,515,125,1,1,821.03,925.5,D2,Charlie Davies,Slightly Delayed,4,No,Passed,23
TXN103413,11-05-2026,Leeds Fulfillment,London,Pharma,Paracetamol,UK Retail Goods,BATCH-9114,Outbound,72,55,37,9,447.08,501.64,C1,Jack Taylor,On Time,3,Yes,Passed,6
TXN103414,26-02-2026,Leeds Fulfillment,Leeds,Grocery,Rice Pack,Sainsbury Logistics,BATCH-3770,Outbound,657,544,16,10,436.42,698.21,A2,Jack Taylor,On Time,3,Yes,Passed,7
TXN103415,19-04-2025,Liverpool Logistics,London,Fashion,Jeans,London Trade Corp,BATCH-8005,Inbound,201,109,20,16,930.16,1581.03,B2,Harry Johnson,Slightly Delayed,4,Yes,Passed,3
TXN103416,03-04-2025,Manchester Storage,Liverpool,Grocery,Tea Bags,London Trade Corp,BATCH-3882,Inbound,193,72,26,15,861.79,1322.26,A2,Harry Johnson,Delayed,9,Yes,Passed,3
TXN103417,30-03-2026,London Central Hub,Manchester,Home Appliances,Mixer,UK Retail Goods,BATCH-9458,Inbound,636,582,13,1,611.31,922.67,D1,Oliver Smith,Slightly Delayed,4,Yes,Passed,0
TXN103418,01-05-2025,Glasgow Warehouse,Bristol,Home Appliances,Vacuum Cleaner,Sainsbury Logistics,BATCH-9885,Inbound,625,597,26,16,764.82,1133.4,C2,Oliver Smith,Slightly Delayed,5,No,Passed,17
TXN103419,27-01-2025,Leeds Fulfillment,Bristol,Home Appliances,Air Fryer,Britannia Pharma,BATCH-5479,Inbound,547,466,32,1,551.45,821.41,B2,Charlie Davies,Delayed,10,No,Passed,8
TXN103420,23-10-2025,Newcastle Depot,Glasgow,Home Appliances,Microwave,Britannia Pharma,BATCH-3374,Inbound,78,64,37,5,825.24,1180.31,C1,Oliver Smith,On Time,3,Yes,Passed,9
TXN103421,21-06-2025,Bristol Supply Hub,Glasgow,Fashion,T-Shirt,Northern Supply Chain,BATCH-7825,Inbound,603,583,13,12,232.32,365.02,C1,Oliver Smith,On Time,2,Yes,Failed,8
TXN103422,30-11-2025,Bristol Supply Hub,Liverpool,Home Appliances,Microwave,UK Retail Goods,BATCH-5269,Outbound,958,368,17,10,293.8,416.69,D2,Oliver Smith,Slightly Delayed,4,Yes,Passed,2
TXN103423,06-06-2025,Bristol Supply Hub,Glasgow,Fashion,Sneakers,Britannia Pharma,BATCH-1960,Outbound,902,627,24,13,967.21,1708.7,D2,Harry Johnson,Slightly Delayed,5,Yes,Passed,15
TXN103424,28-02-2026,Bristol Supply Hub,London,Electronics,Monitor,Northern Supply Chain,BATCH-6746,Outbound,169,44,16,0,1126.93,1371.17,C2,George Brown,Slightly Delayed,4,Yes,Passed,24
TXN103425,01-10-2025,Leeds Fulfillment,Bristol,Home Appliances,Microwave,ASDA Distribution,BATCH-9734,Inbound,73,58,19,9,261.3,290.83,D2,Jack Taylor,Slightly Delayed,5,No,Passed,14
TXN103426,24-12-2025,London Central Hub,Newcastle,Pharma,Bandages,UK Retail Goods,BATCH-1774,Inbound,462,287,8,13,783.4,1298.19,D1,Charlie Davies,Delayed,10,Yes,Passed,14
TXN103427,28-12-2025,London Central Hub,Glasgow,Fashion,Sneakers,London Trade Corp,BATCH-6525,Inbound,483,244,16,6,238.23,417.65,A2,Noah Wilson,Delayed,10,Yes,Passed,6
TXN103428,15-11-2025,Liverpool Logistics,Manchester,Pharma,Vitamin Tablets,London Trade Corp,BATCH-4840,Outbound,814,111,30,4,1170.27,1686.1,A1,George Brown,Slightly Delayed,5,No,Failed,3
TXN103429,16-04-2026,Newcastle Depot,Glasgow,Electronics,Laptop,Prime Wholesale UK,BATCH-8761,Outbound,389,286,20,4,460.43,797.46,D1,George Brown,Slightly Delayed,4,Yes,Passed,11
TXN103430,30-03-2025,Bristol Supply Hub,Liverpool,Pharma,Vitamin Tablets,Britannia Pharma,BATCH-1757,Inbound,68,67,5,2,624.58,858.67,A2,Jack Taylor,Delayed,9,No,Passed,25
TXN103431,28-11-2025,Manchester Storage,Liverpool,Fashion,Sneakers,ASDA Distribution,BATCH-5433,Inbound,160,160,4,16,827.96,983.98,B1,Emily Harris,On Time,2,No,Passed,22
TXN103432,30-09-2025,Bristol Supply Hub,Liverpool,Grocery,Coffee,London Trade Corp,BATCH-5588,Outbound,264,223,38,8,521.43,709.03,B2,Emily Harris,On Time,2,No,Passed,10
TXN103433,01-11-2025,Manchester Storage,London,Fashion,Jacket,Prime Wholesale UK,BATCH-2214,Inbound,368,248,11,14,320.63,504.02,B2,Noah Wilson,Delayed,8,No,Failed,14
TXN103434,02-03-2026,Liverpool Logistics,Newcastle,Home Appliances,Mixer,Prime Wholesale UK,BATCH-1331,Outbound,750,168,6,10,428.74,752.88,A2,Jack Taylor,On Time,3,No,Passed,17
TXN103435,21-01-2026,London Central Hub,Bristol,Home Appliances,Air Fryer,UK Retail Goods,BATCH-3090,Outbound,135,47,25,8,237.62,301.89,D2,Charlie Davies,Delayed,10,No,Failed,8
TXN103436,23-10-2025,Glasgow Warehouse,Newcastle,Home Appliances,Microwave,Northern Supply Chain,BATCH-1074,Inbound,88,21,18,4,86.07,94.9,D1,Amelia Clark,Delayed,10,No,Passed,21
TXN103437,11-12-2025,Bristol Supply Hub,London,Fashion,Handbag,Prime Wholesale UK,BATCH-9504,Inbound,259,230,37,18,890.11,1286.56,D2,George Brown,Delayed,9,Yes,Failed,15
TXN103438,26-07-2025,Leeds Fulfillment,London,Home Appliances,Vacuum Cleaner,UK Retail Goods,BATCH-2339,Outbound,766,269,33,2,1056.29,1241.87,B1,Amelia Clark,Slightly Delayed,4,No,Failed,24
TXN103439,16-03-2025,Glasgow Warehouse,London,Fashion,T-Shirt,London Trade Corp,BATCH-5999,Outbound,342,149,20,13,830.86,1026.35,D2,Jack Taylor,On Time,3,Yes,Failed,24
TXN103440,12-01-2026,Leeds Fulfillment,Liverpool,Pharma,Cough Syrup,Prime Wholesale UK,BATCH-2541,Outbound,318,265,18,5,13.82,16.44,B1,Jack Taylor,Delayed,10,Yes,Passed,21
TXN103441,08-11-2025,Leeds Fulfillment,London,Home Appliances,Mixer,Northern Supply Chain,BATCH-7869,Outbound,857,145,15,14,1039.89,1273.54,D2,Noah Wilson,Slightly Delayed,5,No,Passed,7
TXN103442,12-02-2026,London Central Hub,Glasgow,Fashion,Sneakers,Northern Supply Chain,BATCH-1090,Inbound,911,131,11,4,19.24,23.01,B1,George Brown,Slightly Delayed,6,No,Passed,15
TXN103443,26-08-2025,London Central Hub,London,Electronics,Tablet,Northern Supply Chain,BATCH-9805,Outbound,222,184,5,7,939.15,1512.36,A1,Amelia Clark,Slightly Delayed,4,No,Passed,4
TXN103444,31-03-2025,London Central Hub,London,Home Appliances,Vacuum Cleaner,Sainsbury Logistics,BATCH-3096,Outbound,623,390,20,11,51.97,79.99,C1,Harry Johnson,Slightly Delayed,4,Yes,Passed,1
TXN103445,04-03-2025,Bristol Supply Hub,Leeds,Fashion,Jacket,Tesco Supply Ltd,BATCH-7260,Outbound,50,36,23,10,789.48,1136.95,A2,Charlie Davies,Slightly Delayed,5,Yes,Passed,3
TXN103446,17-01-2026,Glasgow Warehouse,London,Home Appliances,Vacuum Cleaner,ASDA Distribution,BATCH-1417,Inbound,236,63,18,3,273.1,436.54,B2,George Brown,On Time,3,Yes,Passed,23
TXN103447,11-06-2025,Manchester Storage,Leeds,Grocery,Rice Pack,Sainsbury Logistics,BATCH-9108,Inbound,272,165,36,20,819.79,1433.36,C2,Oliver Smith,Delayed,9,Yes,Failed,4
TXN103448,04-11-2025,Glasgow Warehouse,Liverpool,Electronics,Smartphone,Sainsbury Logistics,BATCH-2504,Inbound,850,847,39,2,474.11,552.42,C2,Emily Harris,On Time,2,No,Passed,21
TXN103449,31-12-2025,Leeds Fulfillment,Manchester,Grocery,Cereal,Prime Wholesale UK,BATCH-9803,Inbound,140,122,18,20,1038.62,1604.83,D2,Amelia Clark,On Time,2,Yes,Passed,0
TXN103450,10-01-2026,Bristol Supply Hub,Newcastle,Electronics,Keyboard,Tesco Supply Ltd,BATCH-2283,Outbound,884,691,6,3,420.61,698.76,A2,Oliver Smith,Slightly Delayed,4,No,Passed,21
TXN103451,28-11-2025,London Central Hub,Liverpool,Home Appliances,Vacuum Cleaner,Sainsbury Logistics,BATCH-9106,Inbound,884,48,26,8,799.1,1091.82,D1,Charlie Davies,On Time,3,Yes,Passed,20
TXN103452,27-01-2025,Glasgow Warehouse,Bristol,Home Appliances,Vacuum Cleaner,London Trade Corp,BATCH-7750,Outbound,674,486,8,11,1183.48,1906.25,A2,Amelia Clark,On Time,3,No,Passed,2
TXN103453,27-04-2025,Newcastle Depot,Birmingham,Grocery,Tea Bags,London Trade Corp,BATCH-4311,Inbound,887,847,39,9,965.66,1538.85,B1,Jack Taylor,On Time,2,No,Passed,25
TXN103454,30-08-2025,Bristol Supply Hub,Manchester,Electronics,Monitor,Sainsbury Logistics,BATCH-1995,Inbound,733,222,1,12,669.6,1142.77,B1,Charlie Davies,Delayed,9,No,Failed,1
TXN103455,03-12-2025,London Central Hub,Manchester,Pharma,Paracetamol,London Trade Corp,BATCH-8074,Inbound,194,123,5,13,1037.48,1711.78,B1,Charlie Davies,Delayed,9,No,Passed,16
TXN103456,06-10-2025,Newcastle Depot,Manchester,Electronics,Keyboard,Britannia Pharma,BATCH-8762,Inbound,824,38,26,0,352.05,591.46,C2,Amelia Clark,Delayed,10,No,Passed,19
TXN103457,18-02-2025,Liverpool Logistics,Liverpool,Fashion,Jacket,Britannia Pharma,BATCH-6887,Inbound,913,515,9,18,153.01,211.18,B2,Jack Taylor,Delayed,9,Yes,Passed,0
TXN103458,26-01-2025,Birmingham Distribution,London,Home Appliances,Vacuum Cleaner,London Trade Corp,BATCH-3502,Inbound,477,327,29,16,614.31,760.55,C2,Amelia Clark,On Time,2,No,Failed,10
TXN103459,02-07-2025,Glasgow Warehouse,Manchester,Home Appliances,Mixer,Prime Wholesale UK,BATCH-5211,Inbound,243,86,16,1,412.13,686.35,C2,Oliver Smith,Delayed,7,No,Passed,9
TXN103460,27-04-2026,Birmingham Distribution,Liverpool,Pharma,Vitamin Tablets,ASDA Distribution,BATCH-2603,Outbound,823,722,1,18,449.58,595.3,C1,Jack Taylor,Slightly Delayed,5,No,Passed,4
TXN103461,24-03-2026,Newcastle Depot,Bristol,Grocery,Cereal,UK Retail Goods,BATCH-1057,Outbound,292,92,39,20,690.1,1081.41,C2,Charlie Davies,Delayed,8,Yes,Passed,18
TXN103462,02-03-2026,Manchester Storage,London,Pharma,Bandages,London Trade Corp,BATCH-3634,Outbound,594,408,18,2,1058.5,1310.49,A2,George Brown,Delayed,9,Yes,Passed,3
TXN103463,09-07-2025,Glasgow Warehouse,Bristol,Home Appliances,Microwave,UK Retail Goods,BATCH-7979,Inbound,440,101,15,3,1154.15,1620.25,A1,Oliver Smith,Delayed,7,No,Passed,21
TXN103464,23-08-2025,Glasgow Warehouse,Glasgow,Grocery,Cooking Oil,Northern Supply Chain,BATCH-5681,Inbound,377,317,2,2,421.35,705.93,C1,Amelia Clark,On Time,1,No,Passed,6
TXN103465,22-03-2026,Manchester Storage,Bristol,Pharma,Vitamin Tablets,ASDA Distribution,BATCH-7936,Outbound,756,536,12,19,462.8,557.24,D1,Amelia Clark,Delayed,8,No,Passed,14
TXN103466,28-02-2025,Manchester Storage,London,Fashion,Sneakers,Northern Supply Chain,BATCH-7697,Outbound,63,45,13,7,462.5,618.93,D1,Noah Wilson,Delayed,7,Yes,Passed,8
TXN103467,15-09-2025,Manchester Storage,Glasgow,Home Appliances,Air Fryer,Northern Supply Chain,BATCH-4041,Inbound,208,78,19,9,245.02,372.53,D2,Jack Taylor,On Time,3,No,Failed,14
TXN103468,28-01-2025,Bristol Supply Hub,Newcastle,Pharma,Paracetamol,Northern Supply Chain,BATCH-1739,Outbound,561,240,14,7,500.58,880.28,B2,Jack Taylor,On Time,2,No,Failed,1
TXN103469,18-11-2025,London Central Hub,Bristol,Grocery,Coffee,ASDA Distribution,BATCH-9376,Outbound,610,122,27,11,1105.14,1688.3,D1,Jack Taylor,Delayed,9,No,Failed,12
TXN103470,15-04-2025,Liverpool Logistics,Birmingham,Electronics,Keyboard,Britannia Pharma,BATCH-3134,Outbound,734,399,28,12,370.53,614.86,D1,George Brown,On Time,1,Yes,Failed,15
TXN103471,11-08-2025,Liverpool Logistics,London,Electronics,Keyboard,Northern Supply Chain,BATCH-1725,Outbound,692,165,5,14,272.33,373.39,B1,Emily Harris,Slightly Delayed,6,No,Passed,24
TXN103472,30-07-2025,Newcastle Depot,Manchester,Grocery,Cooking Oil,Northern Supply Chain,BATCH-5180,Inbound,473,211,28,13,94.84,121.51,B1,George Brown,Delayed,7,No,Passed,3
TXN103473,14-02-2025,Leeds Fulfillment,Birmingham,Grocery,Cooking Oil,Northern Supply Chain,BATCH-2578,Outbound,311,150,21,14,213.28,337.49,A2,Oliver Smith,Delayed,10,No,Passed,20
TXN103474,09-09-2025,Liverpool Logistics,Liverpool,Fashion,Handbag,ASDA Distribution,BATCH-6746,Outbound,876,92,35,7,248.35,384.06,D1,Emily Harris,On Time,1,Yes,Failed,10
TXN103475,13-04-2025,Bristol Supply Hub,London,Grocery,Cooking Oil,Northern Supply Chain,BATCH-7596,Inbound,712,705,2,17,938.39,1089.15,C1,Charlie Davies,Delayed,9,No,Passed,23
TXN103476,14-08-2025,Bristol Supply Hub,Liverpool,Home Appliances,Mixer,Tesco Supply Ltd,BATCH-5236,Inbound,115,25,12,0,1132.84,1905.4,C1,Jack Taylor,Delayed,10,Yes,Failed,12
TXN103477,26-05-2025,Liverpool Logistics,Bristol,Electronics,Monitor,ASDA Distribution,BATCH-1210,Outbound,465,345,6,6,960.55,1323.79,A1,Oliver Smith,Slightly Delayed,6,No,Passed,20
TXN103478,29-12-2025,London Central Hub,Birmingham,Fashion,Sneakers,Britannia Pharma,BATCH-4994,Outbound,940,716,37,16,852.39,1226.89,A2,Noah Wilson,Delayed,9,Yes,Failed,14
TXN103479,09-04-2026,London Central Hub,Glasgow,Home Appliances,Vacuum Cleaner,Prime Wholesale UK,BATCH-4313,Inbound,396,362,18,8,825.1,1102.05,A2,Charlie Davies,Delayed,9,Yes,Passed,12
TXN103480,11-01-2026,Bristol Supply Hub,Liverpool,Electronics,Smartphone,Northern Supply Chain,BATCH-4510,Inbound,766,381,28,20,623.55,1048.19,C2,Harry Johnson,Slightly Delayed,6,Yes,Passed,16
TXN103481,14-05-2026,Liverpool Logistics,Liverpool,Electronics,Monitor,London Trade Corp,BATCH-7487,Inbound,250,232,28,19,704.53,887.71,D1,Charlie Davies,On Time,2,No,Passed,1
TXN103482,20-03-2025,Liverpool Logistics,Glasgow,Electronics,Laptop,Northern Supply Chain,BATCH-4017,Inbound,387,366,2,7,328.21,388.48,B2,Jack Taylor,Delayed,7,Yes,Passed,7
TXN103483,12-11-2025,Manchester Storage,Liverpool,Pharma,Bandages,Northern Supply Chain,BATCH-1042,Outbound,140,119,11,0,1067.98,1416.02,B1,Emily Harris,Slightly Delayed,5,Yes,Passed,25
TXN103484,27-03-2026,Manchester Storage,London,Home Appliances,Air Fryer,Prime Wholesale UK,BATCH-7525,Inbound,84,38,16,11,484.65,803.96,D2,Oliver Smith,Slightly Delayed,6,Yes,Passed,24
TXN103485,19-02-2026,Liverpool Logistics,Leeds,Home Appliances,Air Fryer,London Trade Corp,BATCH-9074,Inbound,91,90,36,13,560.52,720.11,D1,Harry Johnson,Slightly Delayed,6,No,Passed,20
TXN103486,09-03-2026,Birmingham Distribution,Liverpool,Fashion,Jeans,ASDA Distribution,BATCH-3946,Inbound,301,219,1,13,816.28,944.25,A1,Noah Wilson,On Time,2,No,Passed,15
TXN103487,30-07-2025,London Central Hub,Liverpool,Grocery,Tea Bags,London Trade Corp,BATCH-1469,Inbound,565,309,28,7,1198.0,1350.74,C1,George Brown,On Time,2,Yes,Passed,12
TXN103488,03-04-2026,Glasgow Warehouse,Manchester,Grocery,Cereal,ASDA Distribution,BATCH-8058,Inbound,786,644,21,16,896.26,1158.14,B1,Harry Johnson,Slightly Delayed,5,Yes,Failed,9
TXN103489,17-07-2025,Newcastle Depot,Bristol,Grocery,Tea Bags,Northern Supply Chain,BATCH-9699,Inbound,557,374,33,14,284.28,506.29,B2,Oliver Smith,Slightly Delayed,5,Yes,Passed,23
TXN103490,10-03-2026,Leeds Fulfillment,Liverpool,Fashion,Jeans,London Trade Corp,BATCH-1276,Inbound,533,34,15,16,1149.03,1903.38,C2,Emily Harris,Slightly Delayed,5,Yes,Passed,9
TXN103491,04-10-2025,Leeds Fulfillment,Birmingham,Pharma,Cough Syrup,ASDA Distribution,BATCH-1769,Outbound,849,376,16,5,671.82,911.7,B2,Oliver Smith,Delayed,9,No,Failed,24
TXN103492,19-09-2025,Manchester Storage,Bristol,Pharma,Bandages,Tesco Supply Ltd,BATCH-9776,Inbound,912,840,37,20,874.81,1418.46,D2,Charlie Davies,Delayed,10,Yes,Passed,18
TXN103493,05-05-2026,Leeds Fulfillment,Birmingham,Grocery,Cereal,Prime Wholesale UK,BATCH-1652,Inbound,615,389,24,14,916.34,1620.54,D1,Charlie Davies,On Time,1,No,Passed,23
TXN103494,22-04-2025,Bristol Supply Hub,Liverpool,Home Appliances,Microwave,Britannia Pharma,BATCH-8269,Inbound,697,221,13,16,776.19,858.31,D1,Emily Harris,Slightly Delayed,6,Yes,Failed,8
TXN103495,29-03-2025,Birmingham Distribution,Leeds,Fashion,Handbag,ASDA Distribution,BATCH-5702,Inbound,113,64,40,9,304.2,502.25,D2,Jack Taylor,Delayed,10,No,Passed,18
TXN103496,24-09-2025,Bristol Supply Hub,Bristol,Grocery,Rice Pack,Britannia Pharma,BATCH-7224,Inbound,716,538,36,6,121.83,194.75,C1,Harry Johnson,Slightly Delayed,6,No,Failed,10
TXN103497,16-01-2025,Bristol Supply Hub,Liverpool,Fashion,Jacket,Sainsbury Logistics,BATCH-7743,Inbound,316,73,31,17,812.38,1327.47,C1,Amelia Clark,On Time,2,Yes,Passed,1
TXN103498,21-06-2025,Bristol Supply Hub,Bristol,Grocery,Coffee,Northern Supply Chain,BATCH-8540,Inbound,979,791,40,15,653.69,908.75,D1,Oliver Smith,Slightly Delayed,4,Yes,Passed,4
TXN103499,05-09-2025,Leeds Fulfillment,Leeds,Electronics,Laptop,ASDA Distribution,BATCH-9926,Outbound,703,190,17,10,676.26,782.72,A2,Amelia Clark,Slightly Delayed,5,Yes,Passed,22
TXN103500,14-04-2026,Manchester Storage,London,Grocery,Tea Bags,London Trade Corp,BATCH-7861,Inbound,809,449,9,17,708.34,808.05,B1,Noah Wilson,On Time,3,Yes,Passed,22
TXN103501,07-03-2025,Newcastle Depot,Glasgow,Home Appliances,Mixer,ASDA Distribution,BATCH-2681,Outbound,333,248,15,4,1109.15,1830.82,B1,Charlie Davies,On Time,3,No,Passed,23
TXN103502,15-08-2025,Manchester Storage,Bristol,Home Appliances,Air Fryer,UK Retail Goods,BATCH-2905,Outbound,116,84,23,2,147.22,230.97,B2,Oliver Smith,Delayed,8,No,Passed,4
TXN103503,26-03-2025,Leeds Fulfillment,Leeds,Fashion,Handbag,Tesco Supply Ltd,BATCH-3139,Outbound,819,423,7,2,624.57,937.87,A1,Noah Wilson,Delayed,10,No,Passed,21
TXN103504,11-02-2026,Leeds Fulfillment,Birmingham,Home Appliances,Air Fryer,Tesco Supply Ltd,BATCH-5907,Outbound,338,128,23,20,369.94,627.37,C1,George Brown,Delayed,9,No,Passed,12
TXN103505,22-09-2025,Glasgow Warehouse,Liverpool,Fashion,Sneakers,Sainsbury Logistics,BATCH-6024,Inbound,493,251,20,7,901.3,1249.68,B2,Noah Wilson,Delayed,9,No,Passed,6
TXN103506,08-06-2025,London Central Hub,Birmingham,Grocery,Cooking Oil,Tesco Supply Ltd,BATCH-9534,Outbound,454,357,19,1,626.94,953.26,B1,Emily Harris,Slightly Delayed,5,Yes,Passed,11
TXN103507,23-02-2026,Leeds Fulfillment,Birmingham,Home Appliances,Mixer,Northern Supply Chain,BATCH-2299,Inbound,635,150,5,10,574.43,900.49,A1,Charlie Davies,Delayed,7,Yes,Failed,21
TXN103508,07-08-2025,Glasgow Warehouse,Birmingham,Home Appliances,Air Fryer,ASDA Distribution,BATCH-3065,Inbound,78,22,7,18,61.96,75.0,C2,Amelia Clark,Slightly Delayed,5,Yes,Failed,8
TXN103509,06-08-2025,Glasgow Warehouse,Leeds,Pharma,Vitamin Tablets,London Trade Corp,BATCH-7792,Outbound,522,232,9,19,1143.28,1836.35,D2,Oliver Smith,On Time,1,Yes,Passed,14
TXN103510,13-05-2026,Glasgow Warehouse,Newcastle,Electronics,Monitor,London Trade Corp,BATCH-4827,Inbound,98,28,3,18,1087.56,1938.77,C2,Emily Harris,Slightly Delayed,6,No,Passed,22
TXN103511,29-06-2025,Bristol Supply Hub,Manchester,Grocery,Tea Bags,ASDA Distribution,BATCH-8740,Inbound,145,144,6,15,778.2,895.11,D2,Charlie Davies,Delayed,9,Yes,Failed,11
TXN103512,30-01-2025,Newcastle Depot,Manchester,Home Appliances,Mixer,London Trade Corp,BATCH-8812,Inbound,591,459,8,7,724.42,1033.42,C2,Amelia Clark,Slightly Delayed,5,Yes,Passed,24
TXN103513,22-01-2026,Bristol Supply Hub,Glasgow,Electronics,Laptop,Northern Supply Chain,BATCH-9452,Outbound,100,22,16,15,849.74,976.34,A1,Oliver Smith,Delayed,10,Yes,Passed,14
TXN103514,28-01-2025,Newcastle Depot,Leeds,Electronics,Keyboard,Sainsbury Logistics,BATCH-4559,Outbound,476,468,4,9,510.51,634.91,B2,Emily Harris,On Time,2,No,Passed,4
TXN103515,17-12-2025,Glasgow Warehouse,Bristol,Grocery,Rice Pack,Sainsbury Logistics,BATCH-3110,Outbound,791,301,30,0,1199.42,2135.08,D1,George Brown,Delayed,7,Yes,Passed,12
TXN103516,24-02-2026,Liverpool Logistics,London,Grocery,Rice Pack,Sainsbury Logistics,BATCH-9200,Outbound,146,146,14,9,174.05,203.85,B1,Harry Johnson,Delayed,9,Yes,Passed,17
TXN103517,05-02-2025,Glasgow Warehouse,Birmingham,Electronics,Tablet,Northern Supply Chain,BATCH-5089,Outbound,172,170,25,16,654.18,807.56,C1,Emily Harris,Delayed,10,Yes,Passed,9
TXN103518,03-03-2025,Birmingham Distribution,Liverpool,Pharma,Paracetamol,Sainsbury Logistics,BATCH-9499,Inbound,672,553,31,17,139.81,174.99,B2,George Brown,Delayed,10,No,Passed,10
TXN103519,17-02-2026,Glasgow Warehouse,Leeds,Pharma,Paracetamol,Prime Wholesale UK,BATCH-6291,Outbound,845,228,33,15,64.21,112.11,B2,George Brown,Slightly Delayed,5,No,Passed,3
TXN103520,26-10-2025,Manchester Storage,Leeds,Grocery,Tea Bags,ASDA Distribution,BATCH-1206,Outbound,904,654,2,15,45.88,77.76,A2,Emily Harris,Slightly Delayed,5,No,Passed,16
TXN103521,20-01-2026,Glasgow Warehouse,Newcastle,Home Appliances,Air Fryer,Britannia Pharma,BATCH-3288,Outbound,557,384,13,12,1098.69,1208.98,C2,Noah Wilson,Slightly Delayed,6,No,Failed,6
TXN103522,21-05-2025,Newcastle Depot,Manchester,Fashion,Jeans,Sainsbury Logistics,BATCH-3605,Outbound,220,121,36,11,245.34,295.16,C2,Harry Johnson,Slightly Delayed,5,No,Passed,20
TXN103523,03-01-2026,Glasgow Warehouse,Liverpool,Grocery,Tea Bags,Britannia Pharma,BATCH-1837,Inbound,661,186,2,1,697.85,1146.96,D2,Oliver Smith,Slightly Delayed,6,No,Passed,7
TXN103524,18-05-2025,Bristol Supply Hub,Newcastle,Home Appliances,Air Fryer,Sainsbury Logistics,BATCH-8019,Inbound,72,47,16,1,96.55,173.12,D2,Amelia Clark,Delayed,8,Yes,Passed,8
TXN103525,10-04-2026,Leeds Fulfillment,Newcastle,Fashion,Jacket,Britannia Pharma,BATCH-1420,Outbound,56,41,36,20,721.7,916.96,A1,Charlie Davies,Delayed,9,Yes,Passed,10
TXN103526,25-08-2025,Bristol Supply Hub,Manchester,Home Appliances,Microwave,Tesco Supply Ltd,BATCH-6930,Inbound,669,33,26,1,294.82,392.43,A1,Harry Johnson,On Time,3,No,Failed,25
TXN103527,05-09-2025,Leeds Fulfillment,London,Electronics,Keyboard,Britannia Pharma,BATCH-8756,Outbound,693,392,15,14,183.4,315.53,C2,Noah Wilson,Delayed,8,Yes,Failed,25
TXN103528,20-12-2025,Birmingham Distribution,Liverpool,Electronics,Smartphone,Northern Supply Chain,BATCH-8566,Inbound,805,317,20,2,508.17,635.31,A1,Emily Harris,Slightly Delayed,4,No,Passed,3
TXN103529,28-10-2025,Newcastle Depot,Birmingham,Home Appliances,Air Fryer,UK Retail Goods,BATCH-1851,Outbound,614,160,35,15,877.7,1266.24,C2,Charlie Davies,On Time,2,No,Passed,17
TXN103530,19-01-2025,Liverpool Logistics,Birmingham,Fashion,Jacket,Sainsbury Logistics,BATCH-1356,Outbound,438,182,35,8,124.84,207.22,C1,Amelia Clark,On Time,1,Yes,Passed,0
TXN103531,18-11-2025,Manchester Storage,London,Fashion,T-Shirt,Sainsbury Logistics,BATCH-9243,Inbound,549,196,39,16,292.28,481.14,D1,Noah Wilson,Delayed,10,Yes,Passed,5
TXN103532,18-11-2025,Birmingham Distribution,Bristol,Fashion,Sneakers,London Trade Corp,BATCH-9621,Inbound,825,630,9,17,70.18,80.86,D2,Emily Harris,On Time,2,Yes,Failed,18
TXN103533,07-03-2025,Glasgow Warehouse,Liverpool,Grocery,Coffee,Sainsbury Logistics,BATCH-6362,Inbound,529,291,12,13,284.75,396.02,D1,Oliver Smith,On Time,2,Yes,Passed,2
TXN103534,27-09-2025,London Central Hub,Manchester,Electronics,Keyboard,Sainsbury Logistics,BATCH-3727,Inbound,704,129,11,7,1101.22,1581.48,B1,Jack Taylor,Delayed,9,Yes,Failed,23
TXN103535,20-06-2025,London Central Hub,Glasgow,Fashion,Sneakers,Tesco Supply Ltd,BATCH-1564,Inbound,180,44,3,2,42.93,71.34,A2,Emily Harris,Slightly Delayed,5,Yes,Passed,10
TXN103536,12-01-2025,Leeds Fulfillment,Manchester,Home Appliances,Mixer,Sainsbury Logistics,BATCH-3647,Outbound,572,400,40,3,104.56,165.79,A1,Harry Johnson,Slightly Delayed,6,Yes,Passed,5
TXN103537,15-02-2026,London Central Hub,Newcastle,Home Appliances,Air Fryer,UK Retail Goods,BATCH-1135,Outbound,846,803,21,1,1186.32,1455.84,A2,Jack Taylor,Delayed,8,Yes,Passed,15
TXN103538,27-12-2025,Manchester Storage,Newcastle,Electronics,Keyboard,London Trade Corp,BATCH-7709,Inbound,145,24,17,11,137.44,162.95,A1,Charlie Davies,Delayed,7,Yes,Passed,25
TXN103539,17-01-2026,Newcastle Depot,London,Pharma,Vitamin Tablets,London Trade Corp,BATCH-4001,Inbound,397,325,4,5,563.75,965.77,B2,Jack Taylor,Delayed,7,No,Passed,10
TXN103540,16-04-2026,Leeds Fulfillment,London,Electronics,Keyboard,London Trade Corp,BATCH-9641,Outbound,921,91,30,17,235.93,380.28,A2,Harry Johnson,Slightly Delayed,4,No,Passed,11
TXN103541,05-04-2026,Birmingham Distribution,Newcastle,Fashion,T-Shirt,ASDA Distribution,BATCH-1955,Outbound,136,80,1,14,1013.13,1370.35,A2,Oliver Smith,Delayed,7,No,Passed,5
TXN103542,16-03-2026,Glasgow Warehouse,Newcastle,Electronics,Tablet,Tesco Supply Ltd,BATCH-1153,Outbound,71,50,13,11,284.66,390.94,D1,Harry Johnson,On Time,3,No,Passed,19
TXN103543,01-02-2025,Leeds Fulfillment,Manchester,Electronics,Laptop,Britannia Pharma,BATCH-5901,Outbound,891,553,20,7,316.43,451.37,B2,Jack Taylor,Slightly Delayed,6,No,Passed,13
TXN103544,19-02-2025,Manchester Storage,Liverpool,Home Appliances,Vacuum Cleaner,UK Retail Goods,BATCH-4090,Outbound,459,224,11,13,926.83,1406.75,C1,Harry Johnson,Slightly Delayed,6,No,Passed,10
TXN103545,15-02-2025,Bristol Supply Hub,Manchester,Grocery,Cereal,Northern Supply Chain,BATCH-1382,Inbound,808,652,10,14,556.08,998.46,A2,Noah Wilson,Delayed,8,Yes,Passed,3
TXN103546,07-12-2025,Birmingham Distribution,Liverpool,Grocery,Tea Bags,Tesco Supply Ltd,BATCH-1942,Outbound,563,475,4,17,568.5,866.37,D2,George Brown,Delayed,8,No,Passed,17
TXN103547,21-11-2025,Leeds Fulfillment,Bristol,Pharma,Paracetamol,Northern Supply Chain,BATCH-7468,Inbound,885,830,3,19,771.27,1310.64,C2,Oliver Smith,On Time,3,No,Passed,16
TXN103548,29-01-2026,Newcastle Depot,Liverpool,Home Appliances,Mixer,Prime Wholesale UK,BATCH-5314,Inbound,873,206,23,11,882.29,1502.68,D2,Oliver Smith,Delayed,9,No,Passed,3
TXN103549,11-09-2025,Birmingham Distribution,Liverpool,Home Appliances,Mixer,Prime Wholesale UK,BATCH-8215,Inbound,227,88,7,13,1161.7,1909.33,A1,Oliver Smith,On Time,2,No,Passed,7
TXN103550,25-05-2025,Leeds Fulfillment,Glasgow,Grocery,Rice Pack,London Trade Corp,BATCH-1749,Inbound,168,61,21,3,1018.28,1495.65,B2,Harry Johnson,Delayed,7,Yes,Passed,24
TXN103551,27-01-2025,Newcastle Depot,Manchester,Fashion,Sneakers,London Trade Corp,BATCH-1508,Inbound,776,297,31,3,1026.79,1785.63,D2,Jack Taylor,Slightly Delayed,6,Yes,Passed,16
TXN103552,12-04-2026,Birmingham Distribution,Bristol,Grocery,Tea Bags,Sainsbury Logistics,BATCH-1786,Outbound,600,168,3,2,175.98,211.37,D1,Emily Harris,On Time,2,No,Passed,22
TXN103553,14-03-2025,London Central Hub,Bristol,Fashion,Sneakers,Prime Wholesale UK,BATCH-5009,Outbound,745,493,6,16,522.76,794.51,C2,Emily Harris,Delayed,8,No,Passed,18
TXN103554,10-02-2025,Liverpool Logistics,Manchester,Grocery,Cooking Oil,UK Retail Goods,BATCH-6406,Outbound,172,108,6,3,14.55,25.42,A2,Oliver Smith,Delayed,9,Yes,Passed,22
TXN103555,27-09-2025,Liverpool Logistics,Newcastle,Fashion,T-Shirt,Northern Supply Chain,BATCH-1352,Outbound,786,133,30,13,435.8,777.52,A2,Emily Harris,On Time,2,Yes,Passed,4
TXN103556,01-03-2025,Newcastle Depot,Birmingham,Pharma,Cough Syrup,Northern Supply Chain,BATCH-5358,Inbound,755,76,28,11,651.3,977.98,B2,Jack Taylor,Delayed,10,No,Passed,9
TXN103557,31-10-2025,Manchester Storage,London,Grocery,Coffee,Prime Wholesale UK,BATCH-8414,Inbound,112,43,33,16,405.19,722.75,D2,Charlie Davies,Slightly Delayed,6,No,Passed,12
TXN103558,14-04-2025,London Central Hub,Newcastle,Grocery,Coffee,UK Retail Goods,BATCH-7435,Outbound,551,21,12,16,86.89,121.37,C1,Noah Wilson,Delayed,9,No,Passed,0
TXN103559,10-03-2025,Newcastle Depot,Bristol,Electronics,Laptop,ASDA Distribution,BATCH-4589,Outbound,185,120,38,18,218.57,333.64,D2,Emily Harris,On Time,3,No,Passed,1
TXN103560,12-04-2025,Manchester Storage,Glasgow,Electronics,Tablet,Prime Wholesale UK,BATCH-2740,Inbound,154,25,39,17,1107.62,1320.44,D1,Charlie Davies,Slightly Delayed,6,Yes,Passed,5
TXN103561,02-07-2025,Glasgow Warehouse,Leeds,Fashion,Jacket,Tesco Supply Ltd,BATCH-5644,Inbound,758,29,25,16,315.57,440.6,A2,Oliver Smith,Delayed,7,Yes,Failed,14
TXN103562,26-02-2026,Birmingham Distribution,Leeds,Pharma,Bandages,Prime Wholesale UK,BATCH-8087,Outbound,248,128,19,11,500.94,893.29,A2,Charlie Davies,On Time,3,No,Passed,15
TXN103563,27-09-2025,London Central Hub,Birmingham,Grocery,Rice Pack,Sainsbury Logistics,BATCH-8392,Outbound,744,273,4,19,104.21,157.13,D2,George Brown,Delayed,7,Yes,Failed,24
TXN103564,07-04-2025,Leeds Fulfillment,Leeds,Electronics,Monitor,Sainsbury Logistics,BATCH-9103,Inbound,879,106,4,6,1136.32,1272.0,D1,Emily Harris,Slightly Delayed,4,No,Passed,8
TXN103565,10-04-2026,Glasgow Warehouse,Leeds,Pharma,Bandages,Northern Supply Chain,BATCH-9848,Outbound,242,63,18,10,544.6,961.51,D2,George Brown,Delayed,10,No,Passed,21
TXN103566,16-02-2025,Leeds Fulfillment,Leeds,Fashion,Jacket,Britannia Pharma,BATCH-4035,Inbound,316,55,11,17,115.86,167.99,D1,Noah Wilson,Delayed,8,Yes,Passed,8
TXN103567,11-05-2026,Leeds Fulfillment,Newcastle,Fashion,Jacket,ASDA Distribution,BATCH-3707,Inbound,974,31,19,5,703.98,1098.61,A1,Emily Harris,Slightly Delayed,6,Yes,Passed,2
TXN103568,06-05-2025,Newcastle Depot,Newcastle,Fashion,Handbag,Northern Supply Chain,BATCH-8895,Outbound,93,88,2,12,951.28,1167.11,B2,George Brown,On Time,3,Yes,Passed,18
TXN103569,27-04-2026,Leeds Fulfillment,Birmingham,Electronics,Keyboard,Britannia Pharma,BATCH-7839,Outbound,541,368,38,18,66.24,96.15,A2,Harry Johnson,Slightly Delayed,5,Yes,Passed,7
TXN103570,04-10-2025,Newcastle Depot,Liverpool,Pharma,Bandages,ASDA Distribution,BATCH-1480,Outbound,512,43,1,13,132.95,185.57,B2,Emily Harris,Slightly Delayed,4,Yes,Passed,21
TXN103571,24-07-2025,London Central Hub,Glasgow,Fashion,Jeans,Britannia Pharma,BATCH-7385,Outbound,122,91,23,1,675.41,807.66,C2,Oliver Smith,On Time,2,Yes,Passed,15
TXN103572,30-05-2025,Liverpool Logistics,Glasgow,Pharma,Vitamin Tablets,Prime Wholesale UK,BATCH-9981,Inbound,890,336,3,0,91.24,123.75,C1,Harry Johnson,On Time,1,Yes,Passed,15
TXN103573,02-11-2025,Liverpool Logistics,Birmingham,Fashion,Jacket,ASDA Distribution,BATCH-3524,Inbound,127,127,23,7,236.31,405.24,A2,Harry Johnson,Delayed,8,No,Failed,8
TXN103574,07-04-2026,Leeds Fulfillment,Liverpool,Electronics,Laptop,Sainsbury Logistics,BATCH-4664,Outbound,851,527,16,7,905.74,1241.47,D1,Oliver Smith,Delayed,9,Yes,Passed,10
TXN103575,30-03-2025,Birmingham Distribution,Bristol,Fashion,T-Shirt,Britannia Pharma,BATCH-8845,Inbound,191,171,17,8,1086.58,1412.56,B2,Noah Wilson,Delayed,8,Yes,Failed,9
TXN103576,19-06-2025,Newcastle Depot,Glasgow,Grocery,Cooking Oil,UK Retail Goods,BATCH-6000,Outbound,697,407,2,6,220.37,265.54,A2,Emily Harris,Delayed,8,Yes,Passed,0
TXN103577,10-01-2026,Birmingham Distribution,Leeds,Home Appliances,Mixer,ASDA Distribution,BATCH-3794,Outbound,798,547,5,18,853.05,1498.03,B2,Charlie Davies,Slightly Delayed,5,No,Failed,11
TXN103578,08-09-2025,London Central Hub,London,Grocery,Cooking Oil,Sainsbury Logistics,BATCH-4776,Outbound,575,540,14,4,42.22,64.75,D2,Emily Harris,Delayed,10,No,Passed,2
TXN103579,06-02-2026,Newcastle Depot,Liverpool,Pharma,Cough Syrup,Prime Wholesale UK,BATCH-3405,Outbound,401,158,38,9,344.52,555.79,B2,George Brown,On Time,3,Yes,Failed,6
TXN103580,10-09-2025,Manchester Storage,Liverpool,Pharma,Vitamin Tablets,UK Retail Goods,BATCH-2250,Inbound,257,144,22,11,1186.91,1677.31,D1,Charlie Davies,Slightly Delayed,4,Yes,Passed,3
TXN103581,18-01-2025,Manchester Storage,Newcastle,Grocery,Tea Bags,ASDA Distribution,BATCH-6925,Inbound,308,197,24,19,456.93,793.81,B2,Noah Wilson,Delayed,8,Yes,Passed,7
TXN103582,16-04-2025,Leeds Fulfillment,Manchester,Pharma,Bandages,Tesco Supply Ltd,BATCH-4977,Outbound,220,217,40,20,957.32,1278.73,A2,Harry Johnson,On Time,2,Yes,Passed,14
TXN103583,27-04-2025,Birmingham Distribution,Birmingham,Grocery,Cooking Oil,Northern Supply Chain,BATCH-1644,Outbound,74,62,40,20,158.05,177.4,D1,Amelia Clark,Delayed,8,No,Failed,7
TXN103584,28-07-2025,Newcastle Depot,Glasgow,Electronics,Monitor,Northern Supply Chain,BATCH-2615,Inbound,66,59,39,13,968.98,1434.82,C2,Harry Johnson,Delayed,9,Yes,Passed,0
TXN103585,08-01-2025,Liverpool Logistics,Birmingham,Grocery,Cereal,Prime Wholesale UK,BATCH-7047,Inbound,588,332,37,20,253.07,430.79,B1,Amelia Clark,Slightly Delayed,6,No,Passed,16
TXN103586,07-01-2026,London Central Hub,Bristol,Fashion,Jeans,London Trade Corp,BATCH-4230,Inbound,943,723,8,1,837.69,969.4,B1,Noah Wilson,Slightly Delayed,4,No,Failed,19
TXN103587,07-02-2025,Bristol Supply Hub,Leeds,Electronics,Laptop,Britannia Pharma,BATCH-7764,Outbound,727,591,24,12,374.38,590.7,B1,Noah Wilson,On Time,2,No,Passed,24
TXN103588,25-05-2025,Liverpool Logistics,Birmingham,Pharma,Bandages,Sainsbury Logistics,BATCH-7819,Inbound,624,174,27,18,27.46,40.34,A1,Jack Taylor,On Time,1,Yes,Passed,18
TXN103589,11-05-2026,Liverpool Logistics,Manchester,Electronics,Tablet,Sainsbury Logistics,BATCH-1133,Outbound,760,293,39,14,297.98,511.55,C1,George Brown,On Time,1,Yes,Passed,7
TXN103590,17-03-2025,Liverpool Logistics,Birmingham,Fashion,Jacket,ASDA Distribution,BATCH-3071,Inbound,491,37,5,0,798.25,1225.35,A1,Harry Johnson,Delayed,8,No,Passed,24
TXN103591,04-09-2025,Leeds Fulfillment,Birmingham,Electronics,Laptop,Tesco Supply Ltd,BATCH-8169,Outbound,986,444,3,19,590.73,862.65,D1,Amelia Clark,Delayed,10,Yes,Passed,3
TXN103592,13-03-2025,Liverpool Logistics,Bristol,Electronics,Laptop,London Trade Corp,BATCH-4905,Inbound,667,337,21,6,96.68,155.57,D2,Harry Johnson,Slightly Delayed,5,No,Passed,15
TXN103593,11-04-2026,London Central Hub,Leeds,Grocery,Coffee,Britannia Pharma,BATCH-5251,Inbound,63,50,24,4,239.28,400.47,A2,Emily Harris,Delayed,8,No,Failed,23
TXN103594,30-04-2026,Bristol Supply Hub,Liverpool,Home Appliances,Vacuum Cleaner,Tesco Supply Ltd,BATCH-8944,Inbound,475,24,4,12,102.65,164.28,D2,George Brown,Delayed,8,Yes,Passed,21
TXN103595,16-08-2025,Manchester Storage,Liverpool,Pharma,Bandages,ASDA Distribution,BATCH-1096,Inbound,431,299,16,16,292.99,365.06,C2,Emily Harris,On Time,2,Yes,Passed,5
TXN103596,03-12-2025,Leeds Fulfillment,Birmingham,Grocery,Cooking Oil,Sainsbury Logistics,BATCH-7845,Outbound,743,364,33,13,167.86,216.79,A2,Oliver Smith,On Time,3,Yes,Passed,8
TXN103597,20-08-2025,Bristol Supply Hub,Manchester,Pharma,Vitamin Tablets,Sainsbury Logistics,BATCH-6851,Inbound,246,21,23,12,987.85,1628.83,D2,Jack Taylor,Delayed,8,Yes,Passed,9
TXN103598,23-04-2026,Liverpool Logistics,London,Grocery,Rice Pack,UK Retail Goods,BATCH-2642,Outbound,78,54,19,7,1193.91,1761.7,D1,Jack Taylor,Delayed,9,No,Passed,13
TXN103599,26-02-2025,Manchester Storage,Newcastle,Home Appliances,Mixer,Northern Supply Chain,BATCH-7996,Inbound,834,173,25,17,573.18,928.56,B1,Jack Taylor,Slightly Delayed,6,No,Passed,25
TXN103600,16-10-2025,Bristol Supply Hub,Glasgow,Fashion,Handbag,Tesco Supply Ltd,BATCH-3997,Inbound,383,373,37,14,456.77,599.04,D2,Emily Harris,Delayed,7,No,Passed,13
TXN103601,14-07-2025,Leeds Fulfillment,Newcastle,Home Appliances,Microwave,Sainsbury Logistics,BATCH-1669,Inbound,782,577,11,10,858.15,1426.58,A2,Noah Wilson,Delayed,8,No,Passed,21
TXN103602,30-03-2025,London Central Hub,Leeds,Fashion,Handbag,Northern Supply Chain,BATCH-7007,Inbound,303,205,10,16,97.41,140.23,C2,George Brown,Slightly Delayed,5,Yes,Failed,20
TXN103603,09-04-2025,London Central Hub,Birmingham,Fashion,Jacket,Tesco Supply Ltd,BATCH-4150,Inbound,395,263,8,12,955.34,1354.85,C1,Noah Wilson,Delayed,9,Yes,Failed,1
TXN103604,28-03-2026,Liverpool Logistics,Leeds,Fashion,T-Shirt,Tesco Supply Ltd,BATCH-6551,Outbound,628,38,1,20,115.02,199.88,C2,Oliver Smith,Slightly Delayed,6,No,Passed,5
TXN103605,26-05-2025,London Central Hub,Bristol,Fashion,Jacket,Northern Supply Chain,BATCH-8372,Outbound,620,146,3,12,243.85,369.94,C1,Amelia Clark,Slightly Delayed,6,Yes,Passed,20
TXN103606,13-06-2025,Leeds Fulfillment,Newcastle,Home Appliances,Mixer,UK Retail Goods,BATCH-8904,Inbound,731,451,20,2,481.84,558.82,C1,George Brown,Delayed,7,Yes,Failed,25
TXN103607,10-09-2025,London Central Hub,London,Pharma,Paracetamol,London Trade Corp,BATCH-5441,Outbound,422,93,15,17,542.57,954.72,A1,Amelia Clark,Delayed,9,Yes,Passed,25
TXN103608,31-03-2026,Leeds Fulfillment,Liverpool,Pharma,Bandages,UK Retail Goods,BATCH-8047,Inbound,458,142,13,16,1035.58,1224.06,D1,George Brown,Slightly Delayed,4,Yes,Passed,6
TXN103609,29-08-2025,Bristol Supply Hub,Bristol,Fashion,T-Shirt,Tesco Supply Ltd,BATCH-4963,Inbound,107,36,40,1,757.8,850.59,D1,Emily Harris,Slightly Delayed,4,No,Passed,0
TXN103610,30-10-2025,Manchester Storage,Leeds,Fashion,Handbag,UK Retail Goods,BATCH-5484,Outbound,64,37,24,20,520.72,588.95,A2,Amelia Clark,Slightly Delayed,6,Yes,Passed,11
TXN103611,02-08-2025,Birmingham Distribution,Glasgow,Home Appliances,Mixer,London Trade Corp,BATCH-6458,Outbound,241,222,35,14,733.36,1094.88,C1,Harry Johnson,On Time,3,No,Passed,23
TXN103612,07-01-2025,Manchester Storage,Bristol,Pharma,Paracetamol,ASDA Distribution,BATCH-7816,Inbound,583,59,27,12,34.92,48.57,A2,Noah Wilson,Slightly Delayed,5,Yes,Passed,7
TXN103613,02-04-2025,Bristol Supply Hub,Leeds,Fashion,Jeans,Britannia Pharma,BATCH-5372,Outbound,348,185,11,17,42.11,65.95,A2,Amelia Clark,Slightly Delayed,4,No,Passed,18
TXN103614,17-06-2025,Manchester Storage,Glasgow,Pharma,Bandages,Northern Supply Chain,BATCH-8640,Outbound,982,118,21,5,764.44,1060.34,A1,Emily Harris,On Time,2,No,Failed,18
TXN103615,16-05-2026,Birmingham Distribution,Glasgow,Electronics,Monitor,Prime Wholesale UK,BATCH-2016,Outbound,719,645,1,13,24.62,39.73,A1,George Brown,Delayed,9,Yes,Failed,4
TXN103616,20-07-2025,London Central Hub,London,Pharma,Bandages,Tesco Supply Ltd,BATCH-3991,Inbound,118,59,30,1,1189.67,1715.19,D2,Emily Harris,Delayed,10,No,Passed,9
TXN103617,23-07-2025,Leeds Fulfillment,Bristol,Fashion,Jacket,Northern Supply Chain,BATCH-3203,Outbound,717,337,35,13,797.01,922.49,D1,Charlie Davies,Slightly Delayed,6,Yes,Passed,4
TXN103618,10-04-2026,Leeds Fulfillment,Birmingham,Pharma,Paracetamol,Sainsbury Logistics,BATCH-9615,Outbound,482,425,8,16,871.21,976.27,D2,Jack Taylor,Delayed,7,No,Passed,18
TXN103619,06-04-2026,London Central Hub,Leeds,Fashion,Handbag,Britannia Pharma,BATCH-7163,Inbound,402,82,13,13,1152.8,1327.53,C2,Oliver Smith,Slightly Delayed,5,Yes,Passed,23
TXN103620,10-03-2025,Birmingham Distribution,London,Grocery,Tea Bags,London Trade Corp,BATCH-9553,Outbound,882,160,39,2,538.69,693.1,A2,Noah Wilson,On Time,2,No,Passed,20
TXN103621,06-08-2025,Manchester Storage,Birmingham,Grocery,Tea Bags,London Trade Corp,BATCH-3097,Inbound,695,235,5,7,1188.88,1558.61,B2,Charlie Davies,Slightly Delayed,5,Yes,Passed,4
TXN103622,10-02-2025,Leeds Fulfillment,Newcastle,Grocery,Cereal,Prime Wholesale UK,BATCH-1139,Outbound,273,51,4,9,1122.31,1901.13,B2,Harry Johnson,On Time,2,Yes,Passed,0
TXN103623,09-04-2026,Glasgow Warehouse,Manchester,Fashion,Jacket,Sainsbury Logistics,BATCH-4424,Outbound,371,137,37,10,1047.09,1378.99,C1,Noah Wilson,On Time,3,Yes,Passed,0
TXN103624,15-08-2025,London Central Hub,Birmingham,Fashion,Sneakers,Tesco Supply Ltd,BATCH-2660,Outbound,635,102,16,16,544.14,915.9,A1,Amelia Clark,On Time,3,Yes,Passed,4
TXN103625,22-04-2026,Bristol Supply Hub,London,Home Appliances,Vacuum Cleaner,Prime Wholesale UK,BATCH-4963,Inbound,883,298,3,2,142.52,174.01,A2,Emily Harris,Delayed,9,No,Passed,20
TXN103626,09-08-2025,Glasgow Warehouse,London,Electronics,Monitor,London Trade Corp,BATCH-7974,Outbound,552,173,4,16,1122.73,1672.41,C2,Noah Wilson,On Time,1,No,Passed,0
TXN103627,16-08-2025,Glasgow Warehouse,Leeds,Electronics,Tablet,UK Retail Goods,BATCH-2533,Outbound,495,369,31,2,497.39,705.41,A2,Harry Johnson,Delayed,8,No,Passed,18
TXN103628,03-04-2025,Liverpool Logistics,London,Home Appliances,Mixer,Tesco Supply Ltd,BATCH-5834,Outbound,954,305,11,20,1043.34,1517.99,B1,George Brown,Delayed,10,No,Passed,13
TXN103629,02-10-2025,London Central Hub,London,Home Appliances,Air Fryer,ASDA Distribution,BATCH-1333,Inbound,460,342,6,13,987.53,1622.68,A1,Emily Harris,On Time,2,Yes,Passed,14
TXN103630,05-09-2025,London Central Hub,Liverpool,Home Appliances,Air Fryer,Britannia Pharma,BATCH-2133,Inbound,461,184,22,15,1070.09,1632.85,D1,Charlie Davies,Slightly Delayed,6,Yes,Passed,14
TXN103631,26-06-2025,London Central Hub,Bristol,Fashion,T-Shirt,UK Retail Goods,BATCH-6640,Inbound,744,694,14,20,575.58,954.24,A2,George Brown,On Time,3,Yes,Passed,22
TXN103632,16-11-2025,Birmingham Distribution,Leeds,Pharma,Paracetamol,Northern Supply Chain,BATCH-2539,Inbound,728,67,1,19,720.17,1096.52,A2,Harry Johnson,On Time,3,Yes,Failed,6
TXN103633,25-04-2026,Glasgow Warehouse,Liverpool,Pharma,Paracetamol,Prime Wholesale UK,BATCH-6897,Outbound,515,258,5,1,1072.98,1249.56,B2,Jack Taylor,On Time,1,No,Passed,7
TXN103634,02-04-2026,London Central Hub,London,Pharma,Cough Syrup,UK Retail Goods,BATCH-8269,Inbound,932,420,34,3,745.76,1020.93,D1,Noah Wilson,Slightly Delayed,4,No,Passed,24
TXN103635,27-04-2026,Newcastle Depot,Newcastle,Pharma,Bandages,UK Retail Goods,BATCH-4509,Outbound,820,56,33,2,400.81,635.84,B1,Amelia Clark,On Time,1,Yes,Passed,9
TXN103636,01-04-2026,Birmingham Distribution,Bristol,Pharma,Bandages,Northern Supply Chain,BATCH-8265,Outbound,320,201,23,14,423.89,532.2,B1,Emily Harris,On Time,1,No,Passed,14
TXN103637,26-06-2025,Newcastle Depot,Leeds,Electronics,Smartphone,Britannia Pharma,BATCH-8396,Outbound,585,84,11,11,422.89,648.65,A1,Harry Johnson,Delayed,7,No,Passed,17
TXN103638,19-06-2025,Birmingham Distribution,Liverpool,Fashion,T-Shirt,Sainsbury Logistics,BATCH-5495,Inbound,588,309,36,5,536.32,649.91,B1,Noah Wilson,Slightly Delayed,5,Yes,Passed,16
TXN103639,19-01-2025,Birmingham Distribution,Liverpool,Home Appliances,Mixer,Britannia Pharma,BATCH-2902,Outbound,189,61,37,9,237.5,334.4,B1,Oliver Smith,Slightly Delayed,6,Yes,Passed,18
TXN103640,31-03-2025,Liverpool Logistics,Birmingham,Pharma,Paracetamol,Britannia Pharma,BATCH-7063,Inbound,174,133,30,8,750.53,1302.3,A2,Oliver Smith,Delayed,10,No,Failed,22
TXN103641,18-03-2026,Leeds Fulfillment,Newcastle,Fashion,Jacket,Prime Wholesale UK,BATCH-8590,Outbound,749,201,18,19,81.37,132.38,B1,Emily Harris,Delayed,10,No,Passed,23
TXN103642,08-03-2026,Manchester Storage,Birmingham,Fashion,T-Shirt,Prime Wholesale UK,BATCH-1457,Inbound,671,233,0,14,180.55,316.75,D1,Jack Taylor,Delayed,8,No,Passed,9
TXN103643,13-12-2025,Newcastle Depot,Liverpool,Grocery,Cereal,ASDA Distribution,BATCH-2430,Inbound,561,273,19,11,795.33,1394.22,B2,Charlie Davies,Slightly Delayed,4,No,Failed,23
TXN103644,09-06-2025,Manchester Storage,Liverpool,Home Appliances,Vacuum Cleaner,Sainsbury Logistics,BATCH-9788,Inbound,371,307,24,15,332.56,460.74,C2,Amelia Clark,Slightly Delayed,5,Yes,Failed,6
TXN103645,09-08-2025,Leeds Fulfillment,Bristol,Fashion,Handbag,Prime Wholesale UK,BATCH-5872,Inbound,240,76,15,4,749.14,842.03,D2,George Brown,Slightly Delayed,5,No,Passed,24
TXN103646,22-02-2025,Newcastle Depot,London,Home Appliances,Mixer,Britannia Pharma,BATCH-2332,Outbound,826,752,6,16,575.87,883.94,B1,Emily Harris,Delayed,8,No,Passed,22
TXN103647,11-05-2026,Manchester Storage,Liverpool,Electronics,Laptop,Sainsbury Logistics,BATCH-1581,Outbound,417,396,10,15,389.24,432.0,A1,Amelia Clark,Slightly Delayed,4,Yes,Passed,24
TXN103648,17-02-2026,Manchester Storage,Manchester,Grocery,Cooking Oil,ASDA Distribution,BATCH-4475,Inbound,248,119,11,20,610.15,711.97,D2,Noah Wilson,Delayed,10,No,Passed,12
TXN103649,07-02-2026,Newcastle Depot,Manchester,Electronics,Keyboard,Northern Supply Chain,BATCH-3837,Outbound,771,434,29,3,696.17,1053.23,D1,Emily Harris,Delayed,7,Yes,Failed,24
TXN103650,10-09-2025,Newcastle Depot,Liverpool,Pharma,Paracetamol,Sainsbury Logistics,BATCH-2818,Inbound,493,427,34,5,491.36,777.67,D2,Harry Johnson,Delayed,10,Yes,Passed,2
TXN103651,22-01-2026,Liverpool Logistics,Manchester,Pharma,Paracetamol,Northern Supply Chain,BATCH-8780,Inbound,841,655,28,20,1149.69,1752.95,C1,George Brown,Delayed,7,No,Passed,4
TXN103652,03-06-2025,Manchester Storage,Birmingham,Fashion,T-Shirt,Tesco Supply Ltd,BATCH-7680,Inbound,582,444,5,14,602.76,781.07,B1,Amelia Clark,Slightly Delayed,6,No,Passed,7
TXN103653,22-08-2025,Glasgow Warehouse,Birmingham,Fashion,Jacket,Prime Wholesale UK,BATCH-2607,Inbound,158,89,17,19,814.29,1450.75,C2,Noah Wilson,Delayed,9,Yes,Passed,22
TXN103654,23-03-2025,Manchester Storage,Manchester,Home Appliances,Mixer,Sainsbury Logistics,BATCH-7403,Inbound,655,523,37,6,506.61,706.42,A1,Harry Johnson,Slightly Delayed,5,Yes,Passed,16
TXN103655,26-12-2025,Newcastle Depot,Bristol,Grocery,Tea Bags,Prime Wholesale UK,BATCH-4740,Inbound,548,342,24,11,233.38,349.31,D1,Jack Taylor,Delayed,9,Yes,Passed,13
TXN103656,24-06-2025,Newcastle Depot,Leeds,Fashion,T-Shirt,UK Retail Goods,BATCH-5630,Inbound,503,128,1,2,318.23,379.67,D2,Harry Johnson,Slightly Delayed,4,No,Passed,4
TXN103657,11-08-2025,Glasgow Warehouse,Bristol,Fashion,T-Shirt,Britannia Pharma,BATCH-2928,Inbound,496,152,30,16,857.9,1362.35,A2,Oliver Smith,Delayed,9,No,Passed,12
TXN103658,14-04-2025,Glasgow Warehouse,Bristol,Fashion,Jacket,Tesco Supply Ltd,BATCH-1853,Inbound,791,177,39,15,176.52,231.7,C1,Oliver Smith,On Time,2,No,Failed,17
TXN103659,18-12-2025,Liverpool Logistics,Bristol,Electronics,Laptop,UK Retail Goods,BATCH-3410,Outbound,955,459,40,10,1039.26,1749.08,B1,Noah Wilson,Slightly Delayed,6,No,Passed,10
TXN103660,06-01-2025,Newcastle Depot,Leeds,Electronics,Smartphone,Northern Supply Chain,BATCH-3987,Outbound,805,666,18,6,189.07,232.44,A1,Amelia Clark,Delayed,7,Yes,Failed,14
TXN103661,20-04-2025,Newcastle Depot,Manchester,Pharma,Cough Syrup,Tesco Supply Ltd,BATCH-6378,Outbound,784,385,33,15,1018.08,1158.65,C1,Oliver Smith,On Time,3,Yes,Passed,13
TXN103662,27-05-2025,Newcastle Depot,Leeds,Fashion,Sneakers,ASDA Distribution,BATCH-6178,Outbound,158,115,33,12,596.73,789.32,A1,Emily Harris,On Time,3,No,Passed,15
TXN103663,19-02-2025,Manchester Storage,Bristol,Fashion,Sneakers,Britannia Pharma,BATCH-3722,Outbound,363,315,24,20,300.92,494.47,A1,Jack Taylor,On Time,3,Yes,Passed,12
TXN103664,26-01-2025,Birmingham Distribution,Birmingham,Pharma,Cough Syrup,Sainsbury Logistics,BATCH-7996,Outbound,812,351,5,18,1198.94,1916.67,D1,Emily Harris,Delayed,7,Yes,Passed,13
TXN103665,11-03-2026,London Central Hub,Bristol,Fashion,Jeans,London Trade Corp,BATCH-7258,Inbound,359,137,17,3,1068.56,1764.61,C1,Amelia Clark,On Time,2,Yes,Passed,21
TXN103666,21-05-2025,Birmingham Distribution,Birmingham,Electronics,Laptop,Prime Wholesale UK,BATCH-8023,Outbound,918,616,14,12,648.27,1053.7,A1,Jack Taylor,Delayed,8,No,Failed,9
TXN103667,27-01-2025,London Central Hub,Bristol,Fashion,Jacket,Sainsbury Logistics,BATCH-9530,Inbound,601,416,36,9,793.01,998.58,C2,Charlie Davies,Delayed,10,No,Passed,3
TXN103668,21-04-2026,Birmingham Distribution,Glasgow,Pharma,Vitamin Tablets,London Trade Corp,BATCH-4754,Outbound,528,36,37,6,1109.14,1682.47,B2,George Brown,On Time,3,No,Passed,3
TXN103669,31-07-2025,London Central Hub,London,Grocery,Tea Bags,Sainsbury Logistics,BATCH-9438,Outbound,474,226,11,1,513.74,886.29,C1,Harry Johnson,Delayed,7,Yes,Passed,2
TXN103670,18-03-2026,Glasgow Warehouse,Leeds,Electronics,Tablet,Sainsbury Logistics,BATCH-8597,Outbound,79,25,22,1,189.87,258.81,A2,Jack Taylor,On Time,2,Yes,Failed,1
TXN103671,27-04-2026,London Central Hub,Leeds,Pharma,Cough Syrup,London Trade Corp,BATCH-3559,Outbound,189,153,34,15,490.51,790.6,A1,Charlie Davies,Delayed,9,Yes,Passed,23
TXN103672,16-03-2025,Manchester Storage,Manchester,Home Appliances,Microwave,Sainsbury Logistics,BATCH-3743,Inbound,901,320,24,8,1191.71,2033.91,A2,Jack Taylor,Delayed,8,No,Passed,17
TXN103673,18-05-2025,Glasgow Warehouse,Newcastle,Home Appliances,Air Fryer,London Trade Corp,BATCH-4018,Outbound,284,232,27,16,44.63,68.1,C2,Emily Harris,Slightly Delayed,6,Yes,Failed,1
TXN103674,15-11-2025,Manchester Storage,Manchester,Pharma,Bandages,Northern Supply Chain,BATCH-1710,Outbound,192,154,18,9,1035.27,1278.56,B1,Noah Wilson,On Time,3,No,Passed,23
TXN103675,15-04-2025,Birmingham Distribution,Manchester,Fashion,Jacket,Sainsbury Logistics,BATCH-1147,Outbound,249,117,5,10,952.57,1053.45,D1,Oliver Smith,On Time,1,Yes,Passed,22
TXN103676,17-07-2025,Liverpool Logistics,Leeds,Fashion,T-Shirt,Prime Wholesale UK,BATCH-7816,Outbound,914,720,20,14,1111.1,1503.62,D1,Harry Johnson,Slightly Delayed,6,No,Passed,10
TXN103677,18-04-2026,Glasgow Warehouse,London,Fashion,Handbag,London Trade Corp,BATCH-7162,Inbound,864,403,39,0,697.57,825.97,B2,George Brown,Delayed,9,No,Passed,12
TXN103678,18-09-2025,London Central Hub,Liverpool,Grocery,Coffee,UK Retail Goods,BATCH-1012,Inbound,800,119,3,7,120.92,205.19,C1,Amelia Clark,On Time,1,No,Passed,15
TXN103679,06-08-2025,Manchester Storage,London,Fashion,Handbag,Tesco Supply Ltd,BATCH-2087,Inbound,813,450,35,20,668.17,1135.77,D2,George Brown,On Time,1,No,Failed,15
TXN103680,19-01-2025,Leeds Fulfillment,Liverpool,Grocery,Cooking Oil,Britannia Pharma,BATCH-2519,Outbound,340,289,21,11,142.97,241.75,A2,Oliver Smith,Delayed,8,Yes,Failed,7
TXN103681,05-03-2026,Leeds Fulfillment,Liverpool,Pharma,Bandages,Prime Wholesale UK,BATCH-5659,Outbound,690,61,21,17,276.2,346.21,C2,Oliver Smith,Slightly Delayed,5,No,Passed,6
TXN103682,17-09-2025,Liverpool Logistics,Bristol,Fashion,Handbag,UK Retail Goods,BATCH-5125,Inbound,395,126,36,19,1031.96,1632.75,A2,Charlie Davies,On Time,3,Yes,Passed,11
TXN103683,19-04-2025,London Central Hub,Glasgow,Fashion,Sneakers,Britannia Pharma,BATCH-1999,Outbound,859,123,25,11,1126.09,1578.82,D1,Charlie Davies,Slightly Delayed,5,Yes,Passed,8
TXN103684,15-04-2026,London Central Hub,London,Home Appliances,Vacuum Cleaner,Sainsbury Logistics,BATCH-3541,Outbound,444,305,11,14,173.79,240.61,A2,Harry Johnson,Slightly Delayed,4,No,Passed,15
TXN103685,11-02-2026,Birmingham Distribution,Manchester,Electronics,Smartphone,ASDA Distribution,BATCH-6606,Inbound,410,380,12,13,1127.55,1431.42,A2,George Brown,Delayed,8,No,Passed,23
TXN103686,14-11-2025,Manchester Storage,Liverpool,Home Appliances,Vacuum Cleaner,ASDA Distribution,BATCH-1385,Inbound,479,23,36,18,596.87,852.95,D1,Amelia Clark,Delayed,10,Yes,Passed,10
TXN103687,13-07-2025,Leeds Fulfillment,Glasgow,Home Appliances,Microwave,UK Retail Goods,BATCH-8626,Outbound,152,56,14,0,807.39,1155.09,A1,Amelia Clark,Slightly Delayed,6,No,Passed,4
TXN103688,26-02-2025,Manchester Storage,Leeds,Grocery,Coffee,Britannia Pharma,BATCH-3168,Inbound,473,126,32,11,86.17,96.51,A2,Jack Taylor,Slightly Delayed,4,No,Passed,8
TXN103689,21-03-2025,Birmingham Distribution,Birmingham,Electronics,Tablet,Prime Wholesale UK,BATCH-2212,Inbound,191,142,17,3,414.42,581.52,A1,Emily Harris,On Time,3,No,Passed,8
TXN103690,18-09-2025,Birmingham Distribution,Leeds,Electronics,Laptop,London Trade Corp,BATCH-4152,Inbound,350,285,24,5,731.81,1148.0,B1,Harry Johnson,Delayed,8,No,Passed,13
TXN103691,05-10-2025,London Central Hub,Manchester,Electronics,Smartphone,Prime Wholesale UK,BATCH-3373,Inbound,763,32,1,18,670.99,1164.68,C2,Harry Johnson,Delayed,7,No,Passed,20
TXN103692,25-11-2025,Birmingham Distribution,Birmingham,Fashion,Sneakers,Sainsbury Logistics,BATCH-7839,Outbound,315,41,3,1,384.7,608.22,B1,Noah Wilson,Slightly Delayed,4,Yes,Passed,14
TXN103693,15-09-2025,Liverpool Logistics,Leeds,Grocery,Coffee,Prime Wholesale UK,BATCH-7953,Outbound,699,335,40,11,1048.75,1799.02,C2,George Brown,Slightly Delayed,4,Yes,Passed,4
TXN103694,24-01-2026,Bristol Supply Hub,Leeds,Pharma,Vitamin Tablets,Britannia Pharma,BATCH-4953,Outbound,795,504,30,20,358.69,439.91,A2,Jack Taylor,Delayed,7,No,Passed,9
TXN103695,29-06-2025,Glasgow Warehouse,Manchester,Fashion,Jeans,Tesco Supply Ltd,BATCH-4600,Outbound,449,40,20,10,278.39,491.39,D2,Emily Harris,Slightly Delayed,6,No,Passed,8
TXN103696,05-03-2025,Manchester Storage,Liverpool,Home Appliances,Microwave,Tesco Supply Ltd,BATCH-9731,Inbound,854,588,21,6,846.56,1380.92,B1,Harry Johnson,On Time,2,Yes,Passed,3
TXN103697,22-08-2025,Manchester Storage,London,Fashion,Jacket,Sainsbury Logistics,BATCH-9475,Inbound,964,960,28,13,171.57,302.3,B2,Harry Johnson,Delayed,10,Yes,Passed,13
TXN103698,15-02-2026,Newcastle Depot,Manchester,Pharma,Vitamin Tablets,Tesco Supply Ltd,BATCH-6836,Outbound,718,532,6,0,1191.06,2062.94,C1,Oliver Smith,Slightly Delayed,5,No,Failed,25
TXN103699,23-09-2025,Manchester Storage,Glasgow,Grocery,Cereal,UK Retail Goods,BATCH-5065,Outbound,950,74,3,17,1119.23,1551.66,B1,George Brown,Slightly Delayed,6,Yes,Failed,24
TXN103700,09-08-2025,Birmingham Distribution,London,Grocery,Cereal,London Trade Corp,BATCH-5924,Outbound,265,118,17,13,689.75,887.88,A1,Emily Harris,Slightly Delayed,5,Yes,Failed,4
TXN103701,21-03-2026,Newcastle Depot,Birmingham,Pharma,Bandages,Northern Supply Chain,BATCH-3107,Outbound,665,109,26,5,795.13,1219.37,B1,Noah Wilson,On Time,1,Yes,Passed,1
TXN103702,05-02-2025,London Central Hub,London,Home Appliances,Air Fryer,Britannia Pharma,BATCH-1749,Outbound,477,94,28,4,411.36,462.15,C2,George Brown,On Time,1,Yes,Passed,4
TXN103703,11-09-2025,Glasgow Warehouse,Newcastle,Fashion,Jeans,Prime Wholesale UK,BATCH-4362,Outbound,745,339,32,10,713.3,896.39,A1,Charlie Davies,On Time,2,Yes,Passed,17
TXN103704,01-04-2026,Liverpool Logistics,Newcastle,Fashion,T-Shirt,Northern Supply Chain,BATCH-8791,Inbound,760,433,28,14,1090.47,1715.38,A1,Noah Wilson,Delayed,8,No,Passed,14
TXN103705,15-02-2025,Glasgow Warehouse,Newcastle,Electronics,Keyboard,Sainsbury Logistics,BATCH-3856,Inbound,997,610,36,8,822.79,1332.06,C1,Emily Harris,On Time,1,Yes,Passed,17
TXN103706,22-07-2025,Manchester Storage,Leeds,Grocery,Coffee,Prime Wholesale UK,BATCH-9028,Outbound,99,75,9,12,173.22,235.23,C1,Charlie Davies,Slightly Delayed,4,No,Passed,3
TXN103707,14-04-2026,London Central Hub,Liverpool,Home Appliances,Vacuum Cleaner,Sainsbury Logistics,BATCH-1322,Outbound,438,283,0,17,698.24,1025.09,D1,Jack Taylor,Delayed,9,No,Passed,23
TXN103708,04-11-2025,Birmingham Distribution,Glasgow,Home Appliances,Mixer,London Trade Corp,BATCH-3270,Outbound,537,383,22,4,978.61,1648.42,A1,Oliver Smith,Slightly Delayed,4,Yes,Failed,1
TXN103709,31-08-2025,Liverpool Logistics,Liverpool,Home Appliances,Air Fryer,Sainsbury Logistics,BATCH-2861,Outbound,994,225,30,13,65.6,80.17,B2,Amelia Clark,Delayed,9,Yes,Passed,1
TXN103710,25-04-2025,Bristol Supply Hub,London,Grocery,Cereal,Britannia Pharma,BATCH-9255,Inbound,178,150,22,16,882.91,1236.43,B2,Amelia Clark,Slightly Delayed,5,Yes,Failed,23
TXN103711,31-05-2025,Newcastle Depot,Manchester,Home Appliances,Mixer,Tesco Supply Ltd,BATCH-7386,Outbound,499,394,20,0,522.86,888.02,A2,Noah Wilson,Delayed,10,Yes,Passed,18
TXN103712,10-05-2025,Bristol Supply Hub,Liverpool,Electronics,Smartphone,Northern Supply Chain,BATCH-5857,Outbound,217,164,26,14,1197.03,1969.16,A2,Oliver Smith,Delayed,8,No,Passed,17
TXN103713,12-03-2026,Birmingham Distribution,Liverpool,Electronics,Tablet,ASDA Distribution,BATCH-7706,Inbound,512,253,38,8,745.54,1065.99,D2,Oliver Smith,Slightly Delayed,6,No,Failed,19
TXN103714,08-04-2026,Liverpool Logistics,Manchester,Electronics,Smartphone,Northern Supply Chain,BATCH-9171,Inbound,706,141,33,11,502.3,597.48,A1,Oliver Smith,Slightly Delayed,4,Yes,Passed,14
TXN103715,03-07-2025,Liverpool Logistics,London,Grocery,Coffee,Prime Wholesale UK,BATCH-5874,Outbound,707,523,3,18,797.26,943.45,C2,George Brown,Delayed,10,Yes,Failed,20
TXN103716,28-11-2025,London Central Hub,Liverpool,Electronics,Tablet,Sainsbury Logistics,BATCH-3543,Outbound,409,334,10,20,29.08,39.45,B2,Oliver Smith,Delayed,8,Yes,Failed,1
TXN103717,07-02-2026,Leeds Fulfillment,Bristol,Fashion,Handbag,ASDA Distribution,BATCH-3400,Outbound,926,791,14,20,598.89,1011.16,D2,Harry Johnson,Delayed,7,Yes,Passed,6
TXN103718,05-04-2025,Glasgow Warehouse,Bristol,Grocery,Rice Pack,UK Retail Goods,BATCH-2307,Inbound,751,451,1,6,66.55,106.42,C1,Oliver Smith,Delayed,10,Yes,Passed,23
TXN103719,08-03-2026,Newcastle Depot,Newcastle,Electronics,Smartphone,ASDA Distribution,BATCH-3764,Inbound,264,32,32,0,970.82,1105.49,B2,George Brown,Delayed,8,Yes,Passed,8
TXN103720,15-12-2025,Manchester Storage,Bristol,Pharma,Cough Syrup,Sainsbury Logistics,BATCH-2831,Outbound,190,189,9,6,804.83,933.36,B1,Emily Harris,Delayed,8,No,Passed,11
TXN103721,28-03-2026,Liverpool Logistics,Glasgow,Fashion,Sneakers,Tesco Supply Ltd,BATCH-3279,Inbound,498,445,1,15,511.82,587.21,C1,George Brown,Slightly Delayed,5,Yes,Passed,0
TXN103722,14-06-2025,Birmingham Distribution,London,Fashion,Jacket,Tesco Supply Ltd,BATCH-5173,Inbound,174,87,4,1,898.38,1233.3,B1,Jack Taylor,Slightly Delayed,5,No,Passed,11
TXN103723,19-03-2025,Newcastle Depot,Liverpool,Electronics,Monitor,Sainsbury Logistics,BATCH-4653,Inbound,149,98,26,10,300.68,428.56,B2,Amelia Clark,Delayed,10,No,Passed,14
TXN103724,21-12-2025,Newcastle Depot,London,Electronics,Keyboard,ASDA Distribution,BATCH-4148,Outbound,614,601,23,6,1041.03,1863.62,A2,George Brown,Slightly Delayed,6,Yes,Passed,11
TXN103725,30-08-2025,London Central Hub,Manchester,Pharma,Cough Syrup,Northern Supply Chain,BATCH-2502,Inbound,187,87,35,18,744.59,1267.82,C1,Harry Johnson,Delayed,9,Yes,Passed,22
TXN103726,06-08-2025,London Central Hub,Birmingham,Grocery,Rice Pack,Northern Supply Chain,BATCH-8727,Outbound,726,153,24,3,64.66,101.47,D1,Emily Harris,On Time,1,No,Passed,16
TXN103727,16-05-2026,Leeds Fulfillment,Liverpool,Electronics,Tablet,London Trade Corp,BATCH-6951,Outbound,341,312,12,3,525.74,664.01,C1,Oliver Smith,Delayed,10,No,Passed,14
TXN103728,22-10-2025,Leeds Fulfillment,Liverpool,Pharma,Bandages,Sainsbury Logistics,BATCH-3474,Outbound,135,82,28,3,387.12,536.92,D1,Amelia Clark,Delayed,9,Yes,Passed,3
TXN103729,27-12-2025,Birmingham Distribution,Bristol,Home Appliances,Mixer,UK Retail Goods,BATCH-5120,Inbound,383,292,38,19,507.45,766.5,A1,George Brown,Slightly Delayed,4,No,Failed,5
TXN103730,05-02-2025,Liverpool Logistics,Manchester,Electronics,Smartphone,Tesco Supply Ltd,BATCH-2105,Outbound,574,158,16,0,138.16,240.04,B2,Noah Wilson,On Time,3,Yes,Passed,9
TXN103731,12-11-2025,Bristol Supply Hub,Newcastle,Fashion,Jacket,UK Retail Goods,BATCH-1989,Inbound,400,357,10,10,670.69,1181.7,A2,Amelia Clark,Delayed,10,No,Failed,24
TXN103732,04-05-2025,Leeds Fulfillment,Liverpool,Grocery,Cereal,ASDA Distribution,BATCH-1334,Outbound,154,150,23,20,1038.76,1324.7,D2,Noah Wilson,Delayed,8,No,Passed,12
TXN103733,18-06-2025,Leeds Fulfillment,Birmingham,Home Appliances,Air Fryer,Sainsbury Logistics,BATCH-9079,Inbound,774,492,21,17,979.96,1402.94,C2,Charlie Davies,On Time,2,No,Passed,14
TXN103734,19-02-2026,London Central Hub,Bristol,Grocery,Rice Pack,Britannia Pharma,BATCH-4615,Outbound,957,898,3,10,835.31,1161.51,B2,George Brown,Delayed,9,Yes,Passed,3
TXN103735,19-04-2026,Leeds Fulfillment,Manchester,Home Appliances,Air Fryer,ASDA Distribution,BATCH-7065,Inbound,550,442,28,2,200.64,330.97,A1,Harry Johnson,Slightly Delayed,5,Yes,Passed,22
TXN103736,27-11-2025,Birmingham Distribution,Newcastle,Fashion,Jacket,Sainsbury Logistics,BATCH-5235,Outbound,874,475,12,12,483.15,548.94,D2,Oliver Smith,Delayed,7,No,Passed,15
TXN103737,10-03-2025,Glasgow Warehouse,Glasgow,Pharma,Cough Syrup,London Trade Corp,BATCH-8276,Outbound,63,49,4,13,178.45,270.1,D2,Amelia Clark,Slightly Delayed,6,Yes,Passed,3
TXN103738,25-01-2025,Leeds Fulfillment,London,Grocery,Rice Pack,Prime Wholesale UK,BATCH-5557,Inbound,87,65,26,10,825.24,1107.6,B2,Emily Harris,Slightly Delayed,4,Yes,Passed,21
TXN103739,27-05-2025,Leeds Fulfillment,Leeds,Fashion,Jacket,Sainsbury Logistics,BATCH-5045,Inbound,536,390,38,6,276.54,424.06,A1,Harry Johnson,On Time,3,No,Passed,2
TXN103740,09-08-2025,Liverpool Logistics,Liverpool,Electronics,Monitor,London Trade Corp,BATCH-5267,Inbound,256,144,33,2,828.75,1464.72,C1,Charlie Davies,Delayed,9,No,Passed,22
TXN103741,22-01-2026,Glasgow Warehouse,Newcastle,Electronics,Tablet,Tesco Supply Ltd,BATCH-5123,Inbound,904,592,18,1,971.73,1584.44,B2,Harry Johnson,Slightly Delayed,5,No,Passed,7
TXN103742,01-08-2025,Liverpool Logistics,Liverpool,Grocery,Cooking Oil,Britannia Pharma,BATCH-5478,Inbound,807,216,20,3,682.55,907.81,C2,Noah Wilson,Delayed,10,Yes,Failed,7
TXN103743,17-01-2026,Glasgow Warehouse,Birmingham,Grocery,Cooking Oil,London Trade Corp,BATCH-9253,Inbound,506,367,33,15,249.35,389.19,C1,Oliver Smith,Slightly Delayed,6,No,Passed,19
TXN103744,25-08-2025,London Central Hub,Bristol,Pharma,Paracetamol,UK Retail Goods,BATCH-7413,Outbound,408,195,26,15,332.65,436.01,D2,Oliver Smith,On Time,3,No,Passed,25
TXN103745,20-04-2026,Manchester Storage,Birmingham,Home Appliances,Air Fryer,Britannia Pharma,BATCH-5425,Outbound,111,57,8,16,1096.02,1240.03,D1,Noah Wilson,Slightly Delayed,5,Yes,Passed,20
TXN103746,06-02-2026,Liverpool Logistics,London,Fashion,T-Shirt,UK Retail Goods,BATCH-8433,Outbound,840,636,36,7,614.82,1076.46,A1,Jack Taylor,Delayed,8,Yes,Passed,18
TXN103747,21-04-2025,London Central Hub,Birmingham,Electronics,Monitor,Prime Wholesale UK,BATCH-2140,Inbound,659,598,29,0,944.17,1339.44,D1,George Brown,Delayed,8,Yes,Passed,10
TXN103748,07-02-2025,Bristol Supply Hub,Manchester,Pharma,Bandages,Northern Supply Chain,BATCH-8100,Inbound,582,309,4,18,16.06,19.34,D2,Oliver Smith,On Time,3,No,Passed,2
TXN103749,05-05-2026,Leeds Fulfillment,Glasgow,Home Appliances,Microwave,UK Retail Goods,BATCH-7389,Inbound,557,183,16,2,1109.2,1652.93,A1,Charlie Davies,Delayed,9,Yes,Passed,23
TXN103750,22-01-2025,Manchester Storage,London,Pharma,Paracetamol,Prime Wholesale UK,BATCH-4806,Outbound,422,133,18,15,1010.81,1515.25,C2,Amelia Clark,Slightly Delayed,4,No,Passed,2
TXN103751,09-03-2026,Liverpool Logistics,Bristol,Grocery,Cereal,Sainsbury Logistics,BATCH-6192,Inbound,732,47,30,5,468.89,788.27,D2,Oliver Smith,Slightly Delayed,6,Yes,Passed,15
TXN103752,10-01-2026,Bristol Supply Hub,Liverpool,Electronics,Smartphone,Northern Supply Chain,BATCH-2829,Outbound,240,55,28,7,580.69,987.89,A2,Amelia Clark,On Time,3,Yes,Passed,6
TXN103753,20-03-2025,Glasgow Warehouse,London,Home Appliances,Vacuum Cleaner,UK Retail Goods,BATCH-6145,Outbound,397,289,6,15,610.75,684.3,B2,Charlie Davies,Slightly Delayed,6,No,Passed,5
TXN103754,08-06-2025,Leeds Fulfillment,London,Electronics,Laptop,Tesco Supply Ltd,BATCH-6387,Outbound,771,224,40,10,570.76,944.34,D2,Jack Taylor,On Time,2,Yes,Failed,2
TXN103755,11-08-2025,London Central Hub,Bristol,Pharma,Vitamin Tablets,London Trade Corp,BATCH-4877,Inbound,216,144,39,2,136.7,215.31,B1,Oliver Smith,Slightly Delayed,5,Yes,Passed,13
TXN103756,25-11-2025,Birmingham Distribution,Leeds,Home Appliances,Air Fryer,Prime Wholesale UK,BATCH-1157,Outbound,859,375,10,6,191.99,251.94,B1,Jack Taylor,On Time,1,No,Passed,1
TXN103757,14-03-2025,London Central Hub,Glasgow,Electronics,Tablet,Prime Wholesale UK,BATCH-6292,Inbound,463,267,8,9,406.77,607.08,A2,Noah Wilson,Slightly Delayed,4,Yes,Passed,12
TXN103758,14-01-2026,Birmingham Distribution,London,Home Appliances,Microwave,Prime Wholesale UK,BATCH-8138,Outbound,333,212,19,7,123.33,146.53,B2,Charlie Davies,On Time,2,No,Failed,3
TXN103759,24-10-2025,Liverpool Logistics,Leeds,Fashion,Handbag,UK Retail Goods,BATCH-3855,Outbound,831,453,8,0,627.47,951.44,A1,Emily Harris,Delayed,8,No,Passed,4
TXN103760,28-06-2025,Glasgow Warehouse,London,Fashion,Handbag,UK Retail Goods,BATCH-2247,Outbound,689,29,7,14,425.88,496.88,A2,Charlie Davies,Delayed,8,No,Passed,6
TXN103761,10-01-2025,London Central Hub,Manchester,Fashion,T-Shirt,Prime Wholesale UK,BATCH-1943,Outbound,368,27,38,13,674.31,796.37,D2,Amelia Clark,On Time,1,No,Passed,19
TXN103762,11-04-2025,Birmingham Distribution,Manchester,Pharma,Cough Syrup,UK Retail Goods,BATCH-1443,Outbound,945,315,2,17,650.7,943.81,A2,Oliver Smith,On Time,1,No,Passed,17
TXN103763,13-09-2025,Leeds Fulfillment,Liverpool,Grocery,Cereal,Sainsbury Logistics,BATCH-3751,Inbound,838,437,1,9,506.76,577.21,C2,Amelia Clark,Delayed,9,Yes,Passed,25
TXN103764,17-09-2025,Leeds Fulfillment,Newcastle,Pharma,Vitamin Tablets,Britannia Pharma,BATCH-4435,Inbound,669,517,26,16,175.44,236.03,C2,Charlie Davies,Slightly Delayed,4,No,Passed,11
TXN103765,06-02-2025,London Central Hub,Newcastle,Pharma,Vitamin Tablets,Britannia Pharma,BATCH-5117,Inbound,857,561,14,11,42.33,73.53,B1,Emily Harris,Slightly Delayed,5,Yes,Passed,22
TXN103766,03-04-2026,Liverpool Logistics,Birmingham,Electronics,Tablet,Sainsbury Logistics,BATCH-9606,Outbound,965,791,8,5,152.51,183.19,A1,George Brown,Delayed,8,No,Passed,0
TXN103767,25-02-2025,Bristol Supply Hub,Newcastle,Electronics,Smartphone,Prime Wholesale UK,BATCH-8569,Outbound,192,35,27,3,41.44,69.85,B2,George Brown,Slightly Delayed,5,Yes,Failed,17
TXN103768,16-03-2025,Glasgow Warehouse,Newcastle,Fashion,Jeans,Sainsbury Logistics,BATCH-3773,Inbound,730,675,30,15,250.62,346.4,C1,Noah Wilson,Slightly Delayed,5,No,Passed,19
TXN103769,12-08-2025,Manchester Storage,Manchester,Electronics,Monitor,Tesco Supply Ltd,BATCH-9829,Inbound,809,321,11,6,667.45,758.96,D2,Jack Taylor,Delayed,9,No,Passed,10
TXN103770,09-05-2025,London Central Hub,Birmingham,Grocery,Tea Bags,UK Retail Goods,BATCH-4591,Outbound,840,347,40,6,597.49,661.32,B1,Amelia Clark,On Time,1,No,Failed,2
TXN103771,01-11-2025,Manchester Storage,Liverpool,Electronics,Monitor,Northern Supply Chain,BATCH-5229,Inbound,952,638,8,15,568.43,644.95,B2,Amelia Clark,Delayed,9,No,Passed,14
TXN103772,04-11-2025,London Central Hub,Manchester,Electronics,Monitor,London Trade Corp,BATCH-6776,Outbound,590,551,38,15,181.5,282.3,A1,Charlie Davies,On Time,2,No,Passed,24
TXN103773,19-02-2025,Leeds Fulfillment,Newcastle,Pharma,Cough Syrup,Britannia Pharma,BATCH-1365,Outbound,578,517,1,7,1075.6,1247.79,B1,Noah Wilson,Delayed,8,Yes,Passed,16
TXN103774,24-01-2026,Birmingham Distribution,London,Pharma,Vitamin Tablets,Prime Wholesale UK,BATCH-3729,Outbound,290,267,15,12,179.96,201.07,D1,Noah Wilson,Slightly Delayed,6,Yes,Passed,17
TXN103775,03-07-2025,Liverpool Logistics,Leeds,Pharma,Cough Syrup,Prime Wholesale UK,BATCH-5619,Inbound,227,200,6,16,525.3,713.68,B1,Jack Taylor,Delayed,10,Yes,Failed,23
TXN103776,29-07-2025,Leeds Fulfillment,Leeds,Pharma,Paracetamol,Britannia Pharma,BATCH-4445,Inbound,654,225,16,4,466.46,763.68,C1,Harry Johnson,On Time,3,Yes,Passed,11
TXN103777,09-09-2025,Birmingham Distribution,Bristol,Pharma,Cough Syrup,Prime Wholesale UK,BATCH-6193,Outbound,721,562,39,12,18.0,27.3,D1,Oliver Smith,Delayed,8,No,Passed,6
TXN103778,12-01-2025,Glasgow Warehouse,Glasgow,Pharma,Cough Syrup,Tesco Supply Ltd,BATCH-3817,Outbound,763,725,29,3,32.86,38.55,C1,Emily Harris,Delayed,9,Yes,Passed,4
TXN103779,22-07-2025,Newcastle Depot,Bristol,Grocery,Rice Pack,Northern Supply Chain,BATCH-8457,Outbound,317,231,18,4,60.12,66.67,A2,Noah Wilson,Delayed,8,No,Passed,7
TXN103780,17-07-2025,Liverpool Logistics,Newcastle,Pharma,Cough Syrup,Northern Supply Chain,BATCH-2961,Inbound,524,500,28,12,897.43,1132.84,A1,Jack Taylor,Delayed,10,No,Passed,19
TXN103781,14-11-2025,London Central Hub,Bristol,Fashion,T-Shirt,Sainsbury Logistics,BATCH-6717,Inbound,842,439,30,20,1163.63,1485.73,A2,Harry Johnson,Slightly Delayed,5,No,Passed,21
TXN103782,27-07-2025,London Central Hub,Leeds,Pharma,Bandages,Northern Supply Chain,BATCH-8886,Outbound,401,110,39,4,548.88,817.06,B2,Noah Wilson,Slightly Delayed,4,Yes,Passed,18
TXN103783,12-12-2025,Liverpool Logistics,Manchester,Pharma,Paracetamol,Britannia Pharma,BATCH-2470,Inbound,204,180,29,17,466.76,729.58,C2,Oliver Smith,On Time,3,Yes,Failed,22
TXN103784,07-02-2025,London Central Hub,Bristol,Home Appliances,Air Fryer,Prime Wholesale UK,BATCH-8970,Inbound,586,340,5,9,982.6,1202.35,D1,Charlie Davies,On Time,2,Yes,Passed,21
TXN103785,30-09-2025,Newcastle Depot,Liverpool,Grocery,Tea Bags,Britannia Pharma,BATCH-1159,Inbound,837,677,19,14,501.7,592.47,A2,Harry Johnson,Slightly Delayed,6,Yes,Passed,11
TXN103786,13-07-2025,Manchester Storage,Bristol,Grocery,Rice Pack,Northern Supply Chain,BATCH-5745,Outbound,221,87,1,15,510.62,709.08,B2,Noah Wilson,Delayed,9,Yes,Passed,14
TXN103787,09-04-2025,Newcastle Depot,Newcastle,Grocery,Cooking Oil,Prime Wholesale UK,BATCH-4123,Outbound,175,31,28,20,993.44,1397.33,B2,Noah Wilson,On Time,1,No,Passed,8
TXN103788,22-02-2026,London Central Hub,Birmingham,Electronics,Smartphone,Prime Wholesale UK,BATCH-3288,Inbound,975,336,5,5,579.61,946.84,B2,Charlie Davies,Delayed,8,Yes,Passed,11
TXN103789,09-06-2025,Bristol Supply Hub,Newcastle,Electronics,Tablet,Tesco Supply Ltd,BATCH-1171,Outbound,50,50,39,16,547.23,920.27,D2,Charlie Davies,Slightly Delayed,6,No,Failed,1
TXN103790,21-05-2025,Manchester Storage,Bristol,Electronics,Tablet,UK Retail Goods,BATCH-9828,Outbound,856,781,33,0,1181.21,1678.72,A2,Oliver Smith,Slightly Delayed,4,Yes,Passed,0
TXN103791,19-03-2026,London Central Hub,London,Home Appliances,Vacuum Cleaner,London Trade Corp,BATCH-7693,Inbound,104,33,23,6,415.04,727.32,D1,Noah Wilson,On Time,3,No,Passed,2
TXN103792,25-05-2025,London Central Hub,Glasgow,Home Appliances,Air Fryer,Prime Wholesale UK,BATCH-3725,Inbound,193,159,19,3,972.94,1248.38,B1,Harry Johnson,Delayed,8,Yes,Passed,18
TXN103793,17-06-2025,Leeds Fulfillment,Manchester,Pharma,Bandages,London Trade Corp,BATCH-2355,Outbound,475,380,34,11,239.7,365.36,D1,Noah Wilson,Slightly Delayed,4,Yes,Passed,17
TXN103794,20-09-2025,Bristol Supply Hub,Newcastle,Home Appliances,Vacuum Cleaner,UK Retail Goods,BATCH-8621,Outbound,524,285,24,19,922.04,1430.74,D1,Oliver Smith,Delayed,7,No,Passed,23
TXN103795,19-12-2025,Leeds Fulfillment,Newcastle,Home Appliances,Air Fryer,Northern Supply Chain,BATCH-5406,Inbound,496,198,9,3,1125.05,1910.26,A2,Oliver Smith,Slightly Delayed,4,No,Passed,3
TXN103796,20-02-2026,Glasgow Warehouse,Liverpool,Electronics,Keyboard,London Trade Corp,BATCH-6293,Outbound,341,91,24,9,152.78,168.57,A1,Noah Wilson,On Time,3,No,Failed,4
TXN103797,12-08-2025,Newcastle Depot,London,Fashion,Jeans,Northern Supply Chain,BATCH-3379,Outbound,793,478,15,17,220.36,303.55,A1,Harry Johnson,On Time,1,No,Passed,23
TXN103798,08-11-2025,Bristol Supply Hub,London,Home Appliances,Vacuum Cleaner,Northern Supply Chain,BATCH-4891,Inbound,942,433,6,3,743.81,1186.37,B2,George Brown,On Time,1,Yes,Passed,13
TXN103799,20-01-2026,Newcastle Depot,Liverpool,Fashion,Jeans,ASDA Distribution,BATCH-2142,Inbound,459,376,21,8,867.07,1538.31,B1,Oliver Smith,On Time,2,Yes,Passed,14
TXN103800,13-11-2025,Liverpool Logistics,Birmingham,Grocery,Cooking Oil,Prime Wholesale UK,BATCH-4974,Inbound,166,120,15,2,588.77,923.33,C1,Oliver Smith,On Time,2,No,Passed,17
TXN103801,04-02-2026,Bristol Supply Hub,Birmingham,Fashion,Jeans,Britannia Pharma,BATCH-3494,Outbound,377,168,27,18,226.3,372.81,D1,Noah Wilson,Delayed,7,Yes,Passed,14
TXN103802,13-02-2025,London Central Hub,London,Pharma,Vitamin Tablets,Sainsbury Logistics,BATCH-4645,Outbound,727,414,27,6,256.98,449.37,A1,Amelia Clark,Delayed,10,Yes,Passed,19
TXN103803,23-03-2025,Liverpool Logistics,Liverpool,Grocery,Rice Pack,ASDA Distribution,BATCH-9978,Outbound,342,53,29,7,829.99,1057.61,C2,Jack Taylor,On Time,2,No,Passed,11
TXN103804,11-01-2025,Bristol Supply Hub,Newcastle,Electronics,Smartphone,ASDA Distribution,BATCH-4680,Inbound,211,81,33,10,675.2,950.39,B1,Noah Wilson,Slightly Delayed,6,No,Failed,22
TXN103805,14-04-2026,London Central Hub,Manchester,Electronics,Keyboard,London Trade Corp,BATCH-4716,Inbound,66,35,6,7,374.31,514.32,C2,Noah Wilson,Slightly Delayed,5,Yes,Passed,22
TXN103806,16-09-2025,Liverpool Logistics,Bristol,Grocery,Tea Bags,Britannia Pharma,BATCH-6464,Inbound,419,40,39,0,146.15,263.03,B2,Oliver Smith,On Time,2,Yes,Passed,12
TXN103807,18-11-2025,Bristol Supply Hub,Glasgow,Fashion,Handbag,Northern Supply Chain,BATCH-2058,Inbound,656,89,12,9,492.98,796.75,A2,Emily Harris,Delayed,7,No,Passed,15
TXN103808,07-10-2025,Newcastle Depot,Newcastle,Grocery,Tea Bags,Sainsbury Logistics,BATCH-8887,Outbound,546,204,13,9,1019.62,1822.12,B2,Amelia Clark,Delayed,9,No,Failed,17
TXN103809,22-02-2025,London Central Hub,Liverpool,Home Appliances,Air Fryer,ASDA Distribution,BATCH-7511,Inbound,774,76,28,6,991.08,1298.01,B2,Emily Harris,On Time,3,No,Passed,7
TXN103810,25-04-2025,Birmingham Distribution,Bristol,Pharma,Vitamin Tablets,Prime Wholesale UK,BATCH-6196,Outbound,746,670,1,10,495.88,719.9,C2,George Brown,Delayed,8,Yes,Failed,11
TXN103811,17-11-2025,London Central Hub,Glasgow,Grocery,Rice Pack,ASDA Distribution,BATCH-1035,Inbound,868,219,25,3,15.75,17.51,A2,Charlie Davies,Slightly Delayed,5,Yes,Passed,1
TXN103812,29-06-2025,London Central Hub,Glasgow,Home Appliances,Air Fryer,UK Retail Goods,BATCH-6461,Outbound,223,121,17,13,176.34,206.54,A2,Charlie Davies,Delayed,8,No,Passed,23
TXN103813,18-03-2025,Manchester Storage,Glasgow,Grocery,Cooking Oil,Prime Wholesale UK,BATCH-6068,Outbound,643,527,16,5,305.87,435.67,C2,Harry Johnson,Slightly Delayed,5,No,Passed,13
TXN103814,05-12-2025,Leeds Fulfillment,Newcastle,Pharma,Bandages,Britannia Pharma,BATCH-2722,Outbound,266,253,7,12,40.36,50.15,B1,Amelia Clark,Delayed,9,Yes,Passed,22
TXN103815,19-02-2025,London Central Hub,Birmingham,Pharma,Vitamin Tablets,London Trade Corp,BATCH-3441,Inbound,581,160,32,0,816.45,1200.6,A1,George Brown,Slightly Delayed,4,Yes,Passed,9
TXN103816,02-05-2025,Newcastle Depot,London,Grocery,Tea Bags,Prime Wholesale UK,BATCH-9263,Outbound,637,580,2,17,576.61,704.19,A1,Amelia Clark,Slightly Delayed,6,Yes,Passed,12
TXN103817,03-01-2026,Manchester Storage,Bristol,Electronics,Tablet,Sainsbury Logistics,BATCH-7427,Outbound,170,58,7,14,1111.33,1637.79,D1,Emily Harris,Delayed,9,No,Passed,24
TXN103818,14-05-2026,Manchester Storage,Manchester,Grocery,Cooking Oil,Prime Wholesale UK,BATCH-6192,Outbound,950,262,14,16,1109.87,1977.02,C2,Emily Harris,Slightly Delayed,5,Yes,Passed,21
TXN103819,29-11-2025,Glasgow Warehouse,Liverpool,Electronics,Monitor,Northern Supply Chain,BATCH-2992,Outbound,848,30,18,19,1137.11,1763.13,C2,Harry Johnson,Slightly Delayed,5,Yes,Passed,2
TXN103820,04-06-2025,Manchester Storage,Glasgow,Grocery,Cooking Oil,Northern Supply Chain,BATCH-2776,Inbound,146,127,33,3,841.13,1397.94,A1,Emily Harris,On Time,1,Yes,Passed,13
TXN103821,25-11-2025,Leeds Fulfillment,London,Electronics,Monitor,Tesco Supply Ltd,BATCH-6513,Outbound,439,282,22,2,508.01,894.24,C1,Charlie Davies,On Time,1,Yes,Passed,23
TXN103822,14-11-2025,Manchester Storage,Bristol,Grocery,Cereal,Northern Supply Chain,BATCH-5648,Outbound,947,195,30,4,748.37,1238.77,B1,Jack Taylor,Delayed,9,Yes,Passed,25
TXN103823,25-02-2025,Liverpool Logistics,Liverpool,Grocery,Coffee,Prime Wholesale UK,BATCH-6762,Inbound,865,635,20,15,363.56,540.26,B2,Jack Taylor,Delayed,10,No,Passed,25
TXN103824,30-10-2025,Newcastle Depot,Glasgow,Home Appliances,Vacuum Cleaner,Northern Supply Chain,BATCH-3227,Inbound,848,232,35,17,110.64,159.55,C1,Emily Harris,Delayed,7,No,Passed,16
TXN103825,08-04-2025,Leeds Fulfillment,Bristol,Electronics,Monitor,UK Retail Goods,BATCH-7933,Outbound,189,104,30,18,533.8,901.82,D1,George Brown,On Time,2,Yes,Passed,6
TXN103826,27-08-2025,Birmingham Distribution,Newcastle,Fashion,Jacket,Sainsbury Logistics,BATCH-6101,Outbound,493,95,39,9,986.17,1492.15,C2,Emily Harris,Slightly Delayed,5,No,Passed,19
TXN103827,12-12-2025,Liverpool Logistics,Bristol,Home Appliances,Air Fryer,UK Retail Goods,BATCH-8071,Inbound,370,54,6,19,345.82,523.74,A2,Jack Taylor,Slightly Delayed,4,No,Passed,15
TXN103828,13-05-2025,Leeds Fulfillment,Glasgow,Electronics,Smartphone,London Trade Corp,BATCH-7432,Inbound,751,611,36,14,597.38,1002.93,C1,Oliver Smith,Delayed,10,No,Failed,14
TXN103829,10-05-2025,Glasgow Warehouse,Liverpool,Pharma,Paracetamol,London Trade Corp,BATCH-3215,Inbound,990,540,18,3,996.14,1195.05,B1,George Brown,Delayed,7,No,Passed,12
TXN103830,09-08-2025,Liverpool Logistics,Birmingham,Home Appliances,Air Fryer,Northern Supply Chain,BATCH-2511,Outbound,245,198,3,10,943.68,1157.33,A2,Emily Harris,Delayed,9,No,Passed,18
TXN103831,12-02-2026,London Central Hub,Glasgow,Home Appliances,Vacuum Cleaner,London Trade Corp,BATCH-5325,Outbound,704,644,17,11,772.94,940.11,A1,Oliver Smith,Delayed,10,No,Passed,24
TXN103832,13-01-2025,Bristol Supply Hub,Liverpool,Home Appliances,Air Fryer,UK Retail Goods,BATCH-7406,Outbound,292,22,40,4,973.84,1355.73,A1,Emily Harris,On Time,3,No,Passed,4
TXN103833,06-05-2025,Bristol Supply Hub,Newcastle,Home Appliances,Vacuum Cleaner,Sainsbury Logistics,BATCH-7125,Outbound,503,63,10,17,661.91,1156.96,A1,Emily Harris,Delayed,7,No,Passed,24
TXN103834,25-03-2025,Manchester Storage,Birmingham,Pharma,Paracetamol,Prime Wholesale UK,BATCH-8951,Inbound,950,932,26,16,186.3,206.3,A2,Emily Harris,Slightly Delayed,4,No,Passed,9
TXN103835,19-05-2025,Glasgow Warehouse,Manchester,Grocery,Tea Bags,Britannia Pharma,BATCH-1409,Outbound,598,291,12,15,655.85,977.82,C2,Oliver Smith,On Time,3,No,Passed,17
TXN103836,11-07-2025,Leeds Fulfillment,Newcastle,Electronics,Keyboard,London Trade Corp,BATCH-4128,Outbound,703,398,13,3,516.01,675.17,A1,Emily Harris,On Time,1,Yes,Passed,5
TXN103837,08-03-2026,Manchester Storage,Newcastle,Home Appliances,Microwave,ASDA Distribution,BATCH-1579,Inbound,403,212,34,16,810.46,1024.93,B1,Harry Johnson,On Time,3,No,Failed,1
TXN103838,10-02-2026,Liverpool Logistics,Bristol,Grocery,Cooking Oil,Prime Wholesale UK,BATCH-9890,Inbound,313,311,30,14,433.63,670.64,C2,Jack Taylor,Delayed,10,No,Failed,8
TXN103839,15-09-2025,Birmingham Distribution,Liverpool,Home Appliances,Mixer,ASDA Distribution,BATCH-2623,Outbound,738,577,26,15,762.11,1118.37,D2,Amelia Clark,Slightly Delayed,4,No,Passed,14
TXN103840,09-04-2026,Birmingham Distribution,Newcastle,Pharma,Vitamin Tablets,Tesco Supply Ltd,BATCH-7538,Outbound,959,269,22,12,458.25,670.38,D2,Emily Harris,On Time,3,No,Passed,7
TXN103841,19-08-2025,London Central Hub,Birmingham,Electronics,Keyboard,UK Retail Goods,BATCH-8085,Inbound,883,339,11,18,943.36,1244.51,A1,Jack Taylor,On Time,1,No,Passed,25
TXN103842,12-07-2025,Manchester Storage,Leeds,Grocery,Tea Bags,ASDA Distribution,BATCH-3879,Inbound,733,270,9,0,109.91,192.87,D1,Emily Harris,Slightly Delayed,5,Yes,Passed,3
TXN103843,06-05-2026,Bristol Supply Hub,Glasgow,Home Appliances,Microwave,ASDA Distribution,BATCH-2935,Outbound,797,143,40,20,694.42,888.28,A1,George Brown,Delayed,10,Yes,Passed,5
TXN103844,07-01-2025,Bristol Supply Hub,Manchester,Grocery,Rice Pack,Sainsbury Logistics,BATCH-6086,Inbound,381,343,10,3,802.29,1299.29,A1,Harry Johnson,Delayed,9,No,Passed,23
TXN103845,24-09-2025,Glasgow Warehouse,Newcastle,Grocery,Coffee,Sainsbury Logistics,BATCH-8908,Inbound,801,757,38,15,941.79,1043.89,A1,Harry Johnson,Delayed,10,No,Passed,22
TXN103846,28-05-2025,Glasgow Warehouse,Liverpool,Pharma,Cough Syrup,Northern Supply Chain,BATCH-1012,Outbound,921,390,26,6,222.89,284.28,C2,Amelia Clark,Slightly Delayed,6,Yes,Passed,24
TXN103847,19-02-2025,Newcastle Depot,Birmingham,Pharma,Cough Syrup,Northern Supply Chain,BATCH-3131,Inbound,690,28,38,16,1164.9,1578.65,B1,Noah Wilson,On Time,3,No,Passed,23
TXN103848,13-03-2025,Liverpool Logistics,London,Fashion,T-Shirt,Prime Wholesale UK,BATCH-7461,Outbound,159,158,19,8,503.22,785.21,D2,Jack Taylor,Slightly Delayed,4,Yes,Passed,0
TXN103849,12-04-2026,Glasgow Warehouse,Liverpool,Electronics,Keyboard,London Trade Corp,BATCH-7156,Inbound,787,751,19,14,960.1,1642.51,D2,Harry Johnson,Delayed,7,Yes,Passed,8
TXN103850,15-07-2025,Leeds Fulfillment,Newcastle,Electronics,Keyboard,ASDA Distribution,BATCH-9725,Inbound,307,263,24,11,842.27,1444.44,B2,Harry Johnson,Slightly Delayed,6,No,Passed,20
TXN103851,30-10-2025,London Central Hub,London,Grocery,Tea Bags,Prime Wholesale UK,BATCH-6167,Inbound,155,35,18,10,773.19,951.76,D2,Emily Harris,On Time,1,No,Passed,24
TXN103852,28-02-2026,Manchester Storage,Liverpool,Grocery,Cooking Oil,Tesco Supply Ltd,BATCH-2099,Outbound,882,95,29,16,15.67,21.73,B2,Amelia Clark,Delayed,8,No,Passed,4
TXN103853,12-06-2025,Bristol Supply Hub,Glasgow,Fashion,Jeans,Prime Wholesale UK,BATCH-3656,Outbound,999,236,27,2,658.8,995.09,B1,Emily Harris,Slightly Delayed,4,Yes,Passed,21
TXN103854,18-09-2025,Bristol Supply Hub,Newcastle,Home Appliances,Microwave,Tesco Supply Ltd,BATCH-5741,Outbound,740,137,19,14,459.15,764.54,A2,Amelia Clark,Slightly Delayed,4,No,Passed,21
TXN103855,27-01-2025,Manchester Storage,Birmingham,Fashion,Jacket,UK Retail Goods,BATCH-8032,Inbound,949,780,26,8,91.81,108.94,B1,George Brown,Delayed,7,Yes,Passed,23
TXN103856,26-01-2026,Birmingham Distribution,London,Grocery,Cereal,Northern Supply Chain,BATCH-9028,Inbound,508,327,32,0,942.69,1586.1,D1,Amelia Clark,Slightly Delayed,4,No,Passed,11
TXN103857,05-05-2025,Birmingham Distribution,Newcastle,Electronics,Keyboard,Britannia Pharma,BATCH-2406,Outbound,491,211,13,14,981.25,1759.63,B2,Noah Wilson,On Time,1,No,Failed,21
TXN103858,25-01-2026,London Central Hub,Manchester,Pharma,Paracetamol,Britannia Pharma,BATCH-8035,Outbound,401,132,0,17,1109.37,1369.42,A2,Charlie Davies,Delayed,7,Yes,Failed,2
TXN103859,05-01-2026,Manchester Storage,Liverpool,Home Appliances,Vacuum Cleaner,Northern Supply Chain,BATCH-1638,Outbound,948,519,3,7,195.23,328.56,B2,Emily Harris,Slightly Delayed,5,No,Passed,11
TXN103860,13-02-2025,Birmingham Distribution,Newcastle,Pharma,Bandages,London Trade Corp,BATCH-9305,Outbound,710,424,27,7,685.8,899.99,B1,Emily Harris,Delayed,9,No,Passed,11
TXN103861,12-02-2025,Birmingham Distribution,Leeds,Home Appliances,Microwave,Northern Supply Chain,BATCH-8590,Outbound,975,869,28,19,227.25,277.15,C2,Emily Harris,On Time,1,No,Failed,6
TXN103862,10-10-2025,Manchester Storage,Bristol,Grocery,Tea Bags,London Trade Corp,BATCH-1866,Inbound,172,38,38,6,386.41,659.64,D2,Oliver Smith,On Time,1,Yes,Passed,25
TXN103863,08-08-2025,Leeds Fulfillment,Glasgow,Fashion,T-Shirt,UK Retail Goods,BATCH-9910,Outbound,119,47,20,5,348.99,518.51,C2,Charlie Davies,On Time,2,No,Passed,5
TXN103864,05-03-2026,Newcastle Depot,Birmingham,Fashion,Jeans,Tesco Supply Ltd,BATCH-2471,Outbound,335,159,40,14,418.23,519.42,B1,George Brown,Delayed,10,Yes,Passed,15
TXN103865,05-01-2025,London Central Hub,Manchester,Home Appliances,Vacuum Cleaner,ASDA Distribution,BATCH-7586,Outbound,425,366,36,19,460.47,638.81,C2,Amelia Clark,Slightly Delayed,6,No,Passed,3
TXN103866,13-12-2025,London Central Hub,Bristol,Electronics,Smartphone,Northern Supply Chain,BATCH-1487,Outbound,985,49,15,10,440.21,654.48,D1,Emily Harris,Delayed,9,No,Passed,21
TXN103867,04-10-2025,London Central Hub,Bristol,Grocery,Rice Pack,UK Retail Goods,BATCH-4833,Outbound,242,131,1,1,647.38,836.0,B1,Noah Wilson,Slightly Delayed,4,No,Passed,18
TXN103868,23-10-2025,Bristol Supply Hub,Liverpool,Electronics,Laptop,Tesco Supply Ltd,BATCH-2804,Outbound,667,655,31,16,546.22,917.62,C2,Harry Johnson,On Time,2,No,Passed,17
TXN103869,11-01-2025,Glasgow Warehouse,Newcastle,Electronics,Laptop,ASDA Distribution,BATCH-8943,Inbound,326,266,11,3,395.33,526.31,B1,Oliver Smith,On Time,1,Yes,Passed,21
TXN103870,28-04-2026,London Central Hub,London,Pharma,Cough Syrup,London Trade Corp,BATCH-4067,Outbound,726,393,0,20,1064.09,1728.87,B1,Noah Wilson,Delayed,8,Yes,Passed,11
TXN103871,31-03-2025,Manchester Storage,Birmingham,Pharma,Cough Syrup,Britannia Pharma,BATCH-4262,Inbound,950,841,12,20,240.22,366.67,B1,Charlie Davies,Slightly Delayed,4,Yes,Passed,7
TXN103872,11-01-2026,Leeds Fulfillment,Newcastle,Electronics,Tablet,Britannia Pharma,BATCH-5884,Outbound,459,342,4,7,166.42,297.45,B2,Oliver Smith,Delayed,7,Yes,Passed,3
TXN103873,03-08-2025,Newcastle Depot,Leeds,Electronics,Monitor,London Trade Corp,BATCH-4376,Inbound,981,675,35,0,969.63,1633.88,C1,Noah Wilson,Delayed,8,Yes,Passed,11
TXN103874,25-01-2026,London Central Hub,Liverpool,Fashion,Handbag,UK Retail Goods,BATCH-7532,Inbound,354,132,29,1,938.34,1478.08,B2,Amelia Clark,Delayed,9,Yes,Failed,15
TXN103875,19-02-2025,Manchester Storage,Bristol,Pharma,Paracetamol,UK Retail Goods,BATCH-8841,Outbound,481,31,20,1,268.73,475.65,C2,Emily Harris,Slightly Delayed,6,Yes,Failed,13
TXN103876,18-02-2026,London Central Hub,Birmingham,Grocery,Coffee,Prime Wholesale UK,BATCH-4871,Inbound,959,884,15,0,297.79,465.59,B1,Amelia Clark,On Time,3,Yes,Passed,14
TXN103877,28-10-2025,Glasgow Warehouse,Manchester,Grocery,Cereal,ASDA Distribution,BATCH-1060,Inbound,525,33,8,5,727.08,1178.97,B2,Jack Taylor,On Time,1,Yes,Passed,18
TXN103878,21-05-2025,Glasgow Warehouse,Manchester,Home Appliances,Air Fryer,Prime Wholesale UK,BATCH-2049,Inbound,410,234,29,17,684.06,924.03,A1,Noah Wilson,Delayed,7,Yes,Failed,18
TXN103879,22-04-2025,Liverpool Logistics,Liverpool,Grocery,Cereal,Tesco Supply Ltd,BATCH-2004,Inbound,348,172,11,5,133.26,197.41,C1,George Brown,Slightly Delayed,4,No,Passed,12
TXN103880,22-03-2026,Birmingham Distribution,London,Electronics,Tablet,Sainsbury Logistics,BATCH-1391,Outbound,79,68,8,19,242.52,267.07,C2,George Brown,Slightly Delayed,6,Yes,Passed,0
TXN103881,11-08-2025,Liverpool Logistics,Manchester,Grocery,Coffee,Britannia Pharma,BATCH-4961,Outbound,415,221,38,6,105.15,188.35,C1,Jack Taylor,On Time,1,Yes,Passed,15
TXN103882,01-05-2025,Newcastle Depot,Bristol,Grocery,Rice Pack,UK Retail Goods,BATCH-4055,Outbound,408,136,22,19,506.59,891.93,B1,Emily Harris,Delayed,7,Yes,Passed,19
TXN103883,21-05-2025,London Central Hub,Liverpool,Fashion,T-Shirt,Prime Wholesale UK,BATCH-6938,Outbound,547,284,35,17,110.97,195.76,C1,Harry Johnson,On Time,2,No,Passed,7
TXN103884,08-06-2025,Glasgow Warehouse,Liverpool,Electronics,Smartphone,UK Retail Goods,BATCH-8568,Inbound,79,26,15,18,636.07,909.69,C1,George Brown,Delayed,9,No,Passed,0
TXN103885,18-03-2025,London Central Hub,London,Home Appliances,Microwave,Britannia Pharma,BATCH-2485,Outbound,471,364,14,16,14.68,22.92,C1,Charlie Davies,Slightly Delayed,6,Yes,Passed,11
TXN103886,23-09-2025,Liverpool Logistics,Glasgow,Pharma,Bandages,Tesco Supply Ltd,BATCH-9979,Outbound,317,296,30,1,230.01,387.56,B1,Noah Wilson,On Time,2,No,Passed,19
TXN103887,10-10-2025,Glasgow Warehouse,Bristol,Pharma,Paracetamol,UK Retail Goods,BATCH-7292,Inbound,188,37,26,18,651.08,736.79,B1,Jack Taylor,Delayed,7,No,Passed,13
TXN103888,07-03-2025,Liverpool Logistics,Glasgow,Grocery,Tea Bags,London Trade Corp,BATCH-2376,Outbound,391,206,26,3,441.09,636.81,B1,Emily Harris,Delayed,8,No,Passed,22
TXN103889,03-11-2025,Leeds Fulfillment,Bristol,Home Appliances,Microwave,ASDA Distribution,BATCH-8369,Inbound,516,495,38,5,563.29,970.05,C2,Noah Wilson,Delayed,10,No,Passed,1
TXN103890,03-01-2025,Manchester Storage,Birmingham,Fashion,Handbag,Northern Supply Chain,BATCH-1489,Inbound,343,168,31,0,509.58,808.84,D2,Oliver Smith,Slightly Delayed,5,Yes,Passed,23
TXN103891,02-02-2026,Glasgow Warehouse,Bristol,Fashion,Jacket,Tesco Supply Ltd,BATCH-2015,Inbound,160,26,27,9,612.87,1056.34,C1,Jack Taylor,On Time,3,No,Passed,12
TXN103892,03-11-2025,London Central Hub,Bristol,Pharma,Cough Syrup,ASDA Distribution,BATCH-5090,Inbound,125,109,4,5,336.38,538.73,A2,Emily Harris,On Time,3,Yes,Passed,23
TXN103893,19-04-2025,Bristol Supply Hub,Newcastle,Home Appliances,Microwave,London Trade Corp,BATCH-8044,Outbound,892,167,4,17,497.16,701.18,D1,Charlie Davies,On Time,3,No,Passed,21
TXN103894,21-06-2025,Newcastle Depot,Manchester,Home Appliances,Air Fryer,ASDA Distribution,BATCH-9547,Outbound,279,250,35,15,989.33,1545.45,B1,Jack Taylor,Slightly Delayed,6,Yes,Passed,16
TXN103895,14-05-2025,Birmingham Distribution,Bristol,Fashion,Jacket,Prime Wholesale UK,BATCH-4468,Inbound,1000,463,12,6,576.58,851.08,D1,Harry Johnson,Delayed,8,Yes,Failed,13
TXN103896,10-03-2025,Birmingham Distribution,Birmingham,Electronics,Smartphone,Tesco Supply Ltd,BATCH-8890,Outbound,723,650,14,12,373.69,537.44,C2,Amelia Clark,Delayed,7,Yes,Passed,23
TXN103897,07-01-2026,Manchester Storage,Leeds,Pharma,Paracetamol,ASDA Distribution,BATCH-5416,Inbound,706,271,9,8,415.55,724.94,A2,Charlie Davies,On Time,2,Yes,Passed,10
TXN103898,26-06-2025,Bristol Supply Hub,Birmingham,Pharma,Cough Syrup,Tesco Supply Ltd,BATCH-6712,Inbound,803,721,7,8,266.84,334.2,A1,Noah Wilson,On Time,3,No,Passed,22
TXN103899,24-10-2025,Liverpool Logistics,Glasgow,Electronics,Smartphone,Sainsbury Logistics,BATCH-8250,Inbound,656,330,39,4,863.05,1277.64,D1,Oliver Smith,Slightly Delayed,5,No,Passed,15
TXN103900,24-02-2025,London Central Hub,Liverpool,Electronics,Smartphone,Sainsbury Logistics,BATCH-6119,Inbound,664,510,25,9,175.65,241.86,B1,Noah Wilson,Delayed,10,No,Passed,2
TXN103901,28-05-2025,Bristol Supply Hub,London,Fashion,T-Shirt,Tesco Supply Ltd,BATCH-2549,Inbound,651,175,5,3,552.24,621.39,D2,Harry Johnson,On Time,3,No,Passed,5
TXN103902,19-05-2025,Manchester Storage,Glasgow,Electronics,Keyboard,Sainsbury Logistics,BATCH-2919,Inbound,738,570,18,0,191.93,315.27,D2,Harry Johnson,Delayed,10,No,Passed,16
TXN103903,05-10-2025,Leeds Fulfillment,Bristol,Fashion,Jeans,London Trade Corp,BATCH-1291,Outbound,403,354,25,2,444.92,564.39,C2,Amelia Clark,Delayed,9,No,Failed,0
TXN103904,24-02-2026,Birmingham Distribution,Manchester,Fashion,Jeans,Prime Wholesale UK,BATCH-2250,Inbound,580,378,14,12,1192.97,1944.21,B2,Amelia Clark,Delayed,8,Yes,Passed,11
TXN103905,17-01-2026,Leeds Fulfillment,Glasgow,Pharma,Vitamin Tablets,Britannia Pharma,BATCH-8866,Inbound,170,79,15,3,115.14,138.05,A1,Jack Taylor,Delayed,8,No,Passed,19
TXN103906,27-07-2025,Glasgow Warehouse,London,Electronics,Laptop,Sainsbury Logistics,BATCH-8582,Outbound,294,40,13,7,995.37,1504.52,D2,Oliver Smith,On Time,2,No,Passed,8
TXN103907,29-05-2025,Bristol Supply Hub,Birmingham,Pharma,Paracetamol,Northern Supply Chain,BATCH-1363,Inbound,661,234,1,10,580.02,810.85,C2,Jack Taylor,On Time,2,Yes,Failed,17
TXN103908,24-02-2025,Leeds Fulfillment,Leeds,Fashion,Jeans,Britannia Pharma,BATCH-2224,Inbound,405,270,17,1,981.03,1424.95,B1,Charlie Davies,Slightly Delayed,6,Yes,Passed,23
TXN103909,11-03-2026,Manchester Storage,Newcastle,Grocery,Coffee,Prime Wholesale UK,BATCH-9396,Inbound,401,94,25,7,554.49,705.16,C1,Noah Wilson,On Time,1,Yes,Passed,1
TXN103910,15-01-2025,Bristol Supply Hub,Manchester,Electronics,Monitor,Britannia Pharma,BATCH-1077,Outbound,270,47,0,10,1132.1,1746.4,D1,Emily Harris,Slightly Delayed,6,Yes,Passed,21
TXN103911,04-11-2025,London Central Hub,Manchester,Fashion,Handbag,ASDA Distribution,BATCH-5568,Inbound,110,81,15,7,669.86,1111.95,A2,Amelia Clark,On Time,1,No,Passed,0
TXN103912,15-04-2026,Bristol Supply Hub,London,Home Appliances,Microwave,Northern Supply Chain,BATCH-2850,Inbound,523,338,12,19,627.49,971.84,D1,Oliver Smith,Delayed,7,Yes,Failed,7
TXN103913,03-05-2025,Newcastle Depot,Glasgow,Home Appliances,Vacuum Cleaner,London Trade Corp,BATCH-9139,Inbound,991,812,9,6,665.45,1061.4,D2,Oliver Smith,On Time,3,No,Passed,19
TXN103914,16-08-2025,Bristol Supply Hub,Bristol,Grocery,Coffee,London Trade Corp,BATCH-8230,Outbound,78,61,4,17,1024.82,1579.13,D1,Emily Harris,Delayed,9,No,Passed,17
TXN103915,18-04-2025,Birmingham Distribution,London,Home Appliances,Air Fryer,Tesco Supply Ltd,BATCH-7419,Outbound,175,68,0,16,753.64,1260.11,B2,George Brown,Delayed,9,No,Passed,13
TXN103916,25-07-2025,London Central Hub,Bristol,Home Appliances,Air Fryer,ASDA Distribution,BATCH-9098,Outbound,412,244,19,16,1130.66,1707.58,A1,Oliver Smith,Slightly Delayed,4,Yes,Passed,16
TXN103917,01-07-2025,Manchester Storage,Glasgow,Electronics,Smartphone,Tesco Supply Ltd,BATCH-1170,Outbound,713,77,16,6,1050.63,1553.48,B2,Charlie Davies,On Time,2,Yes,Failed,9
TXN103918,14-04-2026,Manchester Storage,Newcastle,Home Appliances,Microwave,Britannia Pharma,BATCH-4580,Outbound,718,588,18,5,399.85,551.13,D1,Oliver Smith,Slightly Delayed,5,Yes,Failed,24
TXN103919,10-05-2026,Glasgow Warehouse,Liverpool,Home Appliances,Vacuum Cleaner,London Trade Corp,BATCH-3448,Outbound,241,219,22,15,816.74,1190.84,D1,Noah Wilson,On Time,2,No,Passed,1
TXN103920,05-02-2025,Liverpool Logistics,Glasgow,Pharma,Vitamin Tablets,ASDA Distribution,BATCH-9338,Outbound,385,313,37,0,313.47,520.95,B2,George Brown,On Time,1,No,Passed,9
TXN103921,19-11-2025,Birmingham Distribution,Bristol,Pharma,Bandages,London Trade Corp,BATCH-3332,Inbound,778,338,14,9,780.76,1030.96,B1,Harry Johnson,Slightly Delayed,6,Yes,Passed,13
TXN103922,25-04-2025,London Central Hub,Manchester,Grocery,Cereal,UK Retail Goods,BATCH-4004,Outbound,440,302,22,4,122.86,138.84,D2,Oliver Smith,Delayed,8,No,Passed,9
TXN103923,04-04-2025,Glasgow Warehouse,Glasgow,Electronics,Smartphone,London Trade Corp,BATCH-8270,Inbound,571,166,9,8,907.89,1504.03,B2,Emily Harris,On Time,1,No,Failed,5
TXN103924,25-01-2026,Manchester Storage,Leeds,Fashion,Jacket,UK Retail Goods,BATCH-6191,Inbound,606,387,22,1,166.94,261.23,C2,Charlie Davies,On Time,3,No,Passed,19
TXN103925,13-10-2025,Liverpool Logistics,Newcastle,Electronics,Monitor,UK Retail Goods,BATCH-7371,Inbound,215,23,30,1,300.5,478.27,A1,Harry Johnson,Delayed,10,No,Passed,20
TXN103926,04-03-2025,Leeds Fulfillment,Newcastle,Grocery,Tea Bags,Tesco Supply Ltd,BATCH-6855,Inbound,989,514,12,14,343.11,507.67,A2,Jack Taylor,On Time,2,No,Passed,1
TXN103927,15-06-2025,Liverpool Logistics,Manchester,Home Appliances,Mixer,UK Retail Goods,BATCH-1364,Inbound,112,41,21,10,1115.07,1583.22,B1,Oliver Smith,On Time,3,Yes,Failed,14
TXN103928,03-02-2026,Manchester Storage,Bristol,Grocery,Coffee,Britannia Pharma,BATCH-8539,Outbound,358,41,23,20,283.18,447.54,A1,Amelia Clark,Slightly Delayed,5,Yes,Passed,19
TXN103929,06-02-2025,Manchester Storage,Leeds,Grocery,Cooking Oil,Northern Supply Chain,BATCH-6285,Outbound,561,90,39,17,459.71,668.44,A2,Noah Wilson,Slightly Delayed,6,Yes,Passed,25
TXN103930,10-02-2025,Manchester Storage,Newcastle,Grocery,Rice Pack,Prime Wholesale UK,BATCH-9359,Outbound,859,841,25,2,426.8,673.96,C2,Oliver Smith,On Time,1,No,Passed,14
TXN103931,08-02-2025,Newcastle Depot,Glasgow,Electronics,Laptop,ASDA Distribution,BATCH-8616,Outbound,931,429,11,4,390.33,658.56,A1,George Brown,On Time,1,Yes,Failed,18
TXN103932,03-08-2025,Glasgow Warehouse,Newcastle,Grocery,Tea Bags,Northern Supply Chain,BATCH-6262,Inbound,952,37,19,20,340.23,378.52,D2,Noah Wilson,On Time,1,Yes,Passed,2
TXN103933,21-09-2025,Newcastle Depot,London,Electronics,Tablet,ASDA Distribution,BATCH-8075,Inbound,799,353,37,16,1035.84,1240.38,C1,Jack Taylor,On Time,2,No,Passed,11
TXN103934,27-02-2026,Leeds Fulfillment,Newcastle,Electronics,Monitor,London Trade Corp,BATCH-4682,Inbound,672,441,5,6,588.71,748.0,C2,Oliver Smith,On Time,1,Yes,Passed,20
TXN103935,30-06-2025,Leeds Fulfillment,London,Fashion,Sneakers,Northern Supply Chain,BATCH-3205,Inbound,297,144,38,3,1029.17,1205.01,C2,George Brown,Delayed,7,No,Passed,19
TXN103936,08-04-2025,Liverpool Logistics,London,Pharma,Bandages,Sainsbury Logistics,BATCH-1822,Outbound,110,77,10,11,77.58,132.08,B1,George Brown,Delayed,10,Yes,Passed,10
TXN103937,21-09-2025,Newcastle Depot,Glasgow,Grocery,Cereal,Sainsbury Logistics,BATCH-4660,Inbound,339,192,10,17,138.18,176.21,D1,Amelia Clark,Delayed,8,Yes,Passed,1
TXN103938,11-02-2026,Birmingham Distribution,Glasgow,Grocery,Cereal,London Trade Corp,BATCH-2078,Inbound,209,48,7,16,498.38,550.82,A1,Amelia Clark,Slightly Delayed,6,Yes,Passed,19
TXN103939,09-01-2025,Liverpool Logistics,Leeds,Pharma,Vitamin Tablets,London Trade Corp,BATCH-7190,Inbound,851,827,26,9,773.26,1120.26,A2,Charlie Davies,Delayed,8,No,Passed,10
TXN103940,28-03-2026,Newcastle Depot,Glasgow,Grocery,Tea Bags,Britannia Pharma,BATCH-2878,Inbound,968,282,9,3,482.3,842.35,C1,Charlie Davies,Delayed,10,No,Passed,18
TXN103941,03-06-2025,Bristol Supply Hub,Bristol,Electronics,Monitor,Northern Supply Chain,BATCH-2209,Inbound,379,174,31,16,892.71,1073.53,D2,Oliver Smith,On Time,3,Yes,Passed,14
TXN103942,28-02-2025,Bristol Supply Hub,Newcastle,Pharma,Paracetamol,Prime Wholesale UK,BATCH-6193,Inbound,63,46,5,17,52.13,89.21,A2,Amelia Clark,Slightly Delayed,4,Yes,Passed,11
TXN103943,19-08-2025,Glasgow Warehouse,Leeds,Home Appliances,Vacuum Cleaner,Prime Wholesale UK,BATCH-9649,Inbound,690,282,17,9,1164.04,1570.0,C2,Charlie Davies,On Time,1,Yes,Passed,19
TXN103944,11-01-2025,Leeds Fulfillment,Birmingham,Home Appliances,Air Fryer,Sainsbury Logistics,BATCH-2870,Inbound,552,391,7,9,164.36,287.53,A1,Noah Wilson,Delayed,9,No,Passed,23
TXN103945,06-05-2025,Manchester Storage,Leeds,Grocery,Tea Bags,Sainsbury Logistics,BATCH-1554,Outbound,62,20,6,9,389.85,683.21,A2,Emily Harris,On Time,3,Yes,Passed,22
TXN103946,05-06-2025,London Central Hub,London,Home Appliances,Microwave,UK Retail Goods,BATCH-6412,Inbound,274,150,18,6,22.83,32.84,C1,Oliver Smith,Delayed,9,Yes,Passed,6
TXN103947,17-03-2025,London Central Hub,Newcastle,Grocery,Rice Pack,UK Retail Goods,BATCH-2453,Inbound,303,119,24,1,1089.31,1469.49,C2,Amelia Clark,Delayed,8,No,Passed,13
TXN103948,08-02-2026,Bristol Supply Hub,Manchester,Grocery,Cooking Oil,Tesco Supply Ltd,BATCH-4095,Inbound,564,457,22,17,163.48,206.64,B2,Emily Harris,On Time,1,No,Passed,5
TXN103949,07-02-2025,Bristol Supply Hub,Liverpool,Fashion,Jeans,Sainsbury Logistics,BATCH-4070,Inbound,740,309,0,11,357.35,516.43,A2,George Brown,Slightly Delayed,6,Yes,Passed,19
TXN103950,06-04-2025,Newcastle Depot,Manchester,Electronics,Keyboard,Prime Wholesale UK,BATCH-6505,Outbound,136,79,30,0,100.75,170.3,D2,Charlie Davies,Delayed,9,No,Passed,12
TXN103951,09-06-2025,Bristol Supply Hub,Glasgow,Fashion,Jacket,Prime Wholesale UK,BATCH-5685,Inbound,208,40,28,15,858.73,1390.22,D2,Charlie Davies,Slightly Delayed,5,Yes,Passed,9
TXN103952,07-05-2026,Glasgow Warehouse,Glasgow,Home Appliances,Mixer,Britannia Pharma,BATCH-5500,Outbound,270,57,34,3,609.36,676.32,D2,Noah Wilson,On Time,2,No,Passed,5
TXN103953,12-04-2025,Leeds Fulfillment,Bristol,Fashion,Sneakers,London Trade Corp,BATCH-3344,Outbound,85,77,6,9,1021.5,1787.32,C1,Oliver Smith,On Time,2,No,Passed,11
TXN103954,28-09-2025,Bristol Supply Hub,Glasgow,Fashion,Sneakers,ASDA Distribution,BATCH-3508,Outbound,378,163,13,2,762.14,1145.11,D2,George Brown,Slightly Delayed,4,Yes,Passed,12
TXN103955,19-03-2026,Manchester Storage,Birmingham,Grocery,Cooking Oil,Sainsbury Logistics,BATCH-3557,Outbound,510,36,2,19,421.8,484.49,D1,Harry Johnson,Delayed,10,No,Passed,17
TXN103956,21-12-2025,Birmingham Distribution,Birmingham,Pharma,Vitamin Tablets,UK Retail Goods,BATCH-2967,Outbound,405,377,5,2,1092.37,1615.53,B2,Harry Johnson,Delayed,8,Yes,Passed,5
TXN103957,15-08-2025,Manchester Storage,Leeds,Home Appliances,Air Fryer,London Trade Corp,BATCH-6055,Inbound,409,271,1,6,353.16,608.04,D1,George Brown,Delayed,10,No,Failed,20
TXN103958,11-03-2025,Bristol Supply Hub,Leeds,Pharma,Paracetamol,Sainsbury Logistics,BATCH-9329,Outbound,624,495,12,3,577.18,858.54,D1,Charlie Davies,Slightly Delayed,6,Yes,Passed,18
TXN103959,18-03-2025,Leeds Fulfillment,Birmingham,Grocery,Tea Bags,Tesco Supply Ltd,BATCH-1869,Inbound,117,82,22,17,977.12,1347.6,A2,Amelia Clark,Delayed,10,Yes,Passed,1
TXN103960,31-12-2025,Newcastle Depot,Liverpool,Grocery,Cereal,Prime Wholesale UK,BATCH-5902,Inbound,133,33,6,3,590.44,773.49,C2,George Brown,Slightly Delayed,5,Yes,Failed,23
TXN103961,18-11-2025,Liverpool Logistics,Manchester,Fashion,Jacket,Northern Supply Chain,BATCH-3124,Outbound,181,31,31,7,680.3,978.36,A2,Oliver Smith,On Time,1,No,Passed,15
TXN103962,03-02-2025,Bristol Supply Hub,London,Electronics,Keyboard,Northern Supply Chain,BATCH-5366,Outbound,455,356,31,13,590.73,958.87,C1,Jack Taylor,Slightly Delayed,5,No,Passed,21
TXN103963,13-03-2026,Bristol Supply Hub,Leeds,Grocery,Coffee,London Trade Corp,BATCH-2745,Inbound,399,49,17,19,897.28,1308.05,D1,Charlie Davies,Slightly Delayed,5,Yes,Passed,15
TXN103964,17-02-2025,Liverpool Logistics,Birmingham,Fashion,T-Shirt,ASDA Distribution,BATCH-2288,Inbound,505,501,15,3,414.97,506.42,D1,Harry Johnson,Slightly Delayed,5,No,Passed,16
TXN103965,02-08-2025,Newcastle Depot,Newcastle,Pharma,Paracetamol,ASDA Distribution,BATCH-1021,Outbound,917,420,13,9,394.36,698.99,C2,Amelia Clark,Slightly Delayed,6,Yes,Passed,13
TXN103966,24-03-2026,Newcastle Depot,London,Grocery,Coffee,Tesco Supply Ltd,BATCH-6437,Inbound,230,229,19,5,251.17,384.64,C2,Harry Johnson,Delayed,9,Yes,Passed,12
TXN103967,17-09-2025,Manchester Storage,Leeds,Grocery,Tea Bags,Tesco Supply Ltd,BATCH-9988,Outbound,992,893,11,10,643.33,1100.3,D2,Jack Taylor,On Time,2,Yes,Passed,13
TXN103968,26-04-2026,Glasgow Warehouse,Newcastle,Electronics,Smartphone,UK Retail Goods,BATCH-4950,Inbound,697,339,29,3,963.14,1105.7,A1,Oliver Smith,Delayed,7,No,Passed,3
TXN103969,22-12-2025,Newcastle Depot,Leeds,Electronics,Keyboard,Tesco Supply Ltd,BATCH-3765,Inbound,857,248,27,17,733.64,1286.8,B2,Charlie Davies,Delayed,10,Yes,Passed,7
TXN103970,07-06-2025,Newcastle Depot,Leeds,Pharma,Cough Syrup,ASDA Distribution,BATCH-7440,Inbound,747,402,38,13,286.52,427.19,C2,Charlie Davies,Delayed,9,No,Passed,13
TXN103971,12-04-2026,London Central Hub,Leeds,Electronics,Tablet,Sainsbury Logistics,BATCH-5403,Inbound,860,643,27,1,954.0,1256.98,C2,Jack Taylor,Slightly Delayed,6,No,Passed,11
TXN103972,05-02-2026,Liverpool Logistics,Leeds,Home Appliances,Vacuum Cleaner,Britannia Pharma,BATCH-1360,Outbound,254,82,21,15,115.46,201.81,D2,Emily Harris,Delayed,9,Yes,Passed,15
TXN103973,17-01-2026,Leeds Fulfillment,London,Home Appliances,Air Fryer,Tesco Supply Ltd,BATCH-5668,Outbound,207,150,1,19,1047.33,1516.81,C1,Oliver Smith,Delayed,8,No,Failed,19
TXN103974,19-08-2025,Birmingham Distribution,Leeds,Home Appliances,Mixer,London Trade Corp,BATCH-3643,Inbound,535,261,27,3,613.2,1092.82,D1,Jack Taylor,Slightly Delayed,6,Yes,Passed,20
TXN103975,16-06-2025,Glasgow Warehouse,Birmingham,Electronics,Laptop,ASDA Distribution,BATCH-2339,Inbound,163,152,3,16,206.78,326.86,A2,Charlie Davies,Delayed,10,No,Passed,25
TXN103976,10-12-2025,Birmingham Distribution,Newcastle,Fashion,Jeans,Northern Supply Chain,BATCH-1737,Inbound,242,83,35,3,901.94,1462.4,D2,Emily Harris,Delayed,10,Yes,Passed,12
TXN103977,21-11-2025,Liverpool Logistics,Bristol,Home Appliances,Mixer,London Trade Corp,BATCH-2029,Outbound,757,357,14,6,563.63,890.43,B2,Amelia Clark,Delayed,10,No,Passed,13
TXN103978,08-02-2025,Birmingham Distribution,Bristol,Grocery,Cereal,Prime Wholesale UK,BATCH-3036,Inbound,440,385,36,1,417.08,668.43,C2,Jack Taylor,On Time,3,Yes,Passed,9
TXN103979,18-06-2025,Bristol Supply Hub,London,Fashion,T-Shirt,Tesco Supply Ltd,BATCH-8992,Outbound,879,79,32,7,973.84,1089.65,C1,Oliver Smith,Slightly Delayed,4,No,Failed,25
TXN103980,10-06-2025,Liverpool Logistics,Liverpool,Fashion,Handbag,Britannia Pharma,BATCH-9723,Outbound,408,408,24,8,313.64,511.06,C2,Jack Taylor,On Time,3,No,Passed,17
TXN103981,14-04-2025,Newcastle Depot,Glasgow,Electronics,Laptop,London Trade Corp,BATCH-7863,Inbound,178,65,0,19,534.7,690.89,D2,Jack Taylor,Slightly Delayed,6,Yes,Passed,6
TXN103982,23-11-2025,London Central Hub,Liverpool,Grocery,Coffee,Prime Wholesale UK,BATCH-6580,Inbound,724,145,9,17,831.0,1081.36,D1,Amelia Clark,Slightly Delayed,4,No,Failed,15
TXN103983,14-07-2025,Liverpool Logistics,Liverpool,Pharma,Vitamin Tablets,Sainsbury Logistics,BATCH-8935,Outbound,661,86,24,20,732.52,902.58,D1,Harry Johnson,Slightly Delayed,5,No,Passed,6
TXN103984,02-03-2025,Glasgow Warehouse,Newcastle,Home Appliances,Microwave,Britannia Pharma,BATCH-9491,Inbound,586,126,7,14,186.23,306.49,C2,Noah Wilson,Slightly Delayed,6,Yes,Passed,9
TXN103985,27-09-2025,Leeds Fulfillment,Birmingham,Fashion,Jacket,Tesco Supply Ltd,BATCH-7414,Inbound,702,406,14,19,618.86,951.9,B2,Amelia Clark,On Time,1,Yes,Passed,1
TXN103986,20-02-2025,Newcastle Depot,Birmingham,Fashion,Handbag,UK Retail Goods,BATCH-9370,Inbound,636,284,36,6,409.71,728.73,A1,Emily Harris,Delayed,7,No,Failed,2
TXN103987,27-02-2025,Birmingham Distribution,London,Electronics,Tablet,Sainsbury Logistics,BATCH-3674,Outbound,357,306,27,10,1176.8,1781.4,A1,Harry Johnson,Delayed,9,No,Passed,7
TXN103988,18-04-2025,Birmingham Distribution,Leeds,Grocery,Cereal,Northern Supply Chain,BATCH-9003,Outbound,134,60,39,20,1097.81,1790.03,A1,Oliver Smith,Slightly Delayed,5,No,Failed,0
TXN103989,28-08-2025,Liverpool Logistics,Bristol,Pharma,Vitamin Tablets,Tesco Supply Ltd,BATCH-7753,Inbound,509,300,6,9,88.73,133.87,C1,Oliver Smith,Delayed,9,No,Passed,25
TXN103990,06-04-2025,Manchester Storage,Birmingham,Electronics,Tablet,UK Retail Goods,BATCH-4612,Inbound,87,25,22,14,227.44,340.19,D1,Emily Harris,Slightly Delayed,4,Yes,Passed,13
TXN103991,07-06-2025,Manchester Storage,Leeds,Grocery,Cereal,Britannia Pharma,BATCH-3118,Inbound,949,613,26,17,83.26,118.85,B2,Charlie Davies,Slightly Delayed,6,Yes,Passed,21
TXN103992,28-03-2026,Newcastle Depot,Leeds,Electronics,Smartphone,Northern Supply Chain,BATCH-9633,Outbound,465,45,9,6,807.27,1448.13,B1,Emily Harris,Slightly Delayed,5,Yes,Passed,17
TXN103993,20-08-2025,Newcastle Depot,London,Pharma,Cough Syrup,Prime Wholesale UK,BATCH-9293,Outbound,804,93,14,14,69.83,111.16,A2,Emily Harris,Delayed,10,No,Failed,15
TXN103994,28-10-2025,Newcastle Depot,Birmingham,Home Appliances,Vacuum Cleaner,Tesco Supply Ltd,BATCH-3149,Inbound,680,240,27,19,268.11,351.4,B2,Charlie Davies,Delayed,10,Yes,Passed,3
TXN103995,05-05-2025,Liverpool Logistics,Liverpool,Electronics,Smartphone,ASDA Distribution,BATCH-4467,Outbound,603,118,7,8,1118.61,1644.61,B2,Jack Taylor,On Time,2,Yes,Failed,6
TXN103996,11-04-2026,Newcastle Depot,Bristol,Pharma,Vitamin Tablets,Sainsbury Logistics,BATCH-6447,Inbound,812,305,38,6,587.74,977.24,A1,Noah Wilson,On Time,1,Yes,Passed,25
TXN103997,21-01-2026,Bristol Supply Hub,Birmingham,Electronics,Monitor,ASDA Distribution,BATCH-2811,Inbound,330,41,17,0,277.23,424.02,D1,Oliver Smith,Delayed,8,No,Failed,7
TXN103998,28-03-2025,Birmingham Distribution,Leeds,Home Appliances,Mixer,Britannia Pharma,BATCH-2044,Outbound,160,97,32,4,88.57,153.42,A1,Harry Johnson,On Time,2,No,Passed,24
TXN103999,15-01-2026,Glasgow Warehouse,Bristol,Fashion,Sneakers,ASDA Distribution,BATCH-2212,Inbound,735,100,21,0,728.27,988.67,C1,Noah Wilson,Delayed,8,Yes,Passed,10
TXN104000,27-11-2025,Birmingham Distribution,Liverpool,Grocery,Cooking Oil,London Trade Corp,BATCH-7577,Inbound,665,247,6,8,703.91,1072.17,C1,Emily Harris,Delayed,9,Yes,Passed,24
TXN104001,20-10-2025,Glasgow Warehouse,Birmingham,Fashion,Jeans,Prime Wholesale UK,BATCH-8244,Inbound,797,296,28,3,1075.14,1756.75,A1,Emily Harris,Slightly Delayed,4,Yes,Passed,21
TXN104002,07-12-2025,Leeds Fulfillment,London,Pharma,Paracetamol,Northern Supply Chain,BATCH-5409,Outbound,289,222,18,16,902.36,1018.1,D2,Amelia Clark,On Time,3,No,Failed,2
TXN104003,15-04-2025,Glasgow Warehouse,Glasgow,Fashion,Jeans,Northern Supply Chain,BATCH-5795,Outbound,545,531,20,7,192.67,227.17,A2,Jack Taylor,On Time,3,Yes,Passed,0
TXN104004,01-05-2026,London Central Hub,Birmingham,Electronics,Laptop,Sainsbury Logistics,BATCH-9310,Inbound,804,396,39,0,266.4,397.52,C1,Noah Wilson,Slightly Delayed,5,No,Passed,8
TXN104005,13-07-2025,Glasgow Warehouse,London,Pharma,Cough Syrup,Britannia Pharma,BATCH-5436,Inbound,442,237,12,0,714.21,1206.96,D1,Amelia Clark,On Time,1,No,Passed,9
TXN104006,26-01-2025,Birmingham Distribution,Liverpool,Fashion,Sneakers,Britannia Pharma,BATCH-3074,Outbound,118,62,29,3,585.04,880.1,C1,Charlie Davies,Slightly Delayed,4,No,Passed,24
TXN104007,11-01-2025,Newcastle Depot,Leeds,Electronics,Monitor,Britannia Pharma,BATCH-1493,Inbound,367,350,10,19,815.39,977.75,A1,Harry Johnson,Delayed,9,Yes,Passed,10
TXN104008,02-03-2026,Bristol Supply Hub,Leeds,Fashion,Handbag,Britannia Pharma,BATCH-3201,Inbound,974,610,30,15,718.63,903.28,A2,Amelia Clark,Delayed,7,No,Passed,21
TXN104009,30-04-2025,Glasgow Warehouse,Bristol,Home Appliances,Vacuum Cleaner,UK Retail Goods,BATCH-6912,Outbound,761,532,27,18,586.53,977.67,B1,George Brown,Delayed,10,Yes,Passed,23
TXN104010,08-10-2025,Newcastle Depot,Glasgow,Electronics,Smartphone,ASDA Distribution,BATCH-1388,Inbound,179,123,2,11,827.42,1175.25,A2,Charlie Davies,Slightly Delayed,5,No,Passed,9
TXN104011,23-12-2025,London Central Hub,London,Fashion,Sneakers,Sainsbury Logistics,BATCH-1067,Inbound,115,42,16,11,590.83,847.09,B1,Emily Harris,Delayed,10,Yes,Passed,14
TXN104012,06-12-2025,Birmingham Distribution,Glasgow,Home Appliances,Air Fryer,Tesco Supply Ltd,BATCH-2707,Outbound,781,89,30,16,870.3,1420.58,C2,Emily Harris,On Time,3,Yes,Failed,5
TXN104013,27-05-2025,Liverpool Logistics,Birmingham,Grocery,Cooking Oil,Tesco Supply Ltd,BATCH-2310,Inbound,238,82,8,12,1061.7,1234.83,C1,George Brown,Slightly Delayed,6,Yes,Passed,9
TXN104014,27-07-2025,Newcastle Depot,Birmingham,Home Appliances,Vacuum Cleaner,Prime Wholesale UK,BATCH-9372,Outbound,719,655,2,13,98.95,144.65,D2,Noah Wilson,Slightly Delayed,6,Yes,Passed,4
TXN104015,21-07-2025,Liverpool Logistics,London,Grocery,Cereal,Sainsbury Logistics,BATCH-3000,Inbound,896,317,35,9,578.68,815.55,D2,Oliver Smith,Slightly Delayed,5,Yes,Passed,16
TXN104016,24-11-2025,Newcastle Depot,Leeds,Grocery,Cooking Oil,UK Retail Goods,BATCH-5265,Inbound,547,288,0,6,1170.3,1645.31,A2,Charlie Davies,Slightly Delayed,5,No,Failed,20
TXN104017,19-04-2026,Birmingham Distribution,Manchester,Fashion,Sneakers,Britannia Pharma,BATCH-2917,Outbound,135,67,3,4,120.63,166.57,A2,Emily Harris,Slightly Delayed,5,No,Passed,24
TXN104018,16-04-2026,Liverpool Logistics,London,Grocery,Cereal,UK Retail Goods,BATCH-3350,Outbound,468,65,35,20,734.21,1089.61,B2,Charlie Davies,Slightly Delayed,5,No,Passed,10
TXN104019,22-02-2026,London Central Hub,Bristol,Home Appliances,Microwave,Britannia Pharma,BATCH-3293,Inbound,250,172,28,5,18.21,31.29,B1,George Brown,Slightly Delayed,6,No,Passed,18
TXN104020,22-01-2025,London Central Hub,Manchester,Fashion,Jeans,ASDA Distribution,BATCH-4810,Inbound,682,444,29,1,537.66,927.94,B2,George Brown,On Time,2,Yes,Passed,6
TXN104021,13-06-2025,Bristol Supply Hub,Glasgow,Grocery,Cooking Oil,Northern Supply Chain,BATCH-1616,Inbound,413,383,19,7,242.59,350.73,D1,Emily Harris,Slightly Delayed,5,No,Passed,3
TXN104022,16-04-2026,Liverpool Logistics,Newcastle,Grocery,Rice Pack,Sainsbury Logistics,BATCH-5560,Outbound,918,424,14,16,202.53,267.34,B2,Amelia Clark,Delayed,7,Yes,Passed,19
TXN104023,29-06-2025,Glasgow Warehouse,London,Home Appliances,Air Fryer,Prime Wholesale UK,BATCH-2142,Inbound,764,75,29,18,232.36,396.49,A2,Amelia Clark,On Time,1,No,Failed,6
TXN104024,01-02-2025,Birmingham Distribution,Liverpool,Pharma,Cough Syrup,London Trade Corp,BATCH-4892,Outbound,798,696,4,11,773.83,960.17,B1,Jack Taylor,On Time,3,No,Passed,0
TXN104025,05-03-2026,Bristol Supply Hub,Manchester,Electronics,Smartphone,London Trade Corp,BATCH-8321,Outbound,224,203,34,0,68.13,113.68,B2,George Brown,Slightly Delayed,5,No,Passed,12
TXN104026,13-04-2025,Bristol Supply Hub,London,Home Appliances,Air Fryer,ASDA Distribution,BATCH-4027,Outbound,754,292,38,5,1139.41,1986.88,D1,Noah Wilson,Delayed,7,Yes,Passed,1
TXN104027,14-03-2025,Birmingham Distribution,Manchester,Pharma,Cough Syrup,UK Retail Goods,BATCH-3532,Outbound,506,226,17,5,888.62,1361.96,C2,Harry Johnson,Slightly Delayed,5,Yes,Passed,12
TXN104028,18-03-2026,Liverpool Logistics,Bristol,Fashion,Handbag,Tesco Supply Ltd,BATCH-7456,Outbound,117,81,34,5,1011.06,1223.44,A1,George Brown,Delayed,8,Yes,Passed,18
TXN104029,01-06-2025,London Central Hub,Liverpool,Fashion,Jeans,Britannia Pharma,BATCH-2586,Outbound,125,72,22,1,145.04,177.88,D1,Oliver Smith,On Time,1,No,Failed,3
TXN104030,27-08-2025,Leeds Fulfillment,Birmingham,Grocery,Tea Bags,Tesco Supply Ltd,BATCH-9906,Outbound,538,511,39,6,626.12,819.19,D1,Jack Taylor,Slightly Delayed,5,No,Passed,23
TXN104031,12-02-2026,Bristol Supply Hub,Leeds,Home Appliances,Air Fryer,ASDA Distribution,BATCH-6314,Inbound,243,113,37,8,302.87,482.1,C2,Jack Taylor,On Time,2,Yes,Passed,3
TXN104032,03-02-2025,Birmingham Distribution,Glasgow,Home Appliances,Air Fryer,UK Retail Goods,BATCH-3843,Inbound,879,33,22,1,746.98,1249.71,C1,Oliver Smith,On Time,3,No,Passed,20
TXN104033,13-03-2025,Birmingham Distribution,Glasgow,Electronics,Monitor,Sainsbury Logistics,BATCH-9353,Outbound,351,313,12,16,295.35,508.5,C1,Jack Taylor,Delayed,7,Yes,Failed,4
TXN104034,28-10-2025,Manchester Storage,Manchester,Home Appliances,Mixer,Northern Supply Chain,BATCH-6355,Inbound,251,73,8,4,576.86,980.59,D1,Jack Taylor,Slightly Delayed,4,Yes,Failed,20
TXN104035,26-12-2025,Manchester Storage,London,Home Appliances,Microwave,London Trade Corp,BATCH-9331,Inbound,858,359,4,4,737.95,1073.66,A1,Emily Harris,Delayed,7,No,Passed,18
TXN104036,08-10-2025,Glasgow Warehouse,Liverpool,Electronics,Smartphone,Prime Wholesale UK,BATCH-8527,Outbound,434,122,20,0,600.04,757.75,B2,Noah Wilson,On Time,2,No,Passed,19
TXN104037,11-04-2025,Glasgow Warehouse,London,Pharma,Paracetamol,Northern Supply Chain,BATCH-9621,Outbound,633,342,15,6,1092.51,1695.0,C1,Noah Wilson,Slightly Delayed,4,Yes,Failed,23
TXN104038,31-08-2025,London Central Hub,Bristol,Home Appliances,Mixer,Northern Supply Chain,BATCH-5114,Outbound,214,102,17,15,898.63,1406.13,C2,Amelia Clark,On Time,3,No,Failed,25
TXN104039,03-09-2025,London Central Hub,Manchester,Home Appliances,Air Fryer,ASDA Distribution,BATCH-9641,Inbound,577,194,25,16,431.26,569.78,D1,Oliver Smith,On Time,3,No,Passed,7
TXN104040,23-02-2025,Manchester Storage,Leeds,Fashion,Jacket,Sainsbury Logistics,BATCH-4614,Outbound,855,735,20,10,372.84,517.01,A2,Jack Taylor,Slightly Delayed,6,No,Passed,0
TXN104041,31-01-2026,Leeds Fulfillment,London,Home Appliances,Microwave,ASDA Distribution,BATCH-1150,Inbound,177,77,40,20,668.23,807.75,A2,Oliver Smith,Slightly Delayed,6,No,Passed,1
TXN104042,19-12-2025,London Central Hub,Manchester,Pharma,Cough Syrup,Tesco Supply Ltd,BATCH-7503,Inbound,800,194,34,3,506.5,895.19,C2,Charlie Davies,Delayed,9,Yes,Passed,18
TXN104043,23-03-2025,Bristol Supply Hub,Birmingham,Fashion,Jeans,London Trade Corp,BATCH-9756,Outbound,458,117,18,8,431.9,600.94,C2,Emily Harris,Delayed,9,Yes,Passed,4
TXN104044,23-09-2025,Bristol Supply Hub,Newcastle,Electronics,Smartphone,Prime Wholesale UK,BATCH-9096,Outbound,94,35,5,12,30.9,55.56,A2,George Brown,Delayed,7,Yes,Passed,4
TXN104045,15-11-2025,Liverpool Logistics,Manchester,Home Appliances,Air Fryer,UK Retail Goods,BATCH-7274,Outbound,461,146,28,14,412.99,695.08,D2,Harry Johnson,Delayed,8,Yes,Failed,12
TXN104046,23-07-2025,Manchester Storage,Newcastle,Grocery,Coffee,UK Retail Goods,BATCH-8650,Outbound,257,105,11,4,1179.07,1974.65,B2,Emily Harris,Delayed,9,Yes,Passed,15
TXN104047,30-08-2025,Liverpool Logistics,Leeds,Pharma,Paracetamol,Prime Wholesale UK,BATCH-8633,Outbound,271,39,20,16,890.29,1068.24,C1,Oliver Smith,On Time,1,No,Passed,18
TXN104048,03-06-2025,Birmingham Distribution,Glasgow,Pharma,Cough Syrup,Tesco Supply Ltd,BATCH-7148,Outbound,302,128,17,2,128.37,226.55,D2,George Brown,Delayed,7,Yes,Passed,12
TXN104049,07-01-2025,Bristol Supply Hub,London,Pharma,Bandages,London Trade Corp,BATCH-6970,Outbound,364,22,21,11,851.16,1069.55,A1,Jack Taylor,Slightly Delayed,6,No,Passed,16
TXN104050,29-08-2025,Glasgow Warehouse,Newcastle,Fashion,Jacket,Northern Supply Chain,BATCH-9497,Outbound,987,942,8,7,578.14,937.26,D1,Jack Taylor,Delayed,9,Yes,Passed,19
TXN104051,26-05-2025,Newcastle Depot,Newcastle,Fashion,Sneakers,Britannia Pharma,BATCH-2576,Outbound,267,213,39,18,787.45,900.06,D1,Emily Harris,Slightly Delayed,6,No,Passed,22
TXN104052,11-05-2025,Liverpool Logistics,Glasgow,Pharma,Bandages,UK Retail Goods,BATCH-6625,Inbound,171,106,6,20,521.55,580.04,A1,Oliver Smith,On Time,1,No,Passed,21
TXN104053,24-01-2026,Liverpool Logistics,London,Fashion,Jacket,Tesco Supply Ltd,BATCH-8505,Inbound,859,759,28,20,520.83,662.72,C1,Harry Johnson,Slightly Delayed,5,No,Failed,4
TXN104054,13-04-2025,Leeds Fulfillment,Liverpool,Fashion,Sneakers,Tesco Supply Ltd,BATCH-2962,Inbound,825,699,9,2,1186.76,1751.89,D2,Charlie Davies,Slightly Delayed,4,Yes,Failed,14
TXN104055,20-11-2025,Newcastle Depot,Leeds,Pharma,Paracetamol,London Trade Corp,BATCH-9404,Outbound,950,198,26,0,34.36,41.68,A2,Jack Taylor,Delayed,7,Yes,Failed,24
TXN104056,06-03-2026,Birmingham Distribution,Glasgow,Electronics,Monitor,UK Retail Goods,BATCH-8036,Outbound,204,95,34,17,551.07,656.27,C2,George Brown,On Time,1,Yes,Passed,0
TXN104057,22-02-2025,Manchester Storage,Bristol,Pharma,Vitamin Tablets,ASDA Distribution,BATCH-6555,Outbound,879,571,18,16,79.27,87.66,D1,Emily Harris,Slightly Delayed,6,Yes,Passed,6
TXN104058,16-08-2025,Manchester Storage,Liverpool,Home Appliances,Mixer,UK Retail Goods,BATCH-6649,Inbound,829,692,18,9,132.02,179.15,C1,Amelia Clark,On Time,1,Yes,Passed,11
TXN104059,05-02-2026,Leeds Fulfillment,Newcastle,Pharma,Bandages,Northern Supply Chain,BATCH-3919,Inbound,459,208,34,8,646.46,1039.23,D1,Noah Wilson,Delayed,9,No,Passed,24
TXN104060,02-09-2025,Manchester Storage,Newcastle,Home Appliances,Air Fryer,Britannia Pharma,BATCH-4283,Inbound,546,237,29,0,1097.47,1349.36,D1,Jack Taylor,Delayed,10,Yes,Passed,15
TXN104061,18-06-2025,Birmingham Distribution,London,Grocery,Cooking Oil,ASDA Distribution,BATCH-1162,Inbound,418,205,7,9,422.78,704.57,A1,George Brown,Delayed,9,No,Passed,7
TXN104062,18-10-2025,Liverpool Logistics,Leeds,Home Appliances,Mixer,Tesco Supply Ltd,BATCH-4480,Inbound,63,62,6,19,701.13,991.22,D1,Oliver Smith,Slightly Delayed,4,No,Failed,21
TXN104063,08-04-2025,London Central Hub,Glasgow,Fashion,Jacket,Sainsbury Logistics,BATCH-1710,Inbound,976,565,29,5,974.37,1477.58,C1,Jack Taylor,On Time,1,No,Passed,21
TXN104064,03-04-2025,Newcastle Depot,Newcastle,Home Appliances,Microwave,UK Retail Goods,BATCH-1156,Outbound,693,232,39,20,913.14,1489.96,B1,Harry Johnson,Slightly Delayed,5,No,Passed,10
TXN104065,05-02-2025,Liverpool Logistics,Bristol,Grocery,Cereal,Sainsbury Logistics,BATCH-3238,Outbound,214,70,15,5,113.25,181.54,D2,George Brown,On Time,1,Yes,Passed,10
TXN104066,18-07-2025,Newcastle Depot,Birmingham,Fashion,Jacket,UK Retail Goods,BATCH-6854,Outbound,115,96,18,6,495.72,643.43,B2,Harry Johnson,Slightly Delayed,6,No,Passed,9
TXN104067,01-05-2026,Manchester Storage,Bristol,Pharma,Bandages,Tesco Supply Ltd,BATCH-2743,Outbound,664,63,19,16,633.0,845.14,D2,Harry Johnson,Slightly Delayed,4,Yes,Passed,17
TXN104068,16-03-2025,Bristol Supply Hub,Leeds,Fashion,Handbag,ASDA Distribution,BATCH-5895,Inbound,451,207,16,1,477.74,835.41,D2,Emily Harris,On Time,1,Yes,Passed,8
TXN104069,08-04-2025,Liverpool Logistics,Leeds,Grocery,Rice Pack,Prime Wholesale UK,BATCH-3446,Inbound,777,43,20,9,297.76,482.45,A2,Oliver Smith,On Time,2,Yes,Passed,14
TXN104070,13-02-2025,Birmingham Distribution,Birmingham,Fashion,Handbag,ASDA Distribution,BATCH-8570,Outbound,938,400,32,10,733.47,1300.19,D1,Oliver Smith,Delayed,10,Yes,Passed,17
TXN104071,02-03-2025,London Central Hub,Manchester,Grocery,Coffee,Northern Supply Chain,BATCH-1352,Outbound,552,460,9,13,332.93,549.39,A1,Noah Wilson,Delayed,7,No,Passed,1
TXN104072,12-01-2025,Bristol Supply Hub,Newcastle,Home Appliances,Mixer,Tesco Supply Ltd,BATCH-4791,Outbound,721,530,34,12,86.82,146.86,D2,Oliver Smith,Slightly Delayed,5,Yes,Passed,16
TXN104073,06-12-2025,London Central Hub,Newcastle,Grocery,Tea Bags,Britannia Pharma,BATCH-8491,Outbound,245,143,19,13,949.85,1294.26,B1,Harry Johnson,On Time,3,Yes,Failed,23
TXN104074,06-02-2026,Newcastle Depot,London,Home Appliances,Vacuum Cleaner,Prime Wholesale UK,BATCH-2082,Inbound,811,723,20,18,279.28,321.86,C2,Emily Harris,Delayed,9,No,Passed,3
TXN104075,21-02-2026,Bristol Supply Hub,Newcastle,Electronics,Monitor,UK Retail Goods,BATCH-2855,Inbound,129,52,18,0,1048.69,1363.1,A1,Harry Johnson,Delayed,9,No,Passed,12
TXN104076,08-02-2025,London Central Hub,Glasgow,Fashion,Jacket,Northern Supply Chain,BATCH-2359,Inbound,995,887,11,14,736.55,1161.64,B2,Noah Wilson,Delayed,7,No,Passed,17
TXN104077,07-04-2025,Newcastle Depot,Leeds,Electronics,Laptop,Sainsbury Logistics,BATCH-3366,Inbound,110,51,12,9,769.0,959.0,D1,Charlie Davies,Delayed,10,Yes,Passed,2
TXN104078,07-12-2025,Glasgow Warehouse,Liverpool,Pharma,Bandages,Prime Wholesale UK,BATCH-3382,Inbound,844,793,36,2,1126.53,1544.37,D1,Noah Wilson,Delayed,8,No,Failed,21
TXN104079,10-11-2025,Liverpool Logistics,Manchester,Home Appliances,Vacuum Cleaner,ASDA Distribution,BATCH-6365,Inbound,317,287,4,15,974.39,1505.96,C2,Oliver Smith,On Time,3,No,Passed,25
TXN104080,18-03-2026,Birmingham Distribution,Birmingham,Grocery,Coffee,ASDA Distribution,BATCH-5249,Outbound,731,208,5,3,1167.56,1361.74,C1,Emily Harris,Delayed,9,Yes,Failed,20
TXN104081,01-12-2025,Leeds Fulfillment,Liverpool,Pharma,Cough Syrup,Sainsbury Logistics,BATCH-5524,Outbound,985,274,13,5,116.58,154.41,B2,George Brown,Slightly Delayed,6,Yes,Passed,1
TXN104082,26-10-2025,Leeds Fulfillment,London,Fashion,Handbag,ASDA Distribution,BATCH-7640,Outbound,716,676,7,0,399.74,689.29,B1,Noah Wilson,Delayed,9,Yes,Passed,12
TXN104083,19-02-2026,Leeds Fulfillment,Liverpool,Home Appliances,Vacuum Cleaner,London Trade Corp,BATCH-7950,Outbound,431,71,2,14,264.31,359.94,C1,Harry Johnson,Slightly Delayed,6,No,Failed,9
TXN104084,11-02-2026,London Central Hub,Manchester,Electronics,Keyboard,Prime Wholesale UK,BATCH-2593,Outbound,358,234,6,14,335.87,444.49,A2,Noah Wilson,Slightly Delayed,4,Yes,Passed,0
TXN104085,01-05-2026,Bristol Supply Hub,Birmingham,Fashion,Jeans,UK Retail Goods,BATCH-7345,Inbound,353,38,37,13,960.46,1121.42,A2,Charlie Davies,Delayed,10,No,Passed,18
TXN104086,19-01-2025,London Central Hub,Leeds,Fashion,T-Shirt,Prime Wholesale UK,BATCH-7128,Outbound,466,167,8,6,563.49,901.8,B1,Noah Wilson,Slightly Delayed,6,Yes,Passed,24
TXN104087,27-03-2025,London Central Hub,Manchester,Grocery,Cooking Oil,ASDA Distribution,BATCH-3661,Outbound,758,731,20,20,1056.11,1239.61,B2,Jack Taylor,Slightly Delayed,4,Yes,Passed,20
TXN104088,23-01-2025,London Central Hub,Glasgow,Pharma,Vitamin Tablets,Tesco Supply Ltd,BATCH-7355,Outbound,192,41,10,2,904.95,1230.31,C2,Noah Wilson,On Time,2,No,Passed,12
TXN104089,08-03-2025,Bristol Supply Hub,London,Electronics,Smartphone,Northern Supply Chain,BATCH-9778,Inbound,937,79,1,17,870.05,1140.55,A2,Emily Harris,Slightly Delayed,6,No,Failed,8
TXN104090,01-06-2025,Leeds Fulfillment,Newcastle,Fashion,Jacket,Northern Supply Chain,BATCH-4754,Inbound,998,512,16,19,803.63,1070.82,D1,Oliver Smith,On Time,3,Yes,Passed,14
TXN104091,28-06-2025,Glasgow Warehouse,London,Fashion,Handbag,Northern Supply Chain,BATCH-5010,Outbound,345,62,26,10,816.54,1163.7,C1,Harry Johnson,On Time,2,No,Passed,14
TXN104092,27-11-2025,Manchester Storage,Bristol,Home Appliances,Microwave,UK Retail Goods,BATCH-3227,Outbound,277,33,17,9,380.11,541.93,B2,Noah Wilson,Slightly Delayed,6,No,Passed,0
TXN104093,18-04-2026,Manchester Storage,Bristol,Home Appliances,Microwave,Sainsbury Logistics,BATCH-7888,Outbound,141,131,7,4,1083.85,1389.39,B1,Oliver Smith,Delayed,9,No,Passed,13
TXN104094,26-03-2026,Manchester Storage,Newcastle,Fashion,Jacket,Britannia Pharma,BATCH-7576,Outbound,391,375,36,18,687.52,1111.34,D1,Noah Wilson,On Time,3,Yes,Failed,11
TXN104095,13-08-2025,Bristol Supply Hub,Manchester,Fashion,Handbag,UK Retail Goods,BATCH-9297,Inbound,97,40,33,14,767.11,893.11,A1,George Brown,Delayed,10,Yes,Failed,17
TXN104096,27-11-2025,London Central Hub,Liverpool,Fashion,Sneakers,ASDA Distribution,BATCH-1344,Outbound,83,42,34,18,700.57,1181.46,D2,George Brown,Slightly Delayed,6,No,Passed,16
TXN104097,21-08-2025,Bristol Supply Hub,London,Pharma,Vitamin Tablets,Sainsbury Logistics,BATCH-6792,Outbound,238,24,32,20,455.64,541.43,B2,Emily Harris,On Time,1,Yes,Passed,2
TXN104098,09-07-2025,Newcastle Depot,Newcastle,Fashion,Handbag,Prime Wholesale UK,BATCH-5370,Outbound,104,97,28,4,1026.24,1303.44,A1,Charlie Davies,Delayed,9,Yes,Passed,24
TXN104099,13-07-2025,Bristol Supply Hub,Birmingham,Grocery,Cereal,Northern Supply Chain,BATCH-8710,Inbound,476,64,38,16,154.86,186.31,B1,Jack Taylor,On Time,1,Yes,Passed,23
TXN104100,19-09-2025,Birmingham Distribution,Glasgow,Home Appliances,Air Fryer,Northern Supply Chain,BATCH-8208,Inbound,563,432,32,1,319.47,469.23,C1,Harry Johnson,Delayed,8,No,Passed,9
TXN104101,06-03-2026,Birmingham Distribution,Glasgow,Electronics,Smartphone,Prime Wholesale UK,BATCH-8013,Outbound,534,91,30,13,208.51,312.48,C2,Charlie Davies,Delayed,8,Yes,Passed,8
TXN104102,01-11-2025,Glasgow Warehouse,Liverpool,Fashion,Sneakers,Sainsbury Logistics,BATCH-2684,Inbound,671,621,32,7,82.89,102.78,A2,Charlie Davies,On Time,1,Yes,Failed,1
TXN104103,15-10-2025,Newcastle Depot,Manchester,Pharma,Bandages,ASDA Distribution,BATCH-9074,Outbound,834,834,23,8,654.94,1093.04,B1,Charlie Davies,Delayed,9,Yes,Passed,16
TXN104104,21-02-2025,Newcastle Depot,Glasgow,Fashion,Handbag,Sainsbury Logistics,BATCH-5918,Inbound,527,401,21,13,456.79,794.88,D2,Charlie Davies,Delayed,8,No,Passed,3
TXN104105,25-01-2025,Manchester Storage,Glasgow,Grocery,Cereal,Tesco Supply Ltd,BATCH-1158,Outbound,285,160,30,8,800.3,1205.64,A1,Noah Wilson,On Time,1,Yes,Passed,15
TXN104106,13-06-2025,Newcastle Depot,Liverpool,Home Appliances,Microwave,Britannia Pharma,BATCH-1507,Outbound,294,212,14,8,633.82,733.82,D1,Noah Wilson,Delayed,7,No,Passed,2
TXN104107,25-02-2026,Manchester Storage,Leeds,Grocery,Tea Bags,ASDA Distribution,BATCH-2837,Inbound,66,48,33,15,39.38,67.15,D1,Oliver Smith,Slightly Delayed,4,No,Passed,22
TXN104108,03-03-2026,Bristol Supply Hub,Newcastle,Electronics,Monitor,Tesco Supply Ltd,BATCH-6618,Outbound,590,191,5,15,744.89,1287.49,C1,George Brown,Slightly Delayed,5,Yes,Failed,11
TXN104109,27-04-2026,Bristol Supply Hub,Birmingham,Electronics,Laptop,Tesco Supply Ltd,BATCH-2931,Inbound,595,58,0,1,79.88,124.43,A1,Amelia Clark,Delayed,7,No,Passed,0
TXN104110,25-04-2025,Glasgow Warehouse,Bristol,Home Appliances,Mixer,Britannia Pharma,BATCH-6551,Inbound,646,75,19,5,298.92,527.87,C1,Oliver Smith,Delayed,7,No,Passed,18
TXN104111,16-11-2025,Glasgow Warehouse,Birmingham,Pharma,Vitamin Tablets,Tesco Supply Ltd,BATCH-8739,Outbound,709,379,38,4,155.3,188.93,C1,Noah Wilson,Slightly Delayed,4,No,Passed,18
TXN104112,19-12-2025,London Central Hub,Manchester,Grocery,Cooking Oil,London Trade Corp,BATCH-8439,Outbound,424,235,7,20,614.04,1044.68,C1,Jack Taylor,Slightly Delayed,4,Yes,Passed,20
TXN104113,25-02-2026,Leeds Fulfillment,Newcastle,Fashion,T-Shirt,ASDA Distribution,BATCH-7985,Inbound,205,49,18,10,873.4,1275.35,D1,Harry Johnson,Delayed,9,No,Passed,21
TXN104114,09-12-2025,Glasgow Warehouse,Glasgow,Pharma,Bandages,Tesco Supply Ltd,BATCH-2409,Outbound,616,194,40,12,644.13,1054.17,C2,Emily Harris,Slightly Delayed,5,Yes,Passed,0
TXN104115,30-04-2026,Birmingham Distribution,Bristol,Pharma,Paracetamol,ASDA Distribution,BATCH-4746,Inbound,931,116,31,6,770.87,1095.01,B2,Charlie Davies,Delayed,10,No,Passed,14
TXN104116,26-02-2026,Birmingham Distribution,Glasgow,Electronics,Laptop,UK Retail Goods,BATCH-6323,Inbound,480,34,6,13,108.22,165.23,C2,Noah Wilson,Slightly Delayed,6,No,Passed,0
TXN104117,30-11-2025,Leeds Fulfillment,London,Home Appliances,Microwave,Tesco Supply Ltd,BATCH-6193,Inbound,209,27,24,11,750.26,1132.74,B1,Harry Johnson,Slightly Delayed,6,No,Passed,25
TXN104118,12-03-2025,Glasgow Warehouse,Manchester,Pharma,Bandages,UK Retail Goods,BATCH-4168,Outbound,243,22,32,7,732.01,1161.37,B2,Jack Taylor,Delayed,8,Yes,Passed,1
TXN104119,13-11-2025,London Central Hub,Newcastle,Grocery,Tea Bags,London Trade Corp,BATCH-6227,Outbound,280,233,18,18,266.85,348.57,C2,Noah Wilson,Delayed,10,Yes,Passed,4
TXN104120,14-06-2025,Newcastle Depot,Leeds,Grocery,Coffee,UK Retail Goods,BATCH-9620,Inbound,80,56,7,14,44.93,65.22,D1,Emily Harris,Delayed,10,Yes,Failed,17
TXN104121,22-10-2025,Manchester Storage,London,Grocery,Tea Bags,London Trade Corp,BATCH-2997,Inbound,411,317,33,14,454.77,779.94,A2,Jack Taylor,Delayed,8,No,Passed,18
TXN104122,16-05-2025,Newcastle Depot,Birmingham,Grocery,Cereal,UK Retail Goods,BATCH-7301,Inbound,900,659,14,6,1173.36,1701.86,D1,George Brown,Slightly Delayed,4,No,Passed,23
TXN104123,08-03-2026,Glasgow Warehouse,Newcastle,Home Appliances,Microwave,UK Retail Goods,BATCH-9711,Outbound,965,681,37,17,93.36,156.34,A1,Charlie Davies,Slightly Delayed,5,Yes,Passed,22
TXN104124,13-05-2026,Newcastle Depot,Manchester,Fashion,Sneakers,Tesco Supply Ltd,BATCH-1632,Inbound,370,69,7,10,217.73,310.0,B2,Oliver Smith,On Time,2,Yes,Passed,7
TXN104125,29-09-2025,Birmingham Distribution,Leeds,Pharma,Vitamin Tablets,Britannia Pharma,BATCH-9066,Inbound,928,694,30,10,1165.49,1660.42,D1,Oliver Smith,On Time,3,Yes,Passed,4
TXN104126,06-02-2025,Bristol Supply Hub,Manchester,Home Appliances,Microwave,Prime Wholesale UK,BATCH-3744,Outbound,787,679,23,20,433.76,642.42,A1,Harry Johnson,Delayed,9,Yes,Passed,6
TXN104127,26-07-2025,Bristol Supply Hub,Bristol,Home Appliances,Air Fryer,Britannia Pharma,BATCH-5116,Outbound,849,148,7,15,811.02,1281.19,C1,Noah Wilson,Slightly Delayed,4,Yes,Passed,14
TXN104128,16-01-2025,Birmingham Distribution,Newcastle,Grocery,Cooking Oil,Britannia Pharma,BATCH-4553,Outbound,187,53,1,13,1021.33,1322.75,C2,Amelia Clark,Delayed,9,Yes,Passed,25
TXN104129,09-01-2025,London Central Hub,London,Grocery,Cereal,London Trade Corp,BATCH-1672,Inbound,550,291,15,9,168.54,303.25,C1,Charlie Davies,Slightly Delayed,6,Yes,Passed,6
TXN104130,30-03-2025,Birmingham Distribution,Bristol,Fashion,Jeans,ASDA Distribution,BATCH-8728,Outbound,431,26,38,5,1061.35,1651.96,A2,Charlie Davies,Delayed,10,No,Passed,2
TXN104131,18-03-2026,Manchester Storage,Liverpool,Home Appliances,Vacuum Cleaner,Sainsbury Logistics,BATCH-4413,Inbound,956,747,11,16,544.61,620.07,B2,Emily Harris,On Time,2,No,Passed,21
TXN104132,10-05-2026,Newcastle Depot,Bristol,Pharma,Cough Syrup,Northern Supply Chain,BATCH-1122,Outbound,147,61,9,14,507.47,802.21,D1,Jack Taylor,On Time,1,No,Failed,20
TXN104133,12-12-2025,Birmingham Distribution,Liverpool,Grocery,Rice Pack,UK Retail Goods,BATCH-2442,Inbound,984,484,2,15,589.55,743.93,C2,Harry Johnson,Slightly Delayed,6,Yes,Passed,16
TXN104134,13-07-2025,Glasgow Warehouse,Newcastle,Fashion,Jacket,Britannia Pharma,BATCH-9403,Outbound,405,157,8,6,1195.95,2050.3,D1,Amelia Clark,On Time,3,No,Failed,9
TXN104135,29-04-2025,Glasgow Warehouse,Leeds,Fashion,Sneakers,Sainsbury Logistics,BATCH-6224,Inbound,400,32,23,14,379.44,434.12,C2,Harry Johnson,Slightly Delayed,5,Yes,Passed,11
TXN104136,21-04-2025,Birmingham Distribution,Glasgow,Pharma,Cough Syrup,Britannia Pharma,BATCH-3502,Inbound,511,373,23,0,825.55,1152.6,A1,Noah Wilson,Slightly Delayed,6,Yes,Passed,13
TXN104137,06-08-2025,Newcastle Depot,Liverpool,Electronics,Tablet,UK Retail Goods,BATCH-6646,Inbound,633,511,18,17,34.09,45.2,A1,Harry Johnson,Delayed,10,No,Passed,12
TXN104138,26-02-2026,Bristol Supply Hub,Bristol,Electronics,Laptop,London Trade Corp,BATCH-4993,Outbound,103,96,28,13,1167.59,2094.97,A2,Charlie Davies,On Time,3,No,Passed,19
TXN104139,12-10-2025,Glasgow Warehouse,Glasgow,Electronics,Monitor,ASDA Distribution,BATCH-6649,Inbound,212,40,16,16,483.26,712.86,A1,Noah Wilson,Slightly Delayed,4,No,Passed,12
TXN104140,28-09-2025,Newcastle Depot,Birmingham,Fashion,T-Shirt,Prime Wholesale UK,BATCH-5548,Outbound,291,45,32,17,1129.5,1447.97,A1,Oliver Smith,On Time,1,Yes,Passed,24
TXN104141,14-01-2025,Leeds Fulfillment,Glasgow,Electronics,Laptop,London Trade Corp,BATCH-8476,Inbound,424,242,26,7,1128.83,1336.91,B2,Harry Johnson,On Time,2,Yes,Passed,8
TXN104142,08-10-2025,Manchester Storage,Glasgow,Electronics,Laptop,ASDA Distribution,BATCH-1446,Inbound,865,312,31,12,466.44,833.24,C1,Charlie Davies,Slightly Delayed,5,Yes,Passed,18
TXN104143,21-04-2026,Manchester Storage,Liverpool,Fashion,Jacket,Prime Wholesale UK,BATCH-6311,Inbound,516,359,12,0,331.94,521.64,B2,Harry Johnson,On Time,2,Yes,Passed,23
TXN104144,04-03-2025,Newcastle Depot,Newcastle,Fashion,Jacket,Sainsbury Logistics,BATCH-2860,Outbound,543,251,21,11,799.24,1225.22,D1,Jack Taylor,Delayed,8,Yes,Failed,25
TXN104145,21-08-2025,Newcastle Depot,Birmingham,Electronics,Monitor,Tesco Supply Ltd,BATCH-9222,Inbound,232,102,36,10,239.07,305.72,D2,George Brown,Slightly Delayed,5,No,Passed,18
TXN104146,09-12-2025,Manchester Storage,Leeds,Pharma,Bandages,ASDA Distribution,BATCH-1753,Inbound,159,120,34,19,1133.28,1692.52,D2,Oliver Smith,Delayed,8,Yes,Passed,12
TXN104147,04-07-2025,Newcastle Depot,Birmingham,Pharma,Bandages,UK Retail Goods,BATCH-9174,Outbound,410,379,30,12,85.8,132.18,C1,Noah Wilson,On Time,1,No,Failed,9
TXN104148,08-09-2025,Bristol Supply Hub,Liverpool,Fashion,T-Shirt,London Trade Corp,BATCH-9424,Inbound,618,77,7,10,210.66,352.3,D2,Jack Taylor,On Time,1,No,Passed,19
TXN104149,30-06-2025,Liverpool Logistics,Birmingham,Electronics,Monitor,UK Retail Goods,BATCH-3023,Inbound,971,429,20,18,772.49,1002.95,C1,Harry Johnson,Slightly Delayed,5,No,Passed,5
TXN104150,14-06-2025,Birmingham Distribution,Newcastle,Fashion,Sneakers,UK Retail Goods,BATCH-8516,Inbound,181,104,32,18,127.92,211.03,A1,Jack Taylor,Delayed,7,Yes,Passed,13
TXN104151,29-05-2025,London Central Hub,London,Home Appliances,Vacuum Cleaner,Northern Supply Chain,BATCH-1325,Outbound,673,293,10,8,147.37,252.29,D2,Oliver Smith,On Time,1,No,Passed,12
TXN104152,16-01-2025,Birmingham Distribution,Newcastle,Grocery,Coffee,UK Retail Goods,BATCH-4789,Outbound,81,52,8,17,261.92,439.96,B1,George Brown,On Time,1,No,Passed,15
TXN104153,09-04-2026,Glasgow Warehouse,Newcastle,Electronics,Tablet,Prime Wholesale UK,BATCH-4804,Inbound,780,429,31,5,84.95,103.43,D2,Charlie Davies,Delayed,8,Yes,Passed,25
TXN104154,01-03-2025,Leeds Fulfillment,Liverpool,Fashion,Jeans,Northern Supply Chain,BATCH-9777,Inbound,673,475,34,12,788.26,890.76,B1,Noah Wilson,Delayed,7,Yes,Passed,13
TXN104155,06-01-2025,Liverpool Logistics,London,Home Appliances,Mixer,London Trade Corp,BATCH-7208,Outbound,650,364,28,3,573.77,1011.95,C1,Harry Johnson,Slightly Delayed,4,No,Passed,17
TXN104156,12-06-2025,Liverpool Logistics,Liverpool,Home Appliances,Air Fryer,ASDA Distribution,BATCH-9948,Inbound,611,516,19,16,182.71,305.73,A1,George Brown,Delayed,8,Yes,Failed,10
TXN104157,15-04-2026,Bristol Supply Hub,Birmingham,Fashion,Jeans,Sainsbury Logistics,BATCH-9247,Outbound,882,672,9,0,643.59,802.13,C1,Emily Harris,Delayed,7,Yes,Passed,2
TXN104158,28-07-2025,Liverpool Logistics,Liverpool,Electronics,Laptop,Northern Supply Chain,BATCH-3827,Outbound,657,537,8,1,1044.77,1530.03,D2,Oliver Smith,On Time,2,Yes,Passed,11
TXN104159,13-03-2026,Birmingham Distribution,Bristol,Home Appliances,Air Fryer,Northern Supply Chain,BATCH-9609,Inbound,533,130,36,13,421.28,653.36,B2,George Brown,Slightly Delayed,4,No,Passed,23
TXN104160,23-10-2025,Newcastle Depot,Leeds,Grocery,Cereal,ASDA Distribution,BATCH-3603,Inbound,813,770,36,13,524.25,641.96,A2,Emily Harris,On Time,1,No,Passed,21
TXN104161,08-03-2026,Newcastle Depot,Liverpool,Fashion,T-Shirt,Tesco Supply Ltd,BATCH-2558,Inbound,268,212,21,1,821.16,1003.82,C1,Oliver Smith,On Time,1,No,Passed,8
TXN104162,28-08-2025,Newcastle Depot,Manchester,Home Appliances,Vacuum Cleaner,Tesco Supply Ltd,BATCH-2791,Outbound,334,70,35,6,770.71,964.53,D2,Noah Wilson,Delayed,7,No,Passed,23
TXN104163,11-11-2025,Manchester Storage,Glasgow,Grocery,Tea Bags,ASDA Distribution,BATCH-8598,Outbound,227,64,3,16,686.58,932.39,D1,George Brown,On Time,1,Yes,Passed,0
TXN104164,02-11-2025,Glasgow Warehouse,Birmingham,Fashion,Handbag,UK Retail Goods,BATCH-6862,Inbound,479,266,15,13,1195.61,1514.91,A1,George Brown,Delayed,9,Yes,Passed,2
TXN104165,05-05-2025,Liverpool Logistics,Bristol,Fashion,T-Shirt,Northern Supply Chain,BATCH-7859,Outbound,427,74,23,2,558.38,806.53,D2,Jack Taylor,On Time,3,No,Passed,10
TXN104166,26-12-2025,Manchester Storage,Glasgow,Electronics,Tablet,Sainsbury Logistics,BATCH-8342,Outbound,296,203,1,8,462.52,760.51,C2,Oliver Smith,On Time,1,No,Failed,1
TXN104167,01-03-2026,Bristol Supply Hub,Liverpool,Grocery,Rice Pack,Sainsbury Logistics,BATCH-3838,Inbound,515,442,23,16,414.93,633.1,C1,Charlie Davies,Slightly Delayed,4,No,Failed,12
TXN104168,06-05-2025,London Central Hub,Bristol,Grocery,Coffee,ASDA Distribution,BATCH-4663,Outbound,273,242,15,19,700.14,1014.1,D2,Oliver Smith,On Time,3,No,Passed,3
TXN104169,30-07-2025,Liverpool Logistics,Leeds,Home Appliances,Air Fryer,ASDA Distribution,BATCH-1897,Outbound,940,567,3,20,101.16,144.25,C2,Amelia Clark,On Time,2,No,Failed,24
TXN104170,26-03-2026,Leeds Fulfillment,Birmingham,Grocery,Coffee,Prime Wholesale UK,BATCH-2941,Outbound,181,135,17,4,46.57,72.09,A2,Noah Wilson,Delayed,8,No,Passed,10
TXN104171,23-04-2026,Liverpool Logistics,Bristol,Fashion,Sneakers,ASDA Distribution,BATCH-8553,Outbound,620,448,28,3,320.06,401.72,A1,Emily Harris,Slightly Delayed,5,Yes,Passed,1
TXN104172,24-01-2025,Glasgow Warehouse,Liverpool,Grocery,Coffee,UK Retail Goods,BATCH-5294,Outbound,160,155,35,5,671.72,1145.92,A2,Harry Johnson,Delayed,7,Yes,Passed,5
TXN104173,22-04-2026,Liverpool Logistics,Newcastle,Grocery,Rice Pack,Tesco Supply Ltd,BATCH-8978,Inbound,125,48,36,4,90.35,100.96,D1,Noah Wilson,Delayed,10,Yes,Passed,4
TXN104174,22-12-2025,Manchester Storage,Birmingham,Home Appliances,Vacuum Cleaner,Britannia Pharma,BATCH-1137,Inbound,986,247,3,0,187.69,233.23,D1,George Brown,Delayed,9,Yes,Passed,8
TXN104175,17-12-2025,Birmingham Distribution,Leeds,Electronics,Monitor,Prime Wholesale UK,BATCH-8116,Inbound,360,290,25,1,30.89,39.79,B1,Oliver Smith,Delayed,10,Yes,Passed,14
TXN104176,24-01-2025,Birmingham Distribution,London,Fashion,Handbag,Sainsbury Logistics,BATCH-8088,Inbound,774,641,37,0,993.74,1664.01,D2,George Brown,Slightly Delayed,6,No,Passed,5
TXN104177,27-01-2025,Birmingham Distribution,Bristol,Pharma,Vitamin Tablets,Britannia Pharma,BATCH-1591,Outbound,640,558,12,15,351.05,441.61,D1,Jack Taylor,Slightly Delayed,5,Yes,Passed,4
TXN104178,03-05-2025,Birmingham Distribution,Newcastle,Electronics,Monitor,Tesco Supply Ltd,BATCH-7396,Outbound,858,359,39,7,145.62,260.89,C1,Charlie Davies,Delayed,9,No,Passed,7
TXN104179,02-08-2025,Glasgow Warehouse,Birmingham,Pharma,Cough Syrup,UK Retail Goods,BATCH-1526,Inbound,329,80,13,4,283.83,387.94,D2,Noah Wilson,On Time,2,Yes,Passed,22
TXN104180,02-12-2025,Glasgow Warehouse,Birmingham,Pharma,Cough Syrup,Northern Supply Chain,BATCH-9057,Inbound,391,94,0,8,429.98,517.46,A1,Emily Harris,On Time,3,No,Failed,23
TXN104181,23-06-2025,London Central Hub,London,Electronics,Tablet,Sainsbury Logistics,BATCH-3253,Inbound,173,160,30,12,278.05,459.82,B1,Amelia Clark,Delayed,10,No,Passed,17
TXN104182,09-03-2026,London Central Hub,Birmingham,Home Appliances,Air Fryer,Prime Wholesale UK,BATCH-4122,Inbound,649,388,6,5,575.35,1017.99,B2,George Brown,On Time,1,Yes,Passed,1
TXN104183,18-10-2025,Birmingham Distribution,Manchester,Electronics,Laptop,Tesco Supply Ltd,BATCH-4232,Outbound,273,170,0,2,135.71,202.4,A2,Charlie Davies,On Time,1,Yes,Failed,9
TXN104184,23-03-2026,Bristol Supply Hub,Birmingham,Electronics,Monitor,Britannia Pharma,BATCH-3285,Outbound,565,184,27,11,346.12,394.11,C2,Charlie Davies,On Time,2,Yes,Passed,16
TXN104185,17-04-2026,London Central Hub,Glasgow,Fashion,Jacket,UK Retail Goods,BATCH-3264,Inbound,634,509,37,2,384.2,504.0,D2,Harry Johnson,On Time,3,No,Passed,16
TXN104186,30-05-2025,Bristol Supply Hub,Bristol,Fashion,Sneakers,Tesco Supply Ltd,BATCH-6112,Outbound,369,150,39,12,261.24,335.93,B1,Jack Taylor,On Time,3,No,Failed,4
TXN104187,04-05-2026,Manchester Storage,Bristol,Grocery,Rice Pack,Tesco Supply Ltd,BATCH-8232,Inbound,907,649,1,0,132.29,172.55,D1,Emily Harris,On Time,2,Yes,Passed,8
TXN104188,28-12-2025,Glasgow Warehouse,Leeds,Grocery,Rice Pack,Sainsbury Logistics,BATCH-4356,Inbound,214,89,6,19,262.38,352.6,C2,Emily Harris,Delayed,9,No,Passed,2
TXN104189,27-02-2025,Leeds Fulfillment,Newcastle,Pharma,Paracetamol,UK Retail Goods,BATCH-1152,Outbound,613,145,15,8,1144.51,1807.85,B2,Emily Harris,Delayed,9,Yes,Passed,22
TXN104190,28-11-2025,Manchester Storage,Bristol,Pharma,Cough Syrup,Sainsbury Logistics,BATCH-4066,Outbound,893,526,9,17,860.63,1179.78,A2,Noah Wilson,Slightly Delayed,5,No,Passed,4
TXN104191,26-12-2025,Glasgow Warehouse,Liverpool,Pharma,Vitamin Tablets,Sainsbury Logistics,BATCH-6906,Outbound,698,318,7,18,106.16,191.05,C1,Oliver Smith,Slightly Delayed,4,No,Passed,23
TXN104192,16-08-2025,Bristol Supply Hub,Birmingham,Pharma,Cough Syrup,Northern Supply Chain,BATCH-7907,Inbound,847,667,24,7,824.8,957.38,A1,Jack Taylor,On Time,3,No,Passed,15
TXN104193,16-10-2025,Birmingham Distribution,Bristol,Fashion,Jacket,Prime Wholesale UK,BATCH-5775,Inbound,704,520,31,19,612.9,924.68,B2,Noah Wilson,Delayed,9,No,Passed,25
TXN104194,02-07-2025,Glasgow Warehouse,London,Grocery,Coffee,UK Retail Goods,BATCH-2852,Outbound,826,589,32,1,371.67,579.5,B2,Charlie Davies,On Time,3,Yes,Passed,2
TXN104195,16-05-2026,Newcastle Depot,Leeds,Grocery,Rice Pack,UK Retail Goods,BATCH-2042,Inbound,267,111,8,2,366.68,533.31,D1,George Brown,Delayed,8,Yes,Passed,18
TXN104196,06-04-2025,Bristol Supply Hub,Bristol,Fashion,Jeans,Tesco Supply Ltd,BATCH-2922,Outbound,157,96,23,14,221.23,344.05,D1,Harry Johnson,Slightly Delayed,5,Yes,Passed,13
TXN104197,05-06-2025,Bristol Supply Hub,Manchester,Electronics,Keyboard,London Trade Corp,BATCH-1680,Outbound,167,24,31,9,801.89,1390.91,C2,Harry Johnson,Slightly Delayed,6,Yes,Passed,1
TXN104198,02-09-2025,Glasgow Warehouse,Newcastle,Home Appliances,Mixer,Prime Wholesale UK,BATCH-1994,Inbound,933,879,12,0,484.42,572.18,D2,Harry Johnson,Slightly Delayed,5,Yes,Passed,24
TXN104199,09-02-2025,Liverpool Logistics,Bristol,Electronics,Laptop,Northern Supply Chain,BATCH-8062,Inbound,981,800,37,9,768.86,1334.75,D1,Noah Wilson,Delayed,8,Yes,Passed,17
TXN104200,08-08-2025,London Central Hub,Bristol,Fashion,Handbag,London Trade Corp,BATCH-6311,Inbound,586,86,22,18,331.12,571.41,C2,George Brown,Slightly Delayed,6,No,Failed,5
TXN104201,22-06-2025,Bristol Supply Hub,Leeds,Fashion,Sneakers,Britannia Pharma,BATCH-4627,Inbound,731,80,38,0,126.57,210.51,D1,George Brown,On Time,2,Yes,Passed,0
TXN104202,27-09-2025,Liverpool Logistics,Glasgow,Electronics,Tablet,Tesco Supply Ltd,BATCH-7205,Inbound,56,21,19,11,932.35,1136.86,A2,Harry Johnson,On Time,1,No,Passed,18
TXN104203,21-05-2025,Birmingham Distribution,Manchester,Fashion,Jeans,ASDA Distribution,BATCH-8913,Inbound,755,541,26,15,492.32,629.59,D1,George Brown,Slightly Delayed,5,Yes,Passed,20
TXN104204,04-01-2025,Liverpool Logistics,London,Electronics,Monitor,Sainsbury Logistics,BATCH-2857,Outbound,605,335,8,13,881.87,1091.39,C1,George Brown,On Time,1,No,Passed,19
TXN104205,21-06-2025,London Central Hub,Manchester,Pharma,Vitamin Tablets,Sainsbury Logistics,BATCH-5276,Outbound,569,273,37,17,126.49,151.75,B1,Noah Wilson,On Time,1,No,Passed,0
TXN104206,22-02-2025,Birmingham Distribution,London,Grocery,Coffee,London Trade Corp,BATCH-6412,Outbound,475,270,15,5,838.4,1272.4,A1,Noah Wilson,Delayed,8,No,Passed,7
TXN104207,15-01-2025,Bristol Supply Hub,Glasgow,Fashion,Handbag,Northern Supply Chain,BATCH-4260,Inbound,705,573,26,18,131.12,194.74,A1,Oliver Smith,Slightly Delayed,4,Yes,Passed,16
TXN104208,04-04-2025,Liverpool Logistics,Liverpool,Fashion,Sneakers,Britannia Pharma,BATCH-5426,Inbound,706,359,26,14,464.43,536.97,A1,Jack Taylor,Slightly Delayed,5,No,Passed,2
TXN104209,02-07-2025,Manchester Storage,Leeds,Pharma,Vitamin Tablets,ASDA Distribution,BATCH-7967,Inbound,546,156,0,11,101.57,170.02,A2,Harry Johnson,Delayed,10,Yes,Passed,16
TXN104210,28-01-2026,Bristol Supply Hub,Bristol,Pharma,Vitamin Tablets,Sainsbury Logistics,BATCH-7020,Inbound,376,230,5,19,476.8,582.33,B2,Emily Harris,Slightly Delayed,4,No,Passed,4
TXN104211,25-05-2025,Liverpool Logistics,Manchester,Fashion,T-Shirt,Tesco Supply Ltd,BATCH-4546,Outbound,734,635,0,11,436.99,664.42,C1,Amelia Clark,Delayed,9,No,Passed,6
TXN104212,01-02-2026,Bristol Supply Hub,Manchester,Electronics,Monitor,Sainsbury Logistics,BATCH-8678,Inbound,338,324,32,20,827.63,937.76,A2,George Brown,Delayed,8,Yes,Failed,12
TXN104213,23-01-2026,Birmingham Distribution,London,Home Appliances,Microwave,London Trade Corp,BATCH-3840,Inbound,140,140,38,1,1014.76,1414.38,B2,Oliver Smith,Delayed,10,No,Passed,23
TXN104214,22-04-2025,Leeds Fulfillment,London,Pharma,Bandages,Tesco Supply Ltd,BATCH-2214,Inbound,960,889,6,4,674.0,908.55,D1,Oliver Smith,Slightly Delayed,4,No,Failed,18
TXN104215,03-04-2025,London Central Hub,Leeds,Pharma,Bandages,London Trade Corp,BATCH-8507,Outbound,314,86,7,8,215.78,277.01,B1,George Brown,Delayed,9,No,Passed,5
TXN104216,20-03-2026,Glasgow Warehouse,London,Pharma,Cough Syrup,London Trade Corp,BATCH-4700,Inbound,829,506,40,0,579.9,701.26,C1,Jack Taylor,Delayed,8,Yes,Passed,24
TXN104217,04-07-2025,London Central Hub,Newcastle,Electronics,Keyboard,Tesco Supply Ltd,BATCH-1686,Outbound,529,173,3,12,300.27,514.4,C1,Oliver Smith,Delayed,10,No,Passed,7
TXN104218,07-04-2026,Liverpool Logistics,Liverpool,Grocery,Cereal,ASDA Distribution,BATCH-9532,Outbound,549,242,20,3,933.79,1536.72,B2,Charlie Davies,On Time,1,Yes,Passed,8
TXN104219,22-10-2025,Manchester Storage,London,Fashion,Handbag,Prime Wholesale UK,BATCH-4838,Inbound,299,221,24,12,281.56,322.92,A2,Charlie Davies,Delayed,9,Yes,Passed,8
TXN104220,21-08-2025,Newcastle Depot,Glasgow,Electronics,Keyboard,Britannia Pharma,BATCH-6996,Inbound,551,229,17,16,474.03,671.37,D2,Charlie Davies,On Time,2,No,Passed,16
TXN104221,28-01-2025,London Central Hub,Manchester,Fashion,Handbag,UK Retail Goods,BATCH-9734,Outbound,77,38,31,15,1120.83,2002.71,D2,Emily Harris,Delayed,10,Yes,Passed,18
TXN104222,25-10-2025,Bristol Supply Hub,Bristol,Electronics,Tablet,Northern Supply Chain,BATCH-2746,Outbound,687,211,4,3,1167.02,1328.68,D2,Emily Harris,Slightly Delayed,6,Yes,Passed,16
TXN104223,04-05-2026,Glasgow Warehouse,Leeds,Home Appliances,Vacuum Cleaner,Tesco Supply Ltd,BATCH-1480,Outbound,450,325,17,16,115.4,180.81,C1,Charlie Davies,Slightly Delayed,6,Yes,Passed,0
TXN104224,18-01-2026,Manchester Storage,Leeds,Pharma,Vitamin Tablets,Tesco Supply Ltd,BATCH-4247,Outbound,953,131,18,7,984.75,1557.85,C1,Oliver Smith,Delayed,7,Yes,Passed,18
TXN104225,22-03-2025,London Central Hub,Liverpool,Home Appliances,Mixer,London Trade Corp,BATCH-9327,Outbound,493,279,31,17,768.12,959.04,D2,George Brown,Delayed,7,Yes,Passed,10
TXN104226,24-12-2025,London Central Hub,Manchester,Pharma,Paracetamol,Prime Wholesale UK,BATCH-3315,Outbound,378,360,11,3,708.22,1155.62,A1,Emily Harris,Delayed,7,No,Passed,2
TXN104227,09-03-2026,London Central Hub,Newcastle,Grocery,Coffee,Sainsbury Logistics,BATCH-8928,Outbound,181,32,19,8,95.74,131.73,C1,Oliver Smith,On Time,3,Yes,Passed,22
TXN104228,19-08-2025,Bristol Supply Hub,Glasgow,Home Appliances,Vacuum Cleaner,Northern Supply Chain,BATCH-1634,Inbound,444,237,11,18,277.88,452.67,B1,George Brown,Delayed,7,No,Passed,24
TXN104229,02-03-2025,London Central Hub,Newcastle,Fashion,Jacket,Prime Wholesale UK,BATCH-7444,Outbound,278,172,37,6,419.23,571.2,B2,Amelia Clark,Slightly Delayed,5,Yes,Passed,19
TXN104230,09-09-2025,Leeds Fulfillment,Manchester,Pharma,Vitamin Tablets,London Trade Corp,BATCH-5908,Outbound,95,95,33,9,454.59,792.75,B2,Noah Wilson,Slightly Delayed,5,No,Passed,21
TXN104231,03-02-2025,Leeds Fulfillment,Birmingham,Pharma,Paracetamol,Tesco Supply Ltd,BATCH-8270,Outbound,677,57,5,5,666.49,1195.63,A1,Harry Johnson,Delayed,10,No,Passed,11
TXN104232,06-11-2025,Bristol Supply Hub,London,Home Appliances,Air Fryer,Prime Wholesale UK,BATCH-7095,Inbound,219,34,22,12,380.74,464.37,A1,Amelia Clark,On Time,2,No,Passed,0
TXN104233,08-08-2025,Newcastle Depot,Liverpool,Home Appliances,Vacuum Cleaner,UK Retail Goods,BATCH-9675,Inbound,964,231,33,16,1142.78,2010.75,D2,Harry Johnson,On Time,1,No,Passed,4
TXN104234,10-08-2025,Birmingham Distribution,Newcastle,Grocery,Coffee,ASDA Distribution,BATCH-1406,Inbound,236,162,34,3,430.11,730.85,B1,Noah Wilson,Slightly Delayed,4,No,Passed,14
TXN104235,02-02-2025,Liverpool Logistics,Birmingham,Electronics,Smartphone,Prime Wholesale UK,BATCH-2882,Inbound,276,54,13,9,429.16,704.67,C2,Emily Harris,Slightly Delayed,6,No,Passed,8
TXN104236,24-02-2026,London Central Hub,Manchester,Home Appliances,Mixer,ASDA Distribution,BATCH-3544,Inbound,168,39,34,0,740.45,861.25,C1,Emily Harris,Delayed,7,Yes,Passed,8
TXN104237,15-01-2025,Liverpool Logistics,Liverpool,Grocery,Cereal,London Trade Corp,BATCH-7959,Inbound,743,323,2,3,941.73,1095.37,A1,Emily Harris,Slightly Delayed,5,Yes,Failed,10
TXN104238,10-10-2025,Bristol Supply Hub,Liverpool,Pharma,Vitamin Tablets,Tesco Supply Ltd,BATCH-2822,Outbound,67,59,27,4,877.66,1239.92,D2,Amelia Clark,On Time,2,Yes,Passed,12
TXN104239,09-07-2025,Glasgow Warehouse,Bristol,Electronics,Keyboard,Northern Supply Chain,BATCH-3709,Outbound,739,279,39,4,1069.14,1857.7,A1,Amelia Clark,Slightly Delayed,5,Yes,Passed,17
TXN104240,22-01-2025,Glasgow Warehouse,London,Electronics,Smartphone,Tesco Supply Ltd,BATCH-4522,Outbound,171,135,39,20,451.33,665.91,D1,Amelia Clark,Slightly Delayed,4,Yes,Passed,1
TXN104241,14-12-2025,Manchester Storage,London,Grocery,Cereal,Northern Supply Chain,BATCH-9456,Outbound,938,340,20,1,254.28,435.01,B2,Harry Johnson,Slightly Delayed,5,No,Passed,7
TXN104242,31-12-2025,Leeds Fulfillment,Glasgow,Fashion,T-Shirt,Prime Wholesale UK,BATCH-6815,Inbound,904,894,9,7,836.44,954.15,B2,Oliver Smith,On Time,2,Yes,Passed,5
TXN104243,28-02-2025,Glasgow Warehouse,London,Electronics,Monitor,Sainsbury Logistics,BATCH-8577,Inbound,278,31,34,2,453.95,807.13,C2,Emily Harris,Delayed,9,No,Passed,24
TXN104244,08-04-2026,Birmingham Distribution,Newcastle,Grocery,Tea Bags,UK Retail Goods,BATCH-6740,Outbound,135,129,38,10,640.18,842.82,B1,Jack Taylor,Slightly Delayed,4,Yes,Passed,9
TXN104245,05-12-2025,Bristol Supply Hub,Birmingham,Home Appliances,Vacuum Cleaner,UK Retail Goods,BATCH-2350,Outbound,196,154,0,16,401.59,548.77,A2,Noah Wilson,On Time,3,No,Failed,25
TXN104246,21-09-2025,London Central Hub,London,Electronics,Tablet,Northern Supply Chain,BATCH-4384,Outbound,367,293,21,10,939.72,1149.91,D2,George Brown,Delayed,7,Yes,Failed,1
TXN104247,01-04-2025,Bristol Supply Hub,Leeds,Pharma,Cough Syrup,UK Retail Goods,BATCH-2811,Outbound,145,50,29,5,1192.57,1460.38,C2,Oliver Smith,On Time,2,Yes,Passed,25
TXN104248,18-03-2026,Manchester Storage,Birmingham,Fashion,Handbag,Sainsbury Logistics,BATCH-2741,Inbound,321,58,4,13,45.81,55.67,C2,Jack Taylor,On Time,1,No,Failed,24
TXN104249,06-04-2026,Liverpool Logistics,Bristol,Grocery,Cooking Oil,Tesco Supply Ltd,BATCH-3104,Inbound,586,491,19,16,1036.66,1347.26,C2,Oliver Smith,Delayed,10,Yes,Passed,6
TXN104250,18-02-2026,Leeds Fulfillment,Manchester,Pharma,Bandages,London Trade Corp,BATCH-8705,Inbound,773,695,35,2,262.25,416.36,C2,George Brown,On Time,3,Yes,Passed,1
TXN104251,03-03-2025,Leeds Fulfillment,Leeds,Pharma,Bandages,Prime Wholesale UK,BATCH-7758,Inbound,867,24,21,19,645.9,966.41,C1,Jack Taylor,Delayed,7,Yes,Passed,9
TXN104252,06-06-2025,Glasgow Warehouse,Newcastle,Electronics,Smartphone,London Trade Corp,BATCH-5216,Outbound,113,30,14,13,1118.51,1309.39,B1,Noah Wilson,Delayed,10,No,Failed,11
TXN104253,24-05-2025,London Central Hub,Newcastle,Home Appliances,Air Fryer,ASDA Distribution,BATCH-6314,Outbound,178,169,20,11,8.66,14.49,A1,George Brown,On Time,3,Yes,Passed,19
TXN104254,11-10-2025,Leeds Fulfillment,Glasgow,Grocery,Coffee,London Trade Corp,BATCH-8443,Inbound,469,224,10,19,543.51,737.34,D1,Noah Wilson,Slightly Delayed,5,No,Passed,16
TXN104255,07-01-2026,Birmingham Distribution,Bristol,Pharma,Cough Syrup,Prime Wholesale UK,BATCH-9824,Inbound,726,28,3,4,303.31,500.42,D1,Amelia Clark,Delayed,10,Yes,Passed,18
TXN104256,28-01-2025,Leeds Fulfillment,Liverpool,Home Appliances,Vacuum Cleaner,Britannia Pharma,BATCH-2886,Inbound,951,544,20,19,34.6,39.06,B1,Noah Wilson,On Time,3,Yes,Passed,3
TXN104257,03-11-2025,Bristol Supply Hub,Leeds,Grocery,Rice Pack,Northern Supply Chain,BATCH-7980,Outbound,809,132,4,7,170.74,301.05,D1,Emily Harris,Slightly Delayed,4,Yes,Passed,8
TXN104258,28-03-2025,Manchester Storage,London,Home Appliances,Mixer,Britannia Pharma,BATCH-4155,Outbound,940,384,15,18,1195.32,1994.49,A1,Charlie Davies,On Time,3,No,Failed,18
TXN104259,21-01-2026,Leeds Fulfillment,Birmingham,Electronics,Smartphone,ASDA Distribution,BATCH-2246,Inbound,827,263,26,9,840.15,1073.86,D1,Emily Harris,Delayed,7,Yes,Passed,19
TXN104260,20-03-2026,Newcastle Depot,Manchester,Home Appliances,Mixer,Tesco Supply Ltd,BATCH-5214,Inbound,418,126,40,1,279.03,386.98,C1,Jack Taylor,On Time,2,No,Passed,8
TXN104261,02-05-2026,Leeds Fulfillment,Newcastle,Fashion,Jeans,Tesco Supply Ltd,BATCH-6548,Outbound,594,592,37,4,173.35,228.14,B2,Charlie Davies,On Time,2,Yes,Passed,10
TXN104262,19-04-2026,London Central Hub,Bristol,Pharma,Paracetamol,Sainsbury Logistics,BATCH-2681,Outbound,491,144,6,16,724.63,878.24,B2,Oliver Smith,Delayed,8,Yes,Passed,10
TXN104263,01-02-2026,Newcastle Depot,London,Electronics,Monitor,UK Retail Goods,BATCH-4838,Inbound,776,515,18,16,1111.74,1711.2,B2,Noah Wilson,On Time,2,No,Failed,11
TXN104264,09-11-2025,Leeds Fulfillment,Leeds,Home Appliances,Mixer,London Trade Corp,BATCH-8580,Inbound,844,240,0,3,1008.5,1172.68,A2,Noah Wilson,On Time,1,No,Passed,3
TXN104265,01-03-2026,Glasgow Warehouse,Liverpool,Electronics,Tablet,Northern Supply Chain,BATCH-2256,Inbound,930,630,1,13,145.07,199.01,D1,Emily Harris,On Time,2,Yes,Passed,14
TXN104266,10-03-2026,Manchester Storage,Newcastle,Fashion,Handbag,Prime Wholesale UK,BATCH-4975,Inbound,436,266,0,5,392.55,577.13,D1,Charlie Davies,On Time,2,No,Passed,17
TXN104267,15-02-2026,Liverpool Logistics,Manchester,Electronics,Laptop,London Trade Corp,BATCH-7086,Inbound,854,372,8,16,714.01,816.75,C2,Amelia Clark,Delayed,9,No,Passed,12
TXN104268,12-04-2026,Bristol Supply Hub,Manchester,Fashion,Handbag,ASDA Distribution,BATCH-6862,Inbound,499,332,0,10,1080.74,1416.35,C1,Oliver Smith,On Time,2,No,Passed,4
TXN104269,19-10-2025,Newcastle Depot,Bristol,Pharma,Vitamin Tablets,Northern Supply Chain,BATCH-1166,Inbound,484,451,38,19,496.81,874.85,D2,George Brown,Delayed,7,Yes,Failed,12
TXN104270,10-12-2025,Newcastle Depot,London,Electronics,Smartphone,UK Retail Goods,BATCH-4849,Outbound,167,82,31,18,1039.2,1610.53,A2,Oliver Smith,Slightly Delayed,5,Yes,Passed,2
TXN104271,24-04-2025,Newcastle Depot,Leeds,Electronics,Laptop,Tesco Supply Ltd,BATCH-9257,Inbound,428,202,31,20,1035.88,1178.81,C1,Charlie Davies,Delayed,9,No,Passed,0
TXN104272,19-03-2025,Birmingham Distribution,Liverpool,Home Appliances,Microwave,UK Retail Goods,BATCH-6693,Outbound,992,256,9,0,147.57,182.66,A1,Noah Wilson,On Time,1,No,Passed,14
TXN104273,17-11-2025,Manchester Storage,Birmingham,Electronics,Tablet,ASDA Distribution,BATCH-7389,Outbound,926,223,35,8,1157.77,1477.72,D2,Noah Wilson,On Time,3,No,Passed,2
TXN104274,29-07-2025,Manchester Storage,Birmingham,Pharma,Cough Syrup,Britannia Pharma,BATCH-4428,Outbound,630,409,3,12,522.94,739.11,D1,Noah Wilson,Delayed,7,No,Passed,16
TXN104275,25-09-2025,London Central Hub,Glasgow,Pharma,Cough Syrup,UK Retail Goods,BATCH-3424,Outbound,657,486,21,3,824.89,1390.43,D2,Noah Wilson,Delayed,10,No,Passed,1
TXN104276,24-02-2026,London Central Hub,Glasgow,Fashion,Jeans,Sainsbury Logistics,BATCH-9182,Inbound,808,80,4,14,1005.03,1532.65,B2,George Brown,On Time,3,No,Passed,19
TXN104277,23-12-2025,Bristol Supply Hub,Glasgow,Fashion,Handbag,ASDA Distribution,BATCH-6138,Inbound,285,154,20,3,95.29,161.2,B2,George Brown,On Time,2,Yes,Passed,5
TXN104278,04-01-2026,Bristol Supply Hub,London,Fashion,Jeans,London Trade Corp,BATCH-3462,Inbound,679,221,24,10,615.57,775.99,C1,George Brown,Slightly Delayed,5,No,Failed,4
TXN104279,01-07-2025,Leeds Fulfillment,London,Fashion,T-Shirt,Britannia Pharma,BATCH-9432,Outbound,747,635,4,6,963.37,1397.59,A2,George Brown,On Time,2,Yes,Passed,20
TXN104280,27-12-2025,London Central Hub,Bristol,Fashion,Handbag,ASDA Distribution,BATCH-9527,Outbound,56,51,25,13,123.21,166.8,A1,Oliver Smith,Slightly Delayed,6,Yes,Passed,6
TXN104281,21-07-2025,Liverpool Logistics,Bristol,Fashion,Sneakers,Britannia Pharma,BATCH-8303,Inbound,120,38,11,0,80.78,100.29,C2,Charlie Davies,Delayed,8,No,Passed,17
TXN104282,12-06-2025,Glasgow Warehouse,Leeds,Pharma,Vitamin Tablets,ASDA Distribution,BATCH-5276,Inbound,880,123,10,4,616.88,1091.25,A1,Harry Johnson,Delayed,9,No,Passed,5
TXN104283,01-07-2025,London Central Hub,Leeds,Fashion,T-Shirt,UK Retail Goods,BATCH-1376,Inbound,985,258,25,6,1075.67,1428.73,C1,Charlie Davies,On Time,2,Yes,Passed,2
TXN104284,12-08-2025,Newcastle Depot,Manchester,Electronics,Laptop,UK Retail Goods,BATCH-6650,Outbound,224,102,39,1,357.49,486.34,A2,Jack Taylor,Delayed,8,No,Passed,18
TXN104285,09-11-2025,Birmingham Distribution,Newcastle,Electronics,Monitor,Sainsbury Logistics,BATCH-5981,Inbound,203,150,19,15,988.71,1187.18,D2,Noah Wilson,On Time,2,Yes,Failed,7
TXN104286,05-02-2025,Glasgow Warehouse,Birmingham,Grocery,Rice Pack,Sainsbury Logistics,BATCH-1074,Inbound,483,206,22,19,1107.2,1836.55,B1,Emily Harris,Delayed,7,No,Passed,3
TXN104287,26-06-2025,Glasgow Warehouse,Manchester,Fashion,T-Shirt,Prime Wholesale UK,BATCH-3978,Outbound,732,48,2,2,976.61,1439.26,B2,Noah Wilson,Delayed,9,Yes,Passed,2
TXN104288,25-11-2025,Leeds Fulfillment,London,Home Appliances,Air Fryer,Northern Supply Chain,BATCH-1394,Outbound,613,271,23,9,45.27,54.18,D1,Jack Taylor,Slightly Delayed,6,Yes,Passed,4
TXN104289,05-02-2025,Birmingham Distribution,Newcastle,Home Appliances,Mixer,London Trade Corp,BATCH-1051,Outbound,100,85,35,19,407.53,451.2,B2,Amelia Clark,Delayed,10,Yes,Passed,4
TXN104290,13-06-2025,Manchester Storage,Birmingham,Home Appliances,Vacuum Cleaner,UK Retail Goods,BATCH-6179,Outbound,936,806,10,10,19.54,24.84,C1,George Brown,Delayed,7,Yes,Failed,18
TXN104291,01-02-2026,Birmingham Distribution,Leeds,Pharma,Paracetamol,London Trade Corp,BATCH-9184,Outbound,586,299,18,8,1174.17,1876.65,B1,Emily Harris,On Time,3,Yes,Passed,24
TXN104292,18-01-2025,Birmingham Distribution,Liverpool,Electronics,Tablet,Tesco Supply Ltd,BATCH-8500,Outbound,974,705,39,5,991.93,1152.2,B2,Charlie Davies,Delayed,9,No,Passed,5
TXN104293,27-03-2026,Newcastle Depot,Liverpool,Home Appliances,Mixer,UK Retail Goods,BATCH-8190,Outbound,288,89,5,13,404.42,720.52,A2,Oliver Smith,Slightly Delayed,6,No,Passed,4
TXN104294,16-05-2026,Birmingham Distribution,Leeds,Fashion,T-Shirt,Northern Supply Chain,BATCH-1440,Outbound,724,590,31,13,758.09,1344.64,D2,Oliver Smith,Delayed,10,No,Passed,0
TXN104295,22-07-2025,Birmingham Distribution,Glasgow,Grocery,Rice Pack,ASDA Distribution,BATCH-8512,Inbound,147,55,21,0,865.23,1175.76,B1,Jack Taylor,Slightly Delayed,4,No,Passed,20
TXN104296,08-05-2026,Leeds Fulfillment,Liverpool,Pharma,Vitamin Tablets,Sainsbury Logistics,BATCH-3157,Inbound,434,252,16,13,683.29,1187.98,B2,Emily Harris,Slightly Delayed,4,Yes,Passed,2
TXN104297,05-06-2025,London Central Hub,London,Grocery,Rice Pack,Tesco Supply Ltd,BATCH-5479,Outbound,239,192,31,6,227.88,375.48,B2,Jack Taylor,Slightly Delayed,5,No,Passed,8
TXN104298,20-03-2025,Leeds Fulfillment,Liverpool,Fashion,Jeans,UK Retail Goods,BATCH-5298,Outbound,890,193,31,19,1013.02,1469.06,D2,George Brown,Delayed,8,Yes,Passed,8
TXN104299,23-02-2026,Glasgow Warehouse,Leeds,Home Appliances,Microwave,Britannia Pharma,BATCH-3666,Outbound,343,142,31,12,1092.13,1312.76,C2,Amelia Clark,Delayed,9,No,Passed,11
TXN104300,25-04-2026,Newcastle Depot,Manchester,Home Appliances,Air Fryer,Tesco Supply Ltd,BATCH-7912,Inbound,494,415,40,18,304.08,357.13,B2,Charlie Davies,Slightly Delayed,4,Yes,Passed,12
TXN104301,04-03-2026,Bristol Supply Hub,Leeds,Home Appliances,Vacuum Cleaner,London Trade Corp,BATCH-7541,Outbound,833,130,32,5,807.4,1037.29,C2,Amelia Clark,Slightly Delayed,5,No,Passed,0
TXN104302,09-01-2026,Bristol Supply Hub,Manchester,Grocery,Rice Pack,Sainsbury Logistics,BATCH-8542,Inbound,555,456,9,8,959.8,1265.81,C1,Charlie Davies,Slightly Delayed,4,No,Passed,25
TXN104303,14-06-2025,Glasgow Warehouse,Liverpool,Home Appliances,Microwave,Prime Wholesale UK,BATCH-1658,Outbound,689,325,4,17,350.25,458.4,D2,Charlie Davies,Delayed,7,No,Passed,19
TXN104304,30-03-2025,Glasgow Warehouse,Manchester,Pharma,Paracetamol,London Trade Corp,BATCH-8185,Outbound,388,282,29,9,329.4,390.52,A2,Harry Johnson,On Time,1,No,Passed,22
TXN104305,14-08-2025,Manchester Storage,Glasgow,Pharma,Cough Syrup,Prime Wholesale UK,BATCH-5566,Inbound,55,53,38,3,375.53,429.26,A1,Jack Taylor,Delayed,9,No,Passed,24
TXN104306,24-03-2025,London Central Hub,Liverpool,Home Appliances,Mixer,Britannia Pharma,BATCH-3151,Outbound,587,33,9,12,983.69,1583.65,C1,Emily Harris,On Time,3,No,Passed,14
TXN104307,04-03-2026,Liverpool Logistics,Newcastle,Pharma,Vitamin Tablets,Sainsbury Logistics,BATCH-6171,Inbound,218,149,4,11,408.3,539.52,A1,Jack Taylor,On Time,3,Yes,Passed,1
TXN104308,09-07-2025,Newcastle Depot,Birmingham,Electronics,Monitor,Britannia Pharma,BATCH-7397,Outbound,108,56,8,13,1029.74,1672.28,C2,Emily Harris,Delayed,8,No,Passed,0
TXN104309,04-07-2025,Birmingham Distribution,Manchester,Pharma,Paracetamol,ASDA Distribution,BATCH-5161,Inbound,724,349,30,11,717.06,1240.29,C2,Jack Taylor,Delayed,8,No,Passed,13
TXN104310,07-07-2025,Liverpool Logistics,London,Pharma,Vitamin Tablets,Prime Wholesale UK,BATCH-7314,Inbound,644,103,34,18,1187.84,1606.67,A1,Charlie Davies,On Time,1,No,Passed,4
TXN104311,20-01-2026,Leeds Fulfillment,Bristol,Fashion,Jacket,Sainsbury Logistics,BATCH-8383,Outbound,194,91,17,4,848.81,989.01,B2,Amelia Clark,Slightly Delayed,4,No,Failed,17
TXN104312,27-04-2025,Glasgow Warehouse,London,Pharma,Paracetamol,Britannia Pharma,BATCH-6021,Inbound,503,31,4,7,1133.28,1486.51,C2,Emily Harris,On Time,3,Yes,Passed,1
TXN104313,12-05-2025,Glasgow Warehouse,Bristol,Fashion,Jeans,Tesco Supply Ltd,BATCH-5783,Outbound,83,24,9,0,140.38,164.51,A1,George Brown,On Time,1,Yes,Passed,10
TXN104314,22-06-2025,Manchester Storage,Newcastle,Electronics,Keyboard,Sainsbury Logistics,BATCH-9459,Inbound,221,195,1,3,130.6,193.2,D2,Oliver Smith,Slightly Delayed,6,Yes,Passed,22
TXN104315,21-04-2026,London Central Hub,Birmingham,Fashion,Jacket,Prime Wholesale UK,BATCH-2797,Inbound,182,115,36,4,922.09,1389.01,A1,Harry Johnson,Delayed,7,Yes,Passed,1
TXN104316,17-01-2026,Glasgow Warehouse,Manchester,Home Appliances,Microwave,UK Retail Goods,BATCH-5542,Outbound,647,378,9,10,1105.4,1246.04,D2,Amelia Clark,On Time,1,No,Passed,18
TXN104317,20-11-2025,Bristol Supply Hub,Manchester,Pharma,Bandages,Northern Supply Chain,BATCH-5229,Outbound,567,484,39,4,466.85,759.14,D1,Amelia Clark,Delayed,10,Yes,Passed,5
TXN104318,25-02-2026,Newcastle Depot,Bristol,Fashion,T-Shirt,Sainsbury Logistics,BATCH-5796,Outbound,278,61,32,17,167.1,296.69,C1,Charlie Davies,Delayed,9,Yes,Passed,12
TXN104319,24-01-2026,Birmingham Distribution,Leeds,Fashion,Jeans,Tesco Supply Ltd,BATCH-6670,Outbound,486,134,21,14,941.13,1230.5,A2,Amelia Clark,Delayed,9,Yes,Passed,24
TXN104320,02-04-2025,London Central Hub,Liverpool,Grocery,Rice Pack,Sainsbury Logistics,BATCH-8380,Inbound,947,291,11,3,805.0,1318.96,C2,Charlie Davies,Delayed,8,No,Passed,8
TXN104321,06-05-2026,Glasgow Warehouse,Birmingham,Electronics,Tablet,Tesco Supply Ltd,BATCH-8806,Inbound,546,322,5,5,303.77,367.29,C1,George Brown,On Time,1,No,Passed,21
TXN104322,17-11-2025,Glasgow Warehouse,Birmingham,Fashion,Jacket,London Trade Corp,BATCH-3398,Outbound,744,270,24,20,563.17,1012.07,A1,Noah Wilson,Slightly Delayed,5,Yes,Failed,4
TXN104323,20-02-2026,Birmingham Distribution,Manchester,Electronics,Laptop,ASDA Distribution,BATCH-8802,Outbound,282,106,30,19,480.15,641.87,A1,Oliver Smith,Delayed,10,Yes,Passed,16
TXN104324,09-06-2025,Manchester Storage,Bristol,Electronics,Laptop,Prime Wholesale UK,BATCH-1354,Inbound,377,308,13,19,30.41,38.69,A2,Jack Taylor,Delayed,7,Yes,Passed,25
TXN104325,24-08-2025,Glasgow Warehouse,London,Home Appliances,Mixer,Sainsbury Logistics,BATCH-2999,Inbound,865,498,32,6,334.64,391.64,C2,Noah Wilson,Delayed,8,Yes,Passed,20
TXN104326,16-02-2025,Liverpool Logistics,Leeds,Fashion,Jacket,ASDA Distribution,BATCH-2926,Outbound,934,543,17,6,611.91,736.38,B1,Emily Harris,Delayed,10,No,Passed,5
TXN104327,12-04-2025,Manchester Storage,Glasgow,Home Appliances,Vacuum Cleaner,Northern Supply Chain,BATCH-6722,Outbound,286,62,29,11,521.71,599.48,C1,Harry Johnson,Delayed,7,No,Failed,17
TXN104328,05-04-2025,Manchester Storage,Bristol,Electronics,Keyboard,Britannia Pharma,BATCH-1470,Inbound,617,370,21,15,474.55,608.95,B2,Emily Harris,Delayed,7,Yes,Passed,18
TXN104329,11-11-2025,Bristol Supply Hub,London,Grocery,Rice Pack,UK Retail Goods,BATCH-8776,Outbound,787,293,23,14,1161.34,1504.41,A1,Charlie Davies,On Time,3,No,Failed,4
TXN104330,30-03-2025,Newcastle Depot,Newcastle,Pharma,Vitamin Tablets,Sainsbury Logistics,BATCH-9846,Outbound,135,80,40,0,1144.12,1653.67,B1,Amelia Clark,Delayed,8,No,Passed,0
TXN104331,11-08-2025,Glasgow Warehouse,Liverpool,Electronics,Tablet,Northern Supply Chain,BATCH-9034,Inbound,130,115,10,6,450.8,585.3,B2,George Brown,Slightly Delayed,4,Yes,Passed,18
TXN104332,20-04-2025,Liverpool Logistics,Manchester,Pharma,Vitamin Tablets,London Trade Corp,BATCH-2301,Inbound,55,29,4,10,407.25,547.33,C2,Harry Johnson,On Time,3,No,Failed,1
TXN104333,24-10-2025,Newcastle Depot,London,Fashion,Handbag,London Trade Corp,BATCH-1795,Inbound,543,148,10,16,1132.14,1284.64,A1,Noah Wilson,Delayed,9,Yes,Passed,3
TXN104334,27-04-2025,Bristol Supply Hub,Manchester,Grocery,Cooking Oil,Sainsbury Logistics,BATCH-7585,Inbound,964,52,14,12,31.17,42.91,D2,George Brown,Slightly Delayed,4,Yes,Passed,15
TXN104335,27-02-2025,Liverpool Logistics,Manchester,Home Appliances,Vacuum Cleaner,UK Retail Goods,BATCH-8252,Inbound,761,313,18,13,728.69,1111.19,C1,Jack Taylor,Delayed,10,No,Passed,0
TXN104336,21-12-2025,Birmingham Distribution,London,Electronics,Monitor,Sainsbury Logistics,BATCH-8956,Inbound,638,103,38,8,705.6,882.69,A1,Jack Taylor,Delayed,10,No,Passed,16
TXN104337,20-02-2025,Manchester Storage,Bristol,Electronics,Smartphone,Prime Wholesale UK,BATCH-1455,Outbound,380,43,6,9,1108.78,1435.41,A2,George Brown,On Time,1,Yes,Passed,1
TXN104338,17-01-2026,Glasgow Warehouse,Liverpool,Fashion,Sneakers,Prime Wholesale UK,BATCH-6698,Outbound,301,184,12,11,913.83,1619.45,C1,Harry Johnson,On Time,3,Yes,Passed,20
TXN104339,21-06-2025,Bristol Supply Hub,Manchester,Home Appliances,Vacuum Cleaner,Britannia Pharma,BATCH-7640,Outbound,443,425,19,5,369.86,427.98,C2,Jack Taylor,Delayed,9,No,Failed,7
TXN104340,23-04-2026,Leeds Fulfillment,Birmingham,Home Appliances,Vacuum Cleaner,Northern Supply Chain,BATCH-3122,Inbound,714,35,5,13,147.1,180.19,A2,Charlie Davies,Delayed,8,Yes,Passed,14
TXN104341,27-02-2025,Bristol Supply Hub,Newcastle,Electronics,Monitor,London Trade Corp,BATCH-4430,Inbound,594,149,13,4,930.2,1100.05,A2,Charlie Davies,Delayed,8,No,Passed,1
TXN104342,16-03-2025,Bristol Supply Hub,Newcastle,Pharma,Cough Syrup,ASDA Distribution,BATCH-9382,Inbound,508,397,2,3,333.98,559.89,C1,Jack Taylor,On Time,1,Yes,Passed,8
TXN104343,17-05-2025,Leeds Fulfillment,Birmingham,Grocery,Cereal,Prime Wholesale UK,BATCH-7657,Outbound,280,85,16,5,1183.57,1336.09,D1,Jack Taylor,Slightly Delayed,6,Yes,Passed,13
TXN104344,13-02-2025,Newcastle Depot,Leeds,Grocery,Cooking Oil,ASDA Distribution,BATCH-6088,Inbound,778,234,7,6,193.59,269.26,C2,Charlie Davies,On Time,3,Yes,Failed,13
TXN104345,29-10-2025,Leeds Fulfillment,Bristol,Grocery,Cereal,ASDA Distribution,BATCH-8549,Outbound,529,259,9,19,87.2,103.47,D1,Jack Taylor,Delayed,7,No,Passed,20
TXN104346,13-09-2025,London Central Hub,Leeds,Home Appliances,Vacuum Cleaner,Northern Supply Chain,BATCH-5506,Inbound,107,80,37,10,874.64,1483.3,D2,Harry Johnson,On Time,1,No,Passed,6
TXN104347,23-02-2025,Bristol Supply Hub,Newcastle,Electronics,Tablet,Britannia Pharma,BATCH-4699,Inbound,548,447,12,3,586.89,1055.9,B1,Harry Johnson,Delayed,9,Yes,Failed,14
TXN104348,21-03-2026,Manchester Storage,Newcastle,Grocery,Coffee,Britannia Pharma,BATCH-2337,Outbound,627,448,29,7,1167.57,1827.68,C1,Emily Harris,Slightly Delayed,6,No,Passed,23
TXN104349,23-02-2025,Bristol Supply Hub,Manchester,Fashion,Jacket,Britannia Pharma,BATCH-3487,Inbound,908,641,6,10,564.57,893.39,B2,Jack Taylor,Slightly Delayed,5,Yes,Passed,22
TXN104350,08-05-2025,Liverpool Logistics,Leeds,Home Appliances,Vacuum Cleaner,Sainsbury Logistics,BATCH-3455,Inbound,111,99,28,16,605.8,1087.46,B2,George Brown,On Time,3,No,Passed,17
TXN104351,18-07-2025,Liverpool Logistics,Leeds,Fashion,Handbag,Prime Wholesale UK,BATCH-6845,Outbound,725,529,13,5,396.75,691.87,B2,Jack Taylor,Delayed,10,No,Passed,7
TXN104352,07-02-2025,London Central Hub,Manchester,Grocery,Cereal,Prime Wholesale UK,BATCH-2218,Outbound,94,32,38,8,810.76,1242.78,C1,Jack Taylor,Slightly Delayed,6,No,Passed,1
TXN104353,12-10-2025,Bristol Supply Hub,Liverpool,Pharma,Vitamin Tablets,Prime Wholesale UK,BATCH-5645,Inbound,750,414,8,7,520.27,577.33,D1,Charlie Davies,Delayed,7,No,Passed,8
TXN104354,03-10-2025,Bristol Supply Hub,Bristol,Fashion,Sneakers,London Trade Corp,BATCH-5603,Outbound,868,161,4,10,1040.0,1784.49,C1,Noah Wilson,Slightly Delayed,5,No,Passed,21
TXN104355,04-01-2026,Glasgow Warehouse,Birmingham,Home Appliances,Vacuum Cleaner,Sainsbury Logistics,BATCH-7726,Inbound,54,48,0,0,341.04,472.9,B1,Jack Taylor,On Time,1,No,Failed,3
TXN104356,02-02-2025,Manchester Storage,Newcastle,Grocery,Rice Pack,Tesco Supply Ltd,BATCH-7526,Outbound,388,102,0,12,325.02,363.44,B2,Charlie Davies,Delayed,10,No,Passed,16
TXN104357,16-05-2025,Manchester Storage,Glasgow,Home Appliances,Mixer,London Trade Corp,BATCH-9750,Inbound,771,690,1,5,945.13,1097.4,D1,Emily Harris,On Time,2,Yes,Passed,16
TXN104358,10-04-2025,Liverpool Logistics,Birmingham,Grocery,Cooking Oil,Prime Wholesale UK,BATCH-8709,Inbound,665,619,29,0,1007.89,1314.83,B2,Amelia Clark,Delayed,9,Yes,Passed,25
TXN104359,12-06-2025,Newcastle Depot,Glasgow,Home Appliances,Vacuum Cleaner,Sainsbury Logistics,BATCH-7648,Outbound,203,149,32,20,876.89,1174.23,B2,Emily Harris,On Time,3,No,Passed,22
TXN104360,16-02-2025,Manchester Storage,Bristol,Home Appliances,Air Fryer,Britannia Pharma,BATCH-6454,Inbound,801,365,8,10,368.29,430.93,D1,Noah Wilson,Delayed,8,No,Passed,22
TXN104361,06-07-2025,Leeds Fulfillment,London,Home Appliances,Microwave,Britannia Pharma,BATCH-6511,Inbound,718,340,39,1,394.31,492.02,A2,Jack Taylor,Delayed,8,Yes,Passed,0
TXN104362,29-06-2025,Leeds Fulfillment,Newcastle,Electronics,Laptop,ASDA Distribution,BATCH-4283,Outbound,615,567,29,20,205.38,308.02,B2,George Brown,On Time,1,No,Failed,22
TXN104363,03-01-2026,Leeds Fulfillment,Newcastle,Fashion,T-Shirt,UK Retail Goods,BATCH-2782,Inbound,652,402,39,16,90.07,132.49,C2,Jack Taylor,Delayed,8,No,Passed,1
TXN104364,31-01-2025,Birmingham Distribution,Bristol,Fashion,Sneakers,Prime Wholesale UK,BATCH-5096,Inbound,147,95,36,20,957.62,1334.54,D1,Oliver Smith,Slightly Delayed,5,No,Passed,7
TXN104365,30-09-2025,Glasgow Warehouse,Glasgow,Electronics,Keyboard,Northern Supply Chain,BATCH-7891,Inbound,995,911,33,11,59.11,76.17,B1,George Brown,Delayed,8,No,Passed,1
TXN104366,13-07-2025,London Central Hub,Newcastle,Home Appliances,Vacuum Cleaner,Tesco Supply Ltd,BATCH-5176,Outbound,618,482,8,14,768.15,1000.87,A2,Amelia Clark,On Time,1,Yes,Passed,15
TXN104367,01-04-2026,Birmingham Distribution,London,Grocery,Rice Pack,London Trade Corp,BATCH-1760,Inbound,879,174,30,11,772.27,1118.11,A1,Jack Taylor,Slightly Delayed,5,Yes,Passed,12
TXN104368,15-05-2025,Birmingham Distribution,Birmingham,Pharma,Bandages,UK Retail Goods,BATCH-4473,Outbound,812,21,31,10,338.29,566.18,A1,Amelia Clark,Slightly Delayed,6,No,Passed,6
TXN104369,19-03-2026,Glasgow Warehouse,Bristol,Pharma,Bandages,ASDA Distribution,BATCH-8398,Inbound,187,169,27,18,826.77,1036.05,C2,Jack Taylor,On Time,2,Yes,Passed,17
TXN104370,09-05-2025,Birmingham Distribution,Glasgow,Home Appliances,Vacuum Cleaner,Britannia Pharma,BATCH-8925,Inbound,492,156,38,20,971.72,1697.08,C1,Amelia Clark,Delayed,10,Yes,Passed,6
TXN104371,09-04-2025,Leeds Fulfillment,Liverpool,Electronics,Tablet,Northern Supply Chain,BATCH-7733,Outbound,359,193,34,9,998.94,1509.29,C1,Emily Harris,Slightly Delayed,5,Yes,Passed,10
TXN104372,12-08-2025,Newcastle Depot,London,Pharma,Bandages,Prime Wholesale UK,BATCH-3027,Inbound,149,122,7,7,901.59,1543.21,A1,Oliver Smith,On Time,1,Yes,Passed,21
TXN104373,06-05-2026,Bristol Supply Hub,Glasgow,Home Appliances,Air Fryer,UK Retail Goods,BATCH-7078,Inbound,593,347,10,15,834.29,1340.52,D2,Harry Johnson,Slightly Delayed,5,No,Passed,3
TXN104374,16-08-2025,Bristol Supply Hub,Manchester,Electronics,Keyboard,UK Retail Goods,BATCH-3059,Inbound,571,150,9,2,1122.27,1992.02,A1,Oliver Smith,On Time,2,Yes,Passed,19
TXN104375,01-07-2025,Liverpool Logistics,Leeds,Pharma,Cough Syrup,Northern Supply Chain,BATCH-8271,Inbound,997,24,33,20,830.91,1189.56,C2,Emily Harris,Delayed,10,No,Passed,6
TXN104376,17-02-2026,London Central Hub,Leeds,Fashion,Sneakers,Britannia Pharma,BATCH-7428,Inbound,165,92,3,5,223.94,341.03,A1,George Brown,Delayed,7,Yes,Failed,25
TXN104377,07-02-2025,Manchester Storage,Glasgow,Grocery,Cereal,ASDA Distribution,BATCH-8889,Outbound,563,319,12,15,565.96,672.25,B2,Oliver Smith,On Time,2,No,Passed,5
TXN104378,11-04-2026,Birmingham Distribution,Glasgow,Electronics,Smartphone,Tesco Supply Ltd,BATCH-7800,Inbound,562,434,34,3,659.72,750.38,B1,Harry Johnson,Slightly Delayed,5,No,Passed,22
TXN104379,12-02-2025,Newcastle Depot,London,Pharma,Cough Syrup,Britannia Pharma,BATCH-2281,Inbound,726,663,26,20,672.23,1099.58,C2,Harry Johnson,Slightly Delayed,4,No,Passed,22
TXN104380,10-03-2026,Birmingham Distribution,Leeds,Fashion,Handbag,Northern Supply Chain,BATCH-5104,Inbound,396,180,12,19,167.34,194.13,D2,Oliver Smith,On Time,2,No,Passed,1
TXN104381,03-04-2025,Manchester Storage,London,Fashion,T-Shirt,Sainsbury Logistics,BATCH-2925,Outbound,290,31,36,17,1123.13,1721.84,B1,Noah Wilson,On Time,3,No,Passed,21
TXN104382,19-06-2025,Manchester Storage,Newcastle,Home Appliances,Microwave,Prime Wholesale UK,BATCH-2520,Outbound,947,145,29,3,681.64,809.53,A1,Amelia Clark,On Time,3,No,Passed,3
TXN104383,07-04-2026,Leeds Fulfillment,Newcastle,Home Appliances,Air Fryer,Tesco Supply Ltd,BATCH-4332,Outbound,762,529,14,4,33.82,46.56,C1,Jack Taylor,Delayed,8,No,Failed,15
TXN104384,12-12-2025,Birmingham Distribution,Liverpool,Fashion,T-Shirt,Sainsbury Logistics,BATCH-3908,Inbound,494,366,13,3,899.34,1065.03,C1,Emily Harris,Slightly Delayed,4,Yes,Passed,25
TXN104385,18-04-2025,Glasgow Warehouse,Bristol,Electronics,Laptop,Tesco Supply Ltd,BATCH-2034,Inbound,410,35,27,14,142.5,239.66,D2,Noah Wilson,Delayed,7,No,Passed,17
TXN104386,14-01-2026,Bristol Supply Hub,Liverpool,Grocery,Cereal,Tesco Supply Ltd,BATCH-6872,Outbound,98,55,23,0,1063.33,1536.02,B1,Charlie Davies,On Time,3,No,Passed,4
TXN104387,22-09-2025,Glasgow Warehouse,Liverpool,Grocery,Cooking Oil,ASDA Distribution,BATCH-8023,Inbound,538,44,37,3,1140.88,1503.2,C1,Amelia Clark,Delayed,9,Yes,Passed,19
TXN104388,01-11-2025,Newcastle Depot,Glasgow,Electronics,Tablet,Tesco Supply Ltd,BATCH-5845,Outbound,259,22,31,14,209.67,287.98,B2,George Brown,On Time,3,Yes,Passed,9
TXN104389,16-11-2025,Glasgow Warehouse,Liverpool,Home Appliances,Microwave,Prime Wholesale UK,BATCH-3536,Outbound,877,712,32,1,171.75,228.23,A2,Oliver Smith,Delayed,7,No,Passed,13
TXN104390,23-04-2026,Glasgow Warehouse,Glasgow,Pharma,Paracetamol,UK Retail Goods,BATCH-5592,Outbound,525,106,34,17,390.57,530.61,B2,Jack Taylor,On Time,2,No,Passed,5
TXN104391,15-04-2026,London Central Hub,Glasgow,Grocery,Cereal,London Trade Corp,BATCH-8575,Outbound,808,394,10,3,355.21,606.9,B1,George Brown,On Time,2,Yes,Passed,25
TXN104392,11-11-2025,Liverpool Logistics,Bristol,Pharma,Paracetamol,London Trade Corp,BATCH-2884,Outbound,301,94,19,5,499.55,867.77,D1,Charlie Davies,Delayed,9,No,Passed,11
TXN104393,09-01-2026,Leeds Fulfillment,Manchester,Fashion,Jacket,Prime Wholesale UK,BATCH-7474,Outbound,281,198,25,12,151.34,218.69,D2,Oliver Smith,Delayed,10,No,Passed,14
TXN104394,01-12-2025,Liverpool Logistics,Newcastle,Home Appliances,Microwave,Tesco Supply Ltd,BATCH-3895,Inbound,645,118,11,0,64.56,76.89,D1,Emily Harris,Delayed,9,Yes,Passed,18
TXN104395,22-04-2025,Liverpool Logistics,Liverpool,Electronics,Tablet,Prime Wholesale UK,BATCH-9040,Inbound,974,742,27,13,841.16,989.87,B2,Oliver Smith,Delayed,8,Yes,Passed,20
TXN104396,10-08-2025,Manchester Storage,Newcastle,Fashion,Jacket,UK Retail Goods,BATCH-7886,Inbound,731,382,5,6,1050.04,1822.86,D2,Amelia Clark,On Time,3,Yes,Passed,15
TXN104397,15-04-2026,Leeds Fulfillment,Manchester,Pharma,Vitamin Tablets,Northern Supply Chain,BATCH-5661,Outbound,98,89,25,1,49.87,58.4,D2,Amelia Clark,On Time,2,Yes,Passed,8
TXN104398,28-12-2025,Newcastle Depot,Leeds,Home Appliances,Vacuum Cleaner,ASDA Distribution,BATCH-7140,Inbound,185,70,40,2,539.57,830.94,A1,Noah Wilson,Delayed,9,Yes,Passed,9
TXN104399,05-06-2025,Liverpool Logistics,Bristol,Fashion,Sneakers,Northern Supply Chain,BATCH-5663,Outbound,366,284,33,0,954.41,1106.81,A2,Noah Wilson,Delayed,8,No,Passed,8
TXN104400,11-06-2025,Glasgow Warehouse,Glasgow,Home Appliances,Microwave,Northern Supply Chain,BATCH-1088,Outbound,441,170,29,4,428.76,545.57,B1,Noah Wilson,Delayed,7,Yes,Passed,16
TXN104401,02-08-2025,Liverpool Logistics,Manchester,Home Appliances,Vacuum Cleaner,Sainsbury Logistics,BATCH-3296,Outbound,377,75,26,18,151.45,190.72,A1,Noah Wilson,On Time,1,No,Passed,2
TXN104402,14-02-2025,Glasgow Warehouse,Bristol,Grocery,Coffee,Sainsbury Logistics,BATCH-2854,Outbound,679,57,31,1,1034.0,1473.92,A1,Oliver Smith,Slightly Delayed,6,No,Passed,24
TXN104403,03-03-2026,Birmingham Distribution,Newcastle,Home Appliances,Mixer,Britannia Pharma,BATCH-2004,Outbound,248,208,11,19,704.88,814.55,B1,Emily Harris,On Time,2,Yes,Passed,8
TXN104404,19-04-2026,London Central Hub,Glasgow,Pharma,Bandages,Sainsbury Logistics,BATCH-5393,Outbound,413,382,39,17,702.73,1035.6,C2,Oliver Smith,Delayed,10,Yes,Failed,20
TXN104405,27-06-2025,Glasgow Warehouse,Newcastle,Electronics,Monitor,London Trade Corp,BATCH-2184,Inbound,862,262,2,15,1137.07,1913.15,B1,Charlie Davies,Slightly Delayed,4,Yes,Passed,15
TXN104406,11-12-2025,Manchester Storage,London,Fashion,Handbag,Britannia Pharma,BATCH-3148,Inbound,950,548,19,16,175.77,281.19,D2,Harry Johnson,On Time,3,Yes,Passed,2
TXN104407,28-06-2025,Newcastle Depot,Bristol,Pharma,Bandages,Britannia Pharma,BATCH-5714,Inbound,276,133,37,3,630.07,711.26,B1,George Brown,Delayed,8,Yes,Passed,6
TXN104408,31-01-2026,Leeds Fulfillment,London,Electronics,Monitor,Northern Supply Chain,BATCH-5889,Outbound,895,336,10,6,183.01,278.77,A1,Amelia Clark,On Time,2,Yes,Passed,14
TXN104409,13-01-2026,Birmingham Distribution,Birmingham,Grocery,Rice Pack,Sainsbury Logistics,BATCH-5441,Outbound,974,698,13,13,519.2,829.82,B2,George Brown,On Time,2,No,Passed,25
TXN104410,08-07-2025,Manchester Storage,Liverpool,Fashion,Handbag,UK Retail Goods,BATCH-1523,Inbound,501,68,26,19,728.63,1032.79,C2,Harry Johnson,Slightly Delayed,6,Yes,Passed,20
TXN104411,15-01-2026,Leeds Fulfillment,Leeds,Grocery,Rice Pack,UK Retail Goods,BATCH-5902,Inbound,89,30,2,10,664.49,1004.15,C1,Jack Taylor,Delayed,10,Yes,Passed,10
TXN104412,10-04-2025,Newcastle Depot,Glasgow,Fashion,Jacket,Northern Supply Chain,BATCH-6138,Outbound,247,112,19,12,455.26,680.06,A2,Harry Johnson,Delayed,8,Yes,Passed,25
TXN104413,15-03-2025,Leeds Fulfillment,Manchester,Grocery,Cereal,Prime Wholesale UK,BATCH-6786,Inbound,351,351,40,18,10.94,17.76,B1,Emily Harris,On Time,2,Yes,Passed,7
TXN104414,31-07-2025,Newcastle Depot,Glasgow,Home Appliances,Mixer,Prime Wholesale UK,BATCH-8770,Outbound,505,154,22,9,741.89,1331.7,D2,Noah Wilson,Slightly Delayed,6,Yes,Passed,2
TXN104415,06-04-2026,Liverpool Logistics,Newcastle,Home Appliances,Air Fryer,Sainsbury Logistics,BATCH-1891,Inbound,513,474,13,6,849.0,1022.09,C1,Charlie Davies,Slightly Delayed,6,Yes,Passed,25
TXN104416,27-01-2026,Newcastle Depot,Liverpool,Fashion,Sneakers,UK Retail Goods,BATCH-6555,Inbound,415,333,4,10,87.84,154.85,B1,Harry Johnson,Delayed,9,No,Passed,5
TXN104417,08-03-2025,Newcastle Depot,Birmingham,Electronics,Monitor,Sainsbury Logistics,BATCH-5194,Inbound,187,42,39,19,628.91,955.24,B1,Noah Wilson,Delayed,9,No,Passed,8
TXN104418,16-01-2025,Glasgow Warehouse,Liverpool,Grocery,Cereal,Tesco Supply Ltd,BATCH-1061,Outbound,747,78,28,3,213.32,256.31,B1,Noah Wilson,Slightly Delayed,4,Yes,Passed,9
TXN104419,22-03-2026,Newcastle Depot,London,Home Appliances,Microwave,London Trade Corp,BATCH-6532,Outbound,325,151,17,1,1092.0,1278.82,A1,Oliver Smith,Delayed,8,No,Passed,14
TXN104420,27-01-2025,Birmingham Distribution,Liverpool,Grocery,Coffee,UK Retail Goods,BATCH-3299,Inbound,833,177,36,20,1018.84,1339.21,C2,Noah Wilson,Slightly Delayed,4,Yes,Failed,16
TXN104421,29-03-2025,Leeds Fulfillment,Glasgow,Grocery,Cooking Oil,Northern Supply Chain,BATCH-1889,Inbound,299,97,3,2,608.89,973.4,D2,Emily Harris,Delayed,7,Yes,Passed,20
TXN104422,25-02-2026,Newcastle Depot,Leeds,Electronics,Laptop,UK Retail Goods,BATCH-1150,Inbound,278,174,31,20,1009.36,1327.29,B2,George Brown,On Time,3,No,Passed,11
TXN104423,25-11-2025,Newcastle Depot,London,Grocery,Tea Bags,UK Retail Goods,BATCH-9775,Outbound,716,250,5,11,1143.88,1897.23,D2,Emily Harris,Delayed,8,Yes,Failed,20
TXN104424,05-08-2025,London Central Hub,Bristol,Fashion,Jacket,Prime Wholesale UK,BATCH-1234,Inbound,837,229,13,6,977.51,1663.35,B2,Harry Johnson,On Time,1,No,Passed,24
TXN104425,11-08-2025,Birmingham Distribution,Birmingham,Pharma,Paracetamol,Northern Supply Chain,BATCH-6855,Inbound,950,559,6,0,388.07,516.64,B1,Harry Johnson,On Time,2,Yes,Failed,18
TXN104426,23-09-2025,Manchester Storage,Bristol,Home Appliances,Air Fryer,Northern Supply Chain,BATCH-1832,Outbound,369,158,30,2,236.08,297.43,B1,Charlie Davies,On Time,2,Yes,Passed,13
TXN104427,13-09-2025,Newcastle Depot,Manchester,Electronics,Tablet,ASDA Distribution,BATCH-1494,Inbound,729,551,6,16,328.01,464.76,B2,Noah Wilson,Delayed,7,Yes,Passed,0
TXN104428,24-04-2026,Glasgow Warehouse,Manchester,Fashion,T-Shirt,Northern Supply Chain,BATCH-2134,Outbound,234,113,30,6,108.28,164.87,B1,Oliver Smith,Delayed,7,Yes,Failed,0
TXN104429,21-11-2025,Newcastle Depot,Liverpool,Electronics,Tablet,UK Retail Goods,BATCH-9021,Outbound,870,458,27,14,954.65,1684.43,D2,Noah Wilson,On Time,1,Yes,Passed,22
TXN104430,24-09-2025,Newcastle Depot,Liverpool,Pharma,Vitamin Tablets,Sainsbury Logistics,BATCH-6985,Outbound,465,186,30,9,772.11,1031.16,C1,Jack Taylor,Delayed,7,Yes,Passed,7
TXN104431,31-10-2025,Manchester Storage,Manchester,Home Appliances,Air Fryer,Northern Supply Chain,BATCH-9219,Outbound,764,178,12,8,906.94,1479.15,B1,Harry Johnson,On Time,3,Yes,Passed,7
TXN104432,13-07-2025,Newcastle Depot,Birmingham,Fashion,Sneakers,UK Retail Goods,BATCH-5611,Inbound,668,458,18,16,649.92,1055.61,A2,George Brown,On Time,1,No,Passed,21
TXN104433,05-04-2026,London Central Hub,Manchester,Home Appliances,Microwave,Sainsbury Logistics,BATCH-2561,Inbound,738,315,37,0,77.5,138.74,C1,Jack Taylor,On Time,1,No,Failed,23
TXN104434,24-06-2025,Birmingham Distribution,Newcastle,Grocery,Cooking Oil,Britannia Pharma,BATCH-1765,Inbound,110,41,36,14,277.22,415.95,B2,George Brown,Delayed,10,Yes,Passed,7
TXN104435,14-05-2025,London Central Hub,Glasgow,Grocery,Cereal,ASDA Distribution,BATCH-6352,Outbound,263,233,38,1,495.22,802.53,B2,Noah Wilson,Delayed,9,No,Passed,3
TXN104436,08-04-2025,Liverpool Logistics,London,Grocery,Rice Pack,UK Retail Goods,BATCH-6076,Inbound,288,176,36,4,882.44,1403.33,B1,Charlie Davies,On Time,2,Yes,Failed,17
TXN104437,26-12-2025,Bristol Supply Hub,Leeds,Grocery,Coffee,London Trade Corp,BATCH-6909,Outbound,279,84,23,12,410.41,655.44,A1,Noah Wilson,Slightly Delayed,5,Yes,Passed,12
TXN104438,28-08-2025,Glasgow Warehouse,Bristol,Pharma,Cough Syrup,Britannia Pharma,BATCH-5028,Inbound,375,145,7,20,413.29,543.43,D2,Noah Wilson,Slightly Delayed,5,Yes,Passed,4
TXN104439,20-03-2025,Newcastle Depot,London,Home Appliances,Air Fryer,Britannia Pharma,BATCH-4493,Outbound,106,55,15,5,77.09,107.66,D1,Charlie Davies,On Time,2,Yes,Passed,17
TXN104440,07-06-2025,Newcastle Depot,Birmingham,Pharma,Vitamin Tablets,Prime Wholesale UK,BATCH-7747,Inbound,243,217,29,4,304.31,357.62,D2,Harry Johnson,Delayed,8,No,Passed,9
TXN104441,10-12-2025,Newcastle Depot,Newcastle,Grocery,Rice Pack,Britannia Pharma,BATCH-3171,Outbound,720,517,16,7,1190.89,1573.04,A2,Oliver Smith,On Time,2,Yes,Passed,13
TXN104442,14-05-2025,Newcastle Depot,Glasgow,Pharma,Bandages,UK Retail Goods,BATCH-2292,Outbound,622,475,4,2,687.63,1178.76,B1,Emily Harris,Delayed,8,No,Passed,1
TXN104443,06-02-2026,Liverpool Logistics,Birmingham,Fashion,T-Shirt,Sainsbury Logistics,BATCH-8122,Inbound,927,603,39,19,870.26,1171.14,C1,Emily Harris,Slightly Delayed,6,No,Passed,7
TXN104444,29-07-2025,Leeds Fulfillment,Glasgow,Fashion,T-Shirt,London Trade Corp,BATCH-5467,Outbound,870,435,35,0,199.51,350.84,A2,Harry Johnson,Slightly Delayed,5,No,Passed,24
TXN104445,19-03-2025,Glasgow Warehouse,Newcastle,Pharma,Cough Syrup,Tesco Supply Ltd,BATCH-6915,Outbound,848,615,23,16,263.88,395.99,C1,Amelia Clark,Delayed,9,Yes,Passed,22
TXN104446,22-05-2025,Leeds Fulfillment,Liverpool,Home Appliances,Microwave,Northern Supply Chain,BATCH-5911,Outbound,462,244,11,6,1193.56,1736.22,B2,Emily Harris,Slightly Delayed,6,No,Passed,24
TXN104447,04-10-2025,Liverpool Logistics,Leeds,Fashion,Handbag,ASDA Distribution,BATCH-8028,Outbound,62,55,32,15,893.22,1564.74,A2,Charlie Davies,Delayed,7,No,Passed,22
TXN104448,03-01-2026,Manchester Storage,Bristol,Fashion,Jeans,Sainsbury Logistics,BATCH-7629,Outbound,963,594,37,9,670.23,924.0,D2,Emily Harris,Slightly Delayed,4,Yes,Passed,18
TXN104449,19-11-2025,Birmingham Distribution,Liverpool,Grocery,Tea Bags,ASDA Distribution,BATCH-4865,Inbound,868,486,24,13,129.41,183.73,B1,Oliver Smith,On Time,1,Yes,Passed,2
TXN104450,01-01-2025,London Central Hub,London,Pharma,Cough Syrup,UK Retail Goods,BATCH-8665,Inbound,82,24,27,4,342.35,447.79,B1,Jack Taylor,Slightly Delayed,5,No,Failed,5
TXN104451,29-04-2026,London Central Hub,Glasgow,Pharma,Vitamin Tablets,Tesco Supply Ltd,BATCH-3335,Inbound,883,330,14,1,425.76,734.12,A1,Oliver Smith,Delayed,7,No,Passed,14
TXN104452,24-06-2025,Birmingham Distribution,Birmingham,Home Appliances,Vacuum Cleaner,Northern Supply Chain,BATCH-1022,Inbound,748,534,18,12,244.64,423.61,D2,Charlie Davies,Slightly Delayed,6,No,Passed,22
TXN104453,12-05-2026,Leeds Fulfillment,London,Electronics,Laptop,London Trade Corp,BATCH-2428,Outbound,892,692,5,18,9.92,11.2,C1,George Brown,Slightly Delayed,5,No,Passed,16
TXN104454,25-03-2025,Manchester Storage,Manchester,Electronics,Tablet,Britannia Pharma,BATCH-2736,Outbound,835,784,3,20,793.55,976.55,C2,Oliver Smith,Delayed,8,No,Passed,11
TXN104455,12-03-2025,Leeds Fulfillment,Birmingham,Fashion,Jeans,Northern Supply Chain,BATCH-7736,Outbound,941,130,14,5,647.74,752.64,D2,Harry Johnson,Slightly Delayed,6,Yes,Passed,5
TXN104456,29-09-2025,London Central Hub,Newcastle,Grocery,Cooking Oil,Tesco Supply Ltd,BATCH-9156,Outbound,917,742,24,17,182.97,301.39,D2,George Brown,Delayed,8,Yes,Passed,10
TXN104457,28-04-2025,Birmingham Distribution,Newcastle,Grocery,Cereal,Prime Wholesale UK,BATCH-7523,Outbound,141,113,31,14,425.77,478.42,B2,Harry Johnson,Delayed,7,Yes,Passed,5
TXN104458,29-09-2025,Glasgow Warehouse,Newcastle,Pharma,Paracetamol,Tesco Supply Ltd,BATCH-5653,Inbound,676,575,24,0,784.62,997.93,A2,Charlie Davies,Delayed,7,Yes,Passed,10
TXN104459,12-11-2025,Liverpool Logistics,Leeds,Fashion,Sneakers,Northern Supply Chain,BATCH-2293,Inbound,178,78,4,12,1049.06,1342.6,D2,Charlie Davies,On Time,2,No,Passed,0
TXN104460,14-06-2025,Birmingham Distribution,Bristol,Fashion,Handbag,Sainsbury Logistics,BATCH-5410,Inbound,851,446,15,17,967.87,1177.46,D2,Charlie Davies,On Time,1,Yes,Passed,12
TXN104461,17-03-2026,Manchester Storage,Glasgow,Electronics,Monitor,Prime Wholesale UK,BATCH-4634,Inbound,773,87,40,9,60.34,107.42,A1,Emily Harris,Slightly Delayed,4,No,Failed,13
TXN104462,11-02-2025,Glasgow Warehouse,London,Pharma,Vitamin Tablets,Northern Supply Chain,BATCH-6074,Outbound,335,286,14,9,651.71,1127.35,B2,Noah Wilson,On Time,2,No,Failed,22
TXN104463,04-11-2025,Bristol Supply Hub,Leeds,Home Appliances,Microwave,Northern Supply Chain,BATCH-9646,Outbound,467,321,9,8,20.32,25.56,A1,Charlie Davies,Slightly Delayed,6,Yes,Passed,4
TXN104464,25-04-2025,Birmingham Distribution,Birmingham,Home Appliances,Vacuum Cleaner,London Trade Corp,BATCH-6422,Outbound,358,283,30,9,765.04,1318.24,A2,Harry Johnson,On Time,3,No,Passed,22
TXN104465,02-11-2025,Manchester Storage,Manchester,Electronics,Monitor,Sainsbury Logistics,BATCH-1575,Inbound,584,299,3,0,912.92,1007.21,A2,Harry Johnson,Delayed,8,No,Passed,21
TXN104466,24-03-2026,London Central Hub,Liverpool,Grocery,Cereal,Prime Wholesale UK,BATCH-1157,Outbound,241,196,3,11,448.62,616.34,A1,Jack Taylor,On Time,2,Yes,Passed,5
TXN104467,10-12-2025,Newcastle Depot,Glasgow,Electronics,Laptop,Sainsbury Logistics,BATCH-6950,Outbound,923,912,21,13,84.45,102.42,D2,Oliver Smith,Delayed,10,No,Passed,17
TXN104468,20-02-2025,Manchester Storage,Birmingham,Home Appliances,Vacuum Cleaner,Tesco Supply Ltd,BATCH-7663,Outbound,422,338,37,9,330.25,392.79,C2,Oliver Smith,Slightly Delayed,6,Yes,Failed,15
TXN104469,16-08-2025,Liverpool Logistics,Leeds,Electronics,Laptop,Britannia Pharma,BATCH-2969,Outbound,681,329,13,0,443.96,782.41,A2,Noah Wilson,Slightly Delayed,5,No,Passed,25
TXN104470,06-05-2026,Birmingham Distribution,Newcastle,Electronics,Tablet,Tesco Supply Ltd,BATCH-2681,Outbound,789,334,2,6,513.29,910.33,D1,Oliver Smith,On Time,2,Yes,Passed,21
TXN104471,24-08-2025,Glasgow Warehouse,Glasgow,Pharma,Paracetamol,Sainsbury Logistics,BATCH-2545,Inbound,184,123,15,10,924.39,1372.03,A1,Amelia Clark,Delayed,9,Yes,Passed,25
TXN104472,28-04-2025,Birmingham Distribution,Glasgow,Home Appliances,Mixer,Tesco Supply Ltd,BATCH-9972,Inbound,483,327,27,15,1075.5,1583.32,C1,Oliver Smith,On Time,3,Yes,Passed,2
TXN104473,17-02-2025,Bristol Supply Hub,London,Fashion,Jacket,UK Retail Goods,BATCH-3318,Outbound,367,249,25,9,55.22,70.37,A2,George Brown,Delayed,9,No,Passed,8
TXN104474,10-08-2025,Birmingham Distribution,Newcastle,Grocery,Cooking Oil,UK Retail Goods,BATCH-5165,Outbound,510,177,36,11,506.56,739.88,A1,Emily Harris,Delayed,10,Yes,Failed,9
TXN104475,27-09-2025,Birmingham Distribution,London,Fashion,Jeans,London Trade Corp,BATCH-6473,Inbound,389,338,38,18,593.14,867.31,D1,Emily Harris,Delayed,7,Yes,Passed,16
TXN104476,28-03-2026,Manchester Storage,Bristol,Grocery,Cooking Oil,Sainsbury Logistics,BATCH-8866,Outbound,447,24,33,7,1195.97,2115.83,A1,George Brown,Slightly Delayed,4,No,Passed,8
TXN104477,10-04-2026,Manchester Storage,Birmingham,Home Appliances,Vacuum Cleaner,UK Retail Goods,BATCH-2017,Outbound,601,210,15,3,947.97,1095.35,C2,Charlie Davies,Delayed,10,Yes,Passed,6
TXN104478,05-10-2025,Bristol Supply Hub,Newcastle,Pharma,Paracetamol,ASDA Distribution,BATCH-5668,Outbound,509,473,19,18,455.94,595.71,A2,Jack Taylor,Delayed,7,Yes,Passed,21
TXN104479,30-01-2026,Liverpool Logistics,Leeds,Home Appliances,Microwave,Prime Wholesale UK,BATCH-8377,Inbound,143,104,26,3,780.76,1126.38,B2,Harry Johnson,Slightly Delayed,5,Yes,Passed,7
TXN104480,30-09-2025,Bristol Supply Hub,Newcastle,Grocery,Tea Bags,ASDA Distribution,BATCH-2533,Outbound,151,92,13,9,773.02,1082.81,B2,Charlie Davies,Slightly Delayed,5,No,Passed,7
TXN104481,27-03-2025,Newcastle Depot,London,Electronics,Tablet,London Trade Corp,BATCH-1623,Inbound,263,85,4,12,18.61,31.63,C1,George Brown,Delayed,7,No,Passed,10
TXN104482,13-02-2026,Liverpool Logistics,Bristol,Pharma,Vitamin Tablets,UK Retail Goods,BATCH-3792,Outbound,464,140,23,8,69.66,117.48,B2,Jack Taylor,Delayed,8,No,Passed,14
TXN104483,09-10-2025,London Central Hub,Leeds,Electronics,Smartphone,Northern Supply Chain,BATCH-2304,Outbound,646,454,26,18,723.98,1216.71,A2,Emily Harris,Delayed,10,Yes,Passed,6
TXN104484,04-05-2025,London Central Hub,Bristol,Grocery,Tea Bags,Tesco Supply Ltd,BATCH-7680,Outbound,944,135,17,15,134.04,198.53,A2,Noah Wilson,Delayed,7,Yes,Failed,5
TXN104485,11-03-2026,Glasgow Warehouse,Manchester,Electronics,Tablet,Northern Supply Chain,BATCH-2303,Inbound,935,614,35,16,552.04,705.64,B2,Jack Taylor,Delayed,7,No,Passed,22
TXN104486,25-10-2025,Bristol Supply Hub,Glasgow,Electronics,Laptop,Sainsbury Logistics,BATCH-3487,Inbound,638,159,25,6,250.82,409.17,A1,Oliver Smith,On Time,1,No,Passed,12
TXN104487,25-10-2025,Bristol Supply Hub,Manchester,Grocery,Coffee,Northern Supply Chain,BATCH-2323,Outbound,984,563,5,17,503.09,758.66,A1,George Brown,Slightly Delayed,6,Yes,Passed,5
TXN104488,08-01-2026,Liverpool Logistics,Bristol,Electronics,Tablet,London Trade Corp,BATCH-7772,Outbound,811,662,0,17,847.11,1338.17,C2,Amelia Clark,Slightly Delayed,4,No,Failed,11
TXN104489,30-11-2025,London Central Hub,Leeds,Pharma,Vitamin Tablets,Britannia Pharma,BATCH-7908,Outbound,82,57,20,17,995.32,1201.93,D1,Emily Harris,Delayed,8,Yes,Failed,3
TXN104490,01-04-2026,Manchester Storage,Bristol,Fashion,Jeans,London Trade Corp,BATCH-9574,Outbound,736,638,39,17,606.47,1006.93,A2,Jack Taylor,Slightly Delayed,6,No,Passed,3
TXN104491,26-11-2025,Glasgow Warehouse,London,Fashion,Handbag,UK Retail Goods,BATCH-1669,Inbound,912,408,1,11,221.7,374.65,B1,Jack Taylor,Slightly Delayed,4,No,Passed,22
TXN104492,11-02-2025,Leeds Fulfillment,Liverpool,Home Appliances,Mixer,Sainsbury Logistics,BATCH-4454,Inbound,58,58,4,10,1041.12,1331.9,D2,Jack Taylor,On Time,3,No,Failed,9
TXN104493,19-10-2025,London Central Hub,Birmingham,Pharma,Vitamin Tablets,London Trade Corp,BATCH-9076,Inbound,323,23,7,1,996.21,1763.02,C2,Emily Harris,Slightly Delayed,5,Yes,Passed,17
TXN104494,10-04-2026,Glasgow Warehouse,Manchester,Electronics,Smartphone,Northern Supply Chain,BATCH-6095,Outbound,962,423,26,14,357.31,597.76,C1,George Brown,Delayed,10,No,Passed,20
TXN104495,21-02-2026,Glasgow Warehouse,Newcastle,Electronics,Laptop,Tesco Supply Ltd,BATCH-7573,Outbound,766,544,39,14,888.47,1481.09,D1,Charlie Davies,Delayed,10,No,Failed,4
TXN104496,16-04-2025,London Central Hub,London,Pharma,Cough Syrup,Tesco Supply Ltd,BATCH-7079,Inbound,278,36,15,9,515.89,875.37,D1,Charlie Davies,Delayed,8,No,Passed,15
TXN104497,06-02-2025,Birmingham Distribution,Leeds,Grocery,Tea Bags,Britannia Pharma,BATCH-2793,Outbound,241,174,11,13,607.88,1029.75,B1,Charlie Davies,Delayed,7,Yes,Failed,20
TXN104498,12-09-2025,Newcastle Depot,Newcastle,Grocery,Tea Bags,UK Retail Goods,BATCH-7120,Outbound,68,30,35,13,724.92,1161.9,C1,Amelia Clark,Delayed,9,Yes,Passed,8
TXN104499,21-03-2025,Bristol Supply Hub,Bristol,Grocery,Cereal,London Trade Corp,BATCH-3523,Outbound,734,399,14,11,568.21,935.77,B2,Charlie Davies,Delayed,7,No,Failed,10
TXN104500,25-10-2025,Bristol Supply Hub,Bristol,Pharma,Vitamin Tablets,Northern Supply Chain,BATCH-9185,Inbound,592,541,2,1,1183.95,2041.82,C2,Amelia Clark,Delayed,7,Yes,Passed,0
TXN104501,14-07-2025,London Central Hub,London,Fashion,Sneakers,Tesco Supply Ltd,BATCH-3787,Outbound,637,161,21,14,1107.41,1573.8,B2,Harry Johnson,Delayed,7,Yes,Passed,14
TXN104502,29-08-2025,Birmingham Distribution,Glasgow,Grocery,Tea Bags,Sainsbury Logistics,BATCH-5035,Outbound,821,359,4,4,1162.87,1533.63,A1,George Brown,Slightly Delayed,6,Yes,Passed,3
TXN104503,15-01-2026,Leeds Fulfillment,Newcastle,Home Appliances,Mixer,Prime Wholesale UK,BATCH-5697,Inbound,460,166,13,13,751.53,1287.0,A1,Charlie Davies,Delayed,8,Yes,Passed,6
TXN104504,24-02-2025,Manchester Storage,Bristol,Electronics,Keyboard,Prime Wholesale UK,BATCH-8585,Inbound,827,198,30,7,455.99,742.82,A1,Amelia Clark,On Time,3,No,Passed,18
TXN104505,04-04-2026,Manchester Storage,Newcastle,Pharma,Bandages,London Trade Corp,BATCH-3874,Outbound,666,273,35,1,157.55,195.04,D1,Oliver Smith,On Time,3,Yes,Passed,0
TXN104506,12-12-2025,Bristol Supply Hub,Newcastle,Electronics,Smartphone,ASDA Distribution,BATCH-7362,Inbound,403,69,10,18,1019.72,1437.06,B2,Emily Harris,Delayed,10,Yes,Passed,3
TXN104507,08-03-2026,Leeds Fulfillment,Glasgow,Home Appliances,Mixer,ASDA Distribution,BATCH-3348,Outbound,149,25,28,6,1016.94,1366.19,A2,Oliver Smith,On Time,3,No,Passed,21
TXN104508,10-05-2026,Leeds Fulfillment,Manchester,Grocery,Cereal,London Trade Corp,BATCH-7337,Outbound,764,568,13,9,911.4,1434.86,D2,Oliver Smith,Delayed,8,No,Passed,17
TXN104509,11-04-2025,Bristol Supply Hub,Manchester,Pharma,Bandages,Prime Wholesale UK,BATCH-9381,Inbound,467,84,21,18,691.07,977.89,D2,Emily Harris,Slightly Delayed,4,Yes,Passed,1
TXN104510,12-11-2025,Newcastle Depot,Leeds,Grocery,Rice Pack,Prime Wholesale UK,BATCH-2276,Outbound,261,144,34,13,313.77,549.81,B2,Amelia Clark,Delayed,9,No,Passed,17
TXN104511,16-08-2025,Bristol Supply Hub,Glasgow,Fashion,Handbag,London Trade Corp,BATCH-2090,Inbound,472,406,15,17,197.62,271.38,A2,George Brown,Delayed,9,No,Passed,20
TXN104512,23-05-2025,Bristol Supply Hub,Manchester,Fashion,Jeans,Sainsbury Logistics,BATCH-2720,Outbound,131,62,8,17,108.03,164.78,A2,Amelia Clark,On Time,1,Yes,Passed,19
TXN104513,10-04-2025,Manchester Storage,Newcastle,Pharma,Cough Syrup,ASDA Distribution,BATCH-2953,Outbound,137,106,10,17,409.57,598.96,D2,George Brown,On Time,2,No,Passed,16
TXN104514,25-04-2026,Birmingham Distribution,Liverpool,Grocery,Coffee,ASDA Distribution,BATCH-4510,Outbound,290,47,40,13,566.99,741.46,D1,Emily Harris,Delayed,7,No,Passed,25
TXN104515,11-08-2025,Glasgow Warehouse,Birmingham,Grocery,Coffee,UK Retail Goods,BATCH-7015,Outbound,251,231,31,4,375.21,580.51,B2,Emily Harris,Slightly Delayed,4,Yes,Passed,0
TXN104516,30-09-2025,Leeds Fulfillment,Newcastle,Home Appliances,Air Fryer,ASDA Distribution,BATCH-7130,Inbound,245,71,21,13,1140.05,1877.9,C2,Noah Wilson,On Time,1,Yes,Passed,23
TXN104517,30-05-2025,Newcastle Depot,Leeds,Fashion,T-Shirt,UK Retail Goods,BATCH-8725,Outbound,839,153,7,16,562.57,767.64,A2,Noah Wilson,Slightly Delayed,4,No,Passed,7
TXN104518,09-09-2025,Liverpool Logistics,Newcastle,Electronics,Tablet,Tesco Supply Ltd,BATCH-2168,Inbound,243,194,16,13,761.28,926.85,C1,Emily Harris,Delayed,10,Yes,Failed,1
TXN104519,09-04-2026,Leeds Fulfillment,Leeds,Electronics,Laptop,London Trade Corp,BATCH-3832,Outbound,279,143,13,7,104.87,126.88,D1,Amelia Clark,Delayed,8,No,Passed,21
TXN104520,19-09-2025,Liverpool Logistics,Manchester,Grocery,Coffee,UK Retail Goods,BATCH-1607,Outbound,203,150,11,6,588.57,813.18,D1,Emily Harris,Delayed,8,Yes,Passed,4
TXN104521,13-04-2025,Bristol Supply Hub,Leeds,Grocery,Tea Bags,London Trade Corp,BATCH-6101,Inbound,594,439,35,18,304.36,541.55,D2,Noah Wilson,Slightly Delayed,4,No,Passed,8
TXN104522,14-01-2025,Birmingham Distribution,Bristol,Home Appliances,Mixer,Sainsbury Logistics,BATCH-3085,Outbound,474,223,6,8,678.09,1174.59,C2,Oliver Smith,On Time,2,No,Passed,15
TXN104523,17-03-2025,Glasgow Warehouse,Birmingham,Grocery,Rice Pack,ASDA Distribution,BATCH-3331,Outbound,960,370,22,12,288.26,489.05,A1,George Brown,Slightly Delayed,6,Yes,Passed,16
TXN104524,27-08-2025,Liverpool Logistics,Liverpool,Electronics,Smartphone,ASDA Distribution,BATCH-3525,Outbound,72,70,16,19,1029.06,1165.94,D1,Oliver Smith,Delayed,9,No,Passed,7
TXN104525,02-04-2026,Manchester Storage,Newcastle,Pharma,Vitamin Tablets,Sainsbury Logistics,BATCH-8728,Outbound,475,194,36,9,450.56,716.75,B2,Emily Harris,Slightly Delayed,6,No,Passed,23
TXN104526,26-07-2025,London Central Hub,Manchester,Pharma,Bandages,ASDA Distribution,BATCH-1274,Inbound,267,235,27,8,149.19,226.87,B1,Oliver Smith,Delayed,9,Yes,Passed,5
TXN104527,07-11-2025,Birmingham Distribution,London,Electronics,Laptop,London Trade Corp,BATCH-2559,Inbound,505,310,26,20,1098.11,1921.12,B2,George Brown,Delayed,7,Yes,Passed,3
TXN104528,04-02-2026,Manchester Storage,Liverpool,Grocery,Coffee,London Trade Corp,BATCH-3176,Inbound,186,163,22,11,221.11,380.27,B2,George Brown,On Time,3,No,Passed,10
TXN104529,23-03-2025,Glasgow Warehouse,Bristol,Fashion,Handbag,Tesco Supply Ltd,BATCH-1935,Inbound,883,450,30,19,467.89,580.38,A1,Oliver Smith,On Time,1,No,Failed,21
TXN104530,29-01-2025,Glasgow Warehouse,Birmingham,Fashion,Handbag,UK Retail Goods,BATCH-4300,Outbound,257,111,9,9,1041.7,1214.99,D2,Oliver Smith,Slightly Delayed,6,Yes,Passed,18
TXN104531,26-07-2025,Glasgow Warehouse,Manchester,Electronics,Monitor,London Trade Corp,BATCH-3187,Outbound,377,44,36,4,720.63,1236.29,A1,Harry Johnson,On Time,1,Yes,Passed,22
TXN104532,25-04-2026,Birmingham Distribution,Leeds,Fashion,Sneakers,London Trade Corp,BATCH-5922,Outbound,51,27,9,19,1112.26,1554.14,D1,Emily Harris,Delayed,8,Yes,Passed,18
TXN104533,10-01-2026,Birmingham Distribution,Glasgow,Grocery,Cooking Oil,Tesco Supply Ltd,BATCH-9182,Outbound,895,326,29,17,924.21,1114.32,A2,George Brown,On Time,2,Yes,Passed,15
TXN104534,26-01-2026,Manchester Storage,Birmingham,Electronics,Monitor,UK Retail Goods,BATCH-8570,Inbound,730,403,14,20,464.25,639.39,A2,Jack Taylor,On Time,3,Yes,Passed,4
TXN104535,04-03-2025,Leeds Fulfillment,London,Grocery,Cereal,Britannia Pharma,BATCH-5036,Outbound,575,221,21,16,560.02,794.23,B1,Noah Wilson,Slightly Delayed,5,Yes,Passed,11
TXN104536,26-03-2025,Birmingham Distribution,Liverpool,Electronics,Laptop,Britannia Pharma,BATCH-5638,Outbound,410,297,10,15,894.04,1081.67,B2,Noah Wilson,Slightly Delayed,6,Yes,Passed,2
TXN104537,22-03-2026,Liverpool Logistics,Bristol,Electronics,Laptop,UK Retail Goods,BATCH-2394,Inbound,681,279,30,1,85.68,145.21,A2,Oliver Smith,Delayed,8,No,Passed,20
TXN104538,22-04-2025,London Central Hub,Manchester,Fashion,Jeans,Northern Supply Chain,BATCH-9156,Outbound,290,271,32,11,418.14,594.98,B2,Oliver Smith,On Time,3,Yes,Passed,3
TXN104539,28-10-2025,Leeds Fulfillment,Liverpool,Grocery,Rice Pack,Sainsbury Logistics,BATCH-9521,Outbound,902,466,25,7,208.4,293.04,C1,Amelia Clark,Slightly Delayed,4,No,Passed,3
TXN104540,02-02-2026,Birmingham Distribution,Birmingham,Grocery,Tea Bags,UK Retail Goods,BATCH-4605,Inbound,481,147,1,10,710.13,1032.58,D2,Emily Harris,Slightly Delayed,4,No,Passed,7
TXN104541,09-10-2025,Glasgow Warehouse,Glasgow,Fashion,Sneakers,Prime Wholesale UK,BATCH-6235,Outbound,818,624,15,6,383.19,635.32,A1,Amelia Clark,Delayed,7,No,Passed,16
TXN104542,30-03-2026,Newcastle Depot,Glasgow,Fashion,T-Shirt,Northern Supply Chain,BATCH-7868,Inbound,825,74,38,12,783.5,1165.96,D1,George Brown,Slightly Delayed,6,Yes,Passed,6
TXN104543,02-10-2025,Leeds Fulfillment,Glasgow,Home Appliances,Microwave,Northern Supply Chain,BATCH-7855,Inbound,127,118,2,2,1196.19,1794.01,B2,Charlie Davies,Slightly Delayed,6,No,Passed,22
TXN104544,04-05-2026,Newcastle Depot,Leeds,Grocery,Cooking Oil,Northern Supply Chain,BATCH-4164,Inbound,745,583,1,4,410.37,544.23,C2,Harry Johnson,Delayed,8,No,Passed,21
TXN104545,02-05-2026,Manchester Storage,London,Fashion,T-Shirt,Britannia Pharma,BATCH-4010,Outbound,366,252,3,20,184.43,229.19,C1,Amelia Clark,Slightly Delayed,6,Yes,Failed,23
TXN104546,14-11-2025,Liverpool Logistics,Bristol,Pharma,Paracetamol,Tesco Supply Ltd,BATCH-5351,Inbound,486,466,31,8,693.72,896.85,A2,George Brown,Delayed,10,Yes,Passed,3
TXN104547,13-08-2025,Bristol Supply Hub,Liverpool,Home Appliances,Mixer,Britannia Pharma,BATCH-5600,Inbound,355,285,23,1,1169.82,1372.55,D1,Oliver Smith,Delayed,9,Yes,Passed,9
TXN104548,30-09-2025,London Central Hub,Manchester,Fashion,Handbag,Prime Wholesale UK,BATCH-3869,Inbound,863,843,8,20,173.67,265.61,B2,Oliver Smith,Delayed,8,No,Passed,25
TXN104549,14-04-2026,Liverpool Logistics,Newcastle,Pharma,Vitamin Tablets,ASDA Distribution,BATCH-9771,Inbound,215,142,31,14,571.11,770.82,D1,George Brown,On Time,1,No,Failed,22
TXN104550,17-05-2025,Newcastle Depot,Glasgow,Fashion,T-Shirt,Prime Wholesale UK,BATCH-5120,Outbound,467,369,20,18,14.31,24.46,C2,Harry Johnson,Slightly Delayed,4,Yes,Passed,3
TXN104551,20-04-2025,Manchester Storage,Newcastle,Pharma,Cough Syrup,ASDA Distribution,BATCH-5504,Inbound,398,204,22,8,404.54,683.43,A2,Amelia Clark,On Time,3,No,Passed,6
TXN104552,30-01-2026,Birmingham Distribution,London,Pharma,Bandages,Sainsbury Logistics,BATCH-5219,Outbound,126,72,4,15,22.75,27.33,C2,Jack Taylor,Delayed,8,No,Passed,18
TXN104553,11-05-2025,Newcastle Depot,Glasgow,Fashion,Jeans,Prime Wholesale UK,BATCH-3628,Inbound,491,64,16,4,326.15,477.52,A1,Amelia Clark,Delayed,10,Yes,Passed,21
TXN104554,17-02-2025,Liverpool Logistics,Newcastle,Grocery,Tea Bags,Sainsbury Logistics,BATCH-5082,Outbound,980,621,18,8,1185.4,1592.93,B1,Noah Wilson,Slightly Delayed,6,Yes,Passed,6
TXN104555,04-09-2025,Birmingham Distribution,Newcastle,Home Appliances,Vacuum Cleaner,Britannia Pharma,BATCH-3512,Outbound,391,229,21,17,306.94,419.42,C1,Noah Wilson,Slightly Delayed,4,No,Passed,7
TXN104556,26-03-2026,Leeds Fulfillment,Leeds,Pharma,Paracetamol,Prime Wholesale UK,BATCH-7979,Outbound,932,564,4,11,1189.56,1730.44,B1,Emily Harris,On Time,1,Yes,Passed,17
TXN104557,17-03-2025,Bristol Supply Hub,Liverpool,Fashion,Jeans,UK Retail Goods,BATCH-9084,Outbound,318,301,34,13,232.74,364.74,B2,Amelia Clark,Delayed,10,Yes,Passed,8
TXN104558,20-09-2025,Birmingham Distribution,Leeds,Grocery,Cooking Oil,Tesco Supply Ltd,BATCH-2454,Outbound,893,421,38,19,448.23,640.26,A2,George Brown,Delayed,7,Yes,Passed,18
TXN104559,08-11-2025,Manchester Storage,Birmingham,Pharma,Cough Syrup,Northern Supply Chain,BATCH-6056,Inbound,514,30,15,8,756.83,1355.94,B1,Harry Johnson,Delayed,10,No,Passed,8
TXN104560,14-01-2026,Birmingham Distribution,Manchester,Pharma,Cough Syrup,Northern Supply Chain,BATCH-2098,Outbound,416,332,32,12,582.0,986.57,B1,Oliver Smith,On Time,3,Yes,Passed,2
TXN104561,07-05-2026,Leeds Fulfillment,Leeds,Electronics,Tablet,Northern Supply Chain,BATCH-9050,Outbound,663,209,29,3,648.32,773.64,A1,Emily Harris,Delayed,10,No,Passed,0
TXN104562,09-02-2025,Liverpool Logistics,Bristol,Pharma,Bandages,Britannia Pharma,BATCH-6583,Inbound,896,93,8,4,306.62,360.61,D1,Emily Harris,On Time,2,No,Passed,2
TXN104563,13-07-2025,Manchester Storage,Manchester,Pharma,Bandages,Tesco Supply Ltd,BATCH-9913,Inbound,833,730,7,3,548.23,780.39,D2,Noah Wilson,Delayed,10,No,Passed,4
TXN104564,29-01-2026,Leeds Fulfillment,Newcastle,Fashion,Jeans,Britannia Pharma,BATCH-5507,Inbound,808,439,30,9,119.57,135.35,C1,Noah Wilson,Slightly Delayed,5,Yes,Passed,14
TXN104565,01-02-2026,Manchester Storage,London,Grocery,Cereal,Northern Supply Chain,BATCH-2717,Inbound,52,20,31,3,1116.23,1391.56,C2,Charlie Davies,Slightly Delayed,6,No,Passed,19
TXN104566,28-12-2025,Birmingham Distribution,Liverpool,Fashion,Handbag,London Trade Corp,BATCH-6489,Outbound,772,286,17,14,1121.85,1236.43,A2,Oliver Smith,Delayed,10,No,Passed,5
TXN104567,05-04-2025,Birmingham Distribution,Manchester,Pharma,Cough Syrup,Britannia Pharma,BATCH-8466,Outbound,720,400,29,0,204.42,321.92,B1,George Brown,Delayed,10,Yes,Passed,22
TXN104568,28-05-2025,Manchester Storage,Newcastle,Pharma,Vitamin Tablets,London Trade Corp,BATCH-3914,Outbound,620,35,12,3,776.54,877.96,C2,Noah Wilson,Delayed,9,No,Passed,20
TXN104569,16-07-2025,Birmingham Distribution,Newcastle,Home Appliances,Microwave,ASDA Distribution,BATCH-9455,Outbound,623,576,8,17,146.94,218.87,A1,Harry Johnson,Delayed,7,No,Passed,13
TXN104570,30-10-2025,Liverpool Logistics,Liverpool,Grocery,Coffee,Sainsbury Logistics,BATCH-9954,Inbound,822,793,34,1,659.55,732.36,A2,Harry Johnson,Delayed,8,No,Passed,5
TXN104571,05-01-2026,Bristol Supply Hub,Glasgow,Pharma,Vitamin Tablets,Tesco Supply Ltd,BATCH-4337,Inbound,594,42,6,2,858.4,974.65,D1,Amelia Clark,Slightly Delayed,4,No,Passed,20
TXN104572,13-04-2025,Manchester Storage,Leeds,Pharma,Cough Syrup,Tesco Supply Ltd,BATCH-1228,Outbound,868,528,21,3,667.29,854.95,D1,Amelia Clark,On Time,3,Yes,Passed,24
TXN104573,17-04-2025,Newcastle Depot,Leeds,Grocery,Cooking Oil,London Trade Corp,BATCH-1950,Outbound,425,298,7,13,10.68,18.71,C1,Charlie Davies,On Time,3,Yes,Failed,22
TXN104574,14-03-2025,Glasgow Warehouse,Birmingham,Grocery,Cooking Oil,Prime Wholesale UK,BATCH-8695,Outbound,309,302,24,14,1103.81,1716.57,A2,Noah Wilson,On Time,3,Yes,Passed,20
TXN104575,17-10-2025,Leeds Fulfillment,London,Home Appliances,Vacuum Cleaner,Sainsbury Logistics,BATCH-3448,Outbound,740,516,14,4,1187.2,1775.65,A1,Harry Johnson,On Time,3,No,Passed,25
TXN104576,22-04-2026,Glasgow Warehouse,Leeds,Fashion,Jeans,Tesco Supply Ltd,BATCH-8911,Inbound,1000,349,21,0,1060.52,1649.37,B2,Emily Harris,Delayed,7,Yes,Failed,10
TXN104577,13-06-2025,Bristol Supply Hub,Birmingham,Fashion,Jacket,London Trade Corp,BATCH-8549,Inbound,173,79,10,14,782.96,1231.73,B1,Harry Johnson,Slightly Delayed,4,No,Failed,16
TXN104578,12-04-2025,Glasgow Warehouse,Newcastle,Pharma,Cough Syrup,UK Retail Goods,BATCH-8671,Inbound,407,220,20,10,191.23,313.71,C1,Oliver Smith,Slightly Delayed,4,Yes,Passed,23
TXN104579,30-01-2025,Leeds Fulfillment,Bristol,Electronics,Monitor,Tesco Supply Ltd,BATCH-9663,Inbound,164,65,30,15,598.08,706.14,B1,Harry Johnson,On Time,2,Yes,Passed,14
TXN104580,09-11-2025,Birmingham Distribution,Newcastle,Grocery,Tea Bags,Northern Supply Chain,BATCH-9095,Inbound,411,358,29,10,946.3,1598.6,B2,Oliver Smith,On Time,3,Yes,Passed,5
TXN104581,16-12-2025,Manchester Storage,Bristol,Home Appliances,Vacuum Cleaner,Tesco Supply Ltd,BATCH-9453,Outbound,888,20,35,9,1126.18,1871.99,B1,Harry Johnson,On Time,2,No,Failed,9
TXN104582,20-12-2025,Glasgow Warehouse,Birmingham,Home Appliances,Microwave,Britannia Pharma,BATCH-5988,Outbound,835,200,1,4,536.88,787.05,B2,Harry Johnson,Delayed,9,No,Passed,5
TXN104583,29-07-2025,Manchester Storage,Birmingham,Fashion,Handbag,Tesco Supply Ltd,BATCH-2241,Inbound,185,40,22,20,830.82,1416.1,C1,Jack Taylor,Slightly Delayed,6,No,Passed,3
TXN104584,14-03-2026,Manchester Storage,London,Fashion,Jacket,Prime Wholesale UK,BATCH-9935,Inbound,997,687,22,9,365.93,631.8,A2,Charlie Davies,Slightly Delayed,4,Yes,Passed,7
TXN104585,10-03-2026,Manchester Storage,Liverpool,Pharma,Vitamin Tablets,Sainsbury Logistics,BATCH-1236,Outbound,751,681,31,4,497.61,756.55,C2,Noah Wilson,On Time,2,No,Passed,8
TXN104586,24-11-2025,Liverpool Logistics,Liverpool,Home Appliances,Microwave,Northern Supply Chain,BATCH-4364,Inbound,577,70,16,16,218.89,337.13,A2,Jack Taylor,Delayed,7,No,Passed,5
TXN104587,22-11-2025,Manchester Storage,London,Electronics,Laptop,London Trade Corp,BATCH-7643,Outbound,623,64,39,2,168.49,239.09,B2,Noah Wilson,Delayed,8,Yes,Passed,13
TXN104588,03-05-2026,Liverpool Logistics,Glasgow,Fashion,Sneakers,UK Retail Goods,BATCH-6939,Outbound,178,111,26,15,26.75,43.42,C2,Oliver Smith,Slightly Delayed,6,Yes,Passed,24
TXN104589,04-01-2025,Leeds Fulfillment,Birmingham,Fashion,T-Shirt,Prime Wholesale UK,BATCH-2363,Inbound,133,60,15,8,871.42,1163.18,A1,Noah Wilson,Slightly Delayed,5,No,Passed,18
TXN104590,29-07-2025,Newcastle Depot,Liverpool,Electronics,Keyboard,London Trade Corp,BATCH-8049,Outbound,513,314,35,1,319.13,365.84,A1,Oliver Smith,Delayed,9,Yes,Passed,21
TXN104591,28-03-2026,Manchester Storage,Glasgow,Grocery,Coffee,Northern Supply Chain,BATCH-4202,Outbound,796,267,39,1,413.73,733.19,A1,Jack Taylor,On Time,3,Yes,Failed,22
TXN104592,19-10-2025,Glasgow Warehouse,Birmingham,Grocery,Coffee,UK Retail Goods,BATCH-2277,Outbound,406,383,5,15,1083.12,1640.62,B2,Noah Wilson,Slightly Delayed,5,No,Passed,0
TXN104593,22-05-2025,Glasgow Warehouse,Newcastle,Electronics,Laptop,London Trade Corp,BATCH-7807,Outbound,433,108,35,4,229.05,358.61,C1,Jack Taylor,Slightly Delayed,4,Yes,Passed,12
TXN104594,05-05-2026,Newcastle Depot,Manchester,Grocery,Cooking Oil,Prime Wholesale UK,BATCH-4682,Inbound,979,204,20,0,273.27,432.72,B1,Amelia Clark,Slightly Delayed,5,No,Passed,15
TXN104595,22-08-2025,Leeds Fulfillment,Birmingham,Electronics,Laptop,Northern Supply Chain,BATCH-6153,Outbound,352,60,32,15,253.72,331.6,C1,Noah Wilson,Delayed,8,No,Passed,24
TXN104596,30-01-2025,Manchester Storage,Liverpool,Grocery,Rice Pack,Prime Wholesale UK,BATCH-3382,Outbound,120,81,6,3,94.17,120.49,A1,Noah Wilson,Slightly Delayed,4,No,Passed,12
TXN104597,05-05-2025,Bristol Supply Hub,Liverpool,Grocery,Rice Pack,Northern Supply Chain,BATCH-8003,Inbound,513,283,39,0,221.83,306.75,D2,Emily Harris,Delayed,8,Yes,Passed,0
TXN104598,19-03-2025,Newcastle Depot,Leeds,Electronics,Monitor,Tesco Supply Ltd,BATCH-3523,Inbound,798,292,21,6,647.72,953.25,B2,Harry Johnson,On Time,3,No,Failed,8
TXN104599,10-05-2026,Manchester Storage,London,Grocery,Rice Pack,London Trade Corp,BATCH-1988,Inbound,275,200,36,1,98.15,112.88,C2,Noah Wilson,On Time,2,Yes,Passed,5
TXN104600,04-03-2026,Glasgow Warehouse,Liverpool,Electronics,Smartphone,Northern Supply Chain,BATCH-7480,Outbound,342,233,40,18,527.87,929.16,C1,Charlie Davies,Slightly Delayed,6,No,Passed,24
TXN104601,23-06-2025,Leeds Fulfillment,Bristol,Grocery,Rice Pack,UK Retail Goods,BATCH-5881,Outbound,907,562,0,17,857.87,1132.46,A2,Noah Wilson,Delayed,10,Yes,Passed,18
TXN104602,14-05-2026,Leeds Fulfillment,Glasgow,Pharma,Paracetamol,Sainsbury Logistics,BATCH-8820,Outbound,452,357,1,17,844.98,1452.42,A2,Oliver Smith,On Time,1,Yes,Passed,8
TXN104603,02-04-2026,Glasgow Warehouse,London,Grocery,Tea Bags,Britannia Pharma,BATCH-9388,Inbound,323,129,17,2,890.65,1515.88,C1,Charlie Davies,On Time,3,Yes,Passed,19
TXN104604,22-11-2025,Newcastle Depot,Liverpool,Fashion,Handbag,Prime Wholesale UK,BATCH-3150,Outbound,252,41,35,11,711.87,1269.98,D2,Emily Harris,Delayed,10,Yes,Passed,0
TXN104605,18-03-2026,London Central Hub,Bristol,Fashion,Jeans,UK Retail Goods,BATCH-6022,Inbound,614,402,23,20,858.5,985.28,C2,Emily Harris,Delayed,10,No,Passed,14
TXN104606,14-09-2025,Leeds Fulfillment,Manchester,Grocery,Tea Bags,Sainsbury Logistics,BATCH-5919,Outbound,233,107,31,13,190.57,285.32,C2,Noah Wilson,Delayed,8,No,Passed,5
TXN104607,11-04-2026,Glasgow Warehouse,Birmingham,Pharma,Vitamin Tablets,Tesco Supply Ltd,BATCH-9186,Inbound,89,27,38,5,1150.0,1838.62,D2,Emily Harris,Delayed,10,Yes,Passed,16
TXN104608,08-05-2026,Liverpool Logistics,Glasgow,Home Appliances,Mixer,Northern Supply Chain,BATCH-3345,Outbound,398,291,20,17,851.61,1360.1,C2,Harry Johnson,On Time,3,No,Passed,10
TXN104609,17-09-2025,Manchester Storage,Manchester,Pharma,Vitamin Tablets,Sainsbury Logistics,BATCH-9382,Inbound,318,228,29,1,737.2,1152.3,A2,Oliver Smith,Slightly Delayed,4,Yes,Passed,17
TXN104610,24-06-2025,Leeds Fulfillment,Liverpool,Electronics,Laptop,Britannia Pharma,BATCH-5405,Inbound,289,282,2,11,772.49,858.18,C1,Oliver Smith,Slightly Delayed,4,Yes,Passed,2
TXN104611,31-08-2025,Leeds Fulfillment,Liverpool,Fashion,T-Shirt,ASDA Distribution,BATCH-2825,Outbound,230,35,29,9,1031.41,1482.9,B1,George Brown,On Time,3,Yes,Passed,24
TXN104612,26-01-2026,Leeds Fulfillment,Glasgow,Fashion,Sneakers,London Trade Corp,BATCH-4260,Outbound,172,168,34,4,993.27,1648.52,D2,George Brown,Delayed,9,No,Passed,3
TXN104613,26-12-2025,Glasgow Warehouse,Leeds,Home Appliances,Air Fryer,ASDA Distribution,BATCH-2404,Outbound,978,614,30,2,865.75,1272.65,D2,Amelia Clark,Delayed,8,Yes,Passed,18
TXN104614,05-09-2025,London Central Hub,Birmingham,Fashion,Sneakers,Prime Wholesale UK,BATCH-8041,Inbound,636,277,39,14,894.1,1041.65,A1,Oliver Smith,On Time,2,Yes,Passed,24
TXN104615,21-02-2025,Liverpool Logistics,Newcastle,Pharma,Bandages,London Trade Corp,BATCH-8934,Outbound,281,25,18,11,181.94,315.77,D1,Emily Harris,Delayed,10,No,Passed,12
TXN104616,26-06-2025,London Central Hub,Newcastle,Pharma,Cough Syrup,Tesco Supply Ltd,BATCH-9106,Inbound,199,35,38,17,482.21,662.65,A2,Harry Johnson,Slightly Delayed,5,No,Failed,8
TXN104617,22-07-2025,Leeds Fulfillment,Liverpool,Grocery,Rice Pack,Northern Supply Chain,BATCH-2466,Inbound,76,30,0,18,882.72,1572.22,C2,Noah Wilson,On Time,2,No,Passed,16
TXN104618,21-12-2025,Manchester Storage,Liverpool,Grocery,Coffee,London Trade Corp,BATCH-3290,Outbound,63,47,33,10,668.21,997.72,D1,George Brown,Slightly Delayed,4,No,Passed,14
TXN104619,07-10-2025,Liverpool Logistics,Bristol,Electronics,Tablet,Prime Wholesale UK,BATCH-8393,Inbound,118,106,30,14,74.21,98.84,A1,George Brown,Slightly Delayed,4,Yes,Failed,0
TXN104620,27-12-2025,Manchester Storage,Leeds,Home Appliances,Air Fryer,London Trade Corp,BATCH-6991,Inbound,636,393,32,5,1041.09,1410.18,C2,Noah Wilson,Delayed,8,No,Passed,13
TXN104621,25-02-2025,Newcastle Depot,Glasgow,Electronics,Smartphone,UK Retail Goods,BATCH-5885,Inbound,604,121,6,18,380.56,477.72,C1,Charlie Davies,Delayed,7,Yes,Passed,4
TXN104622,19-02-2026,Liverpool Logistics,Manchester,Pharma,Vitamin Tablets,ASDA Distribution,BATCH-5386,Outbound,780,408,34,11,658.92,1145.77,B2,George Brown,Slightly Delayed,5,Yes,Failed,24
TXN104623,10-08-2025,Manchester Storage,Bristol,Fashion,T-Shirt,Tesco Supply Ltd,BATCH-9320,Outbound,113,87,12,19,440.29,686.54,A2,Jack Taylor,On Time,1,No,Passed,22
TXN104624,14-02-2025,Manchester Storage,Birmingham,Pharma,Vitamin Tablets,ASDA Distribution,BATCH-9646,Outbound,103,45,34,13,78.77,109.98,A1,Emily Harris,Slightly Delayed,6,No,Passed,12
TXN104625,02-04-2026,Leeds Fulfillment,Liverpool,Fashion,Jeans,UK Retail Goods,BATCH-7579,Inbound,769,603,2,9,688.39,763.82,D1,Oliver Smith,Delayed,9,No,Failed,23
TXN104626,09-02-2026,Birmingham Distribution,Leeds,Grocery,Rice Pack,Tesco Supply Ltd,BATCH-7323,Inbound,228,112,35,7,1099.96,1875.67,B2,Jack Taylor,Delayed,7,No,Passed,13
TXN104627,25-08-2025,Newcastle Depot,Bristol,Electronics,Laptop,Britannia Pharma,BATCH-5642,Inbound,551,313,39,11,276.67,480.16,B2,Harry Johnson,Delayed,7,Yes,Passed,10
TXN104628,25-04-2025,Bristol Supply Hub,Birmingham,Pharma,Bandages,Sainsbury Logistics,BATCH-5648,Inbound,740,403,24,0,664.32,740.39,C1,Harry Johnson,Delayed,10,Yes,Passed,23
TXN104629,31-12-2025,Liverpool Logistics,Glasgow,Electronics,Tablet,Tesco Supply Ltd,BATCH-3988,Inbound,371,28,31,17,943.36,1161.9,D1,Emily Harris,Slightly Delayed,4,Yes,Failed,6
TXN104630,13-07-2025,Leeds Fulfillment,Liverpool,Home Appliances,Vacuum Cleaner,Northern Supply Chain,BATCH-6034,Outbound,989,484,33,3,309.41,469.67,D2,Noah Wilson,Delayed,8,Yes,Passed,4
TXN104631,20-05-2025,Birmingham Distribution,Leeds,Home Appliances,Microwave,Northern Supply Chain,BATCH-1359,Inbound,434,208,31,13,1113.53,1251.62,C2,Amelia Clark,On Time,3,Yes,Passed,13
TXN104632,25-12-2025,Liverpool Logistics,London,Fashion,Sneakers,Sainsbury Logistics,BATCH-8932,Inbound,59,25,31,8,659.51,751.99,B2,George Brown,Delayed,10,Yes,Passed,25
TXN104633,08-05-2026,Manchester Storage,Birmingham,Fashion,T-Shirt,Northern Supply Chain,BATCH-2387,Inbound,770,108,19,13,1047.04,1657.43,B1,Harry Johnson,On Time,1,No,Passed,15
TXN104634,10-04-2025,Birmingham Distribution,Birmingham,Pharma,Vitamin Tablets,Sainsbury Logistics,BATCH-2162,Outbound,404,112,32,9,1043.47,1671.0,A1,Charlie Davies,Delayed,7,Yes,Passed,14
TXN104635,19-05-2025,Bristol Supply Hub,Leeds,Pharma,Bandages,Sainsbury Logistics,BATCH-9556,Outbound,798,586,0,8,582.06,870.02,D2,Oliver Smith,Delayed,10,No,Passed,23
TXN104636,01-08-2025,Bristol Supply Hub,Manchester,Grocery,Cooking Oil,ASDA Distribution,BATCH-5378,Outbound,480,416,32,12,500.37,759.56,D1,George Brown,On Time,2,Yes,Passed,5
TXN104637,29-07-2025,Glasgow Warehouse,Liverpool,Electronics,Smartphone,UK Retail Goods,BATCH-1424,Outbound,832,484,5,3,885.86,1331.35,D2,Emily Harris,On Time,3,Yes,Passed,19
TXN104638,28-03-2026,Leeds Fulfillment,Birmingham,Pharma,Cough Syrup,Prime Wholesale UK,BATCH-8936,Inbound,312,263,21,11,1149.68,1680.26,C2,Charlie Davies,On Time,3,Yes,Passed,13
TXN104639,03-07-2025,London Central Hub,Liverpool,Home Appliances,Air Fryer,London Trade Corp,BATCH-7614,Outbound,548,61,1,2,969.62,1252.04,D1,Harry Johnson,Slightly Delayed,5,Yes,Passed,11
TXN104640,22-12-2025,Liverpool Logistics,Bristol,Fashion,Sneakers,ASDA Distribution,BATCH-9684,Inbound,949,76,20,17,593.2,781.56,D2,Noah Wilson,On Time,3,Yes,Passed,8
TXN104641,21-04-2025,Manchester Storage,Birmingham,Grocery,Rice Pack,Britannia Pharma,BATCH-9500,Outbound,684,55,11,1,1169.78,1704.53,A2,Noah Wilson,Delayed,9,No,Passed,6
TXN104642,08-02-2026,Liverpool Logistics,Birmingham,Home Appliances,Air Fryer,Britannia Pharma,BATCH-1098,Outbound,757,177,16,20,59.82,94.85,A1,Jack Taylor,On Time,1,Yes,Passed,3
TXN104643,05-05-2026,Newcastle Depot,Birmingham,Grocery,Cereal,Britannia Pharma,BATCH-2125,Outbound,98,89,4,20,669.04,844.68,C1,George Brown,Delayed,8,Yes,Passed,21
TXN104644,28-03-2026,Manchester Storage,Liverpool,Fashion,Sneakers,UK Retail Goods,BATCH-5406,Inbound,308,306,34,10,140.11,159.37,D2,Harry Johnson,On Time,1,No,Passed,5
TXN104645,20-09-2025,Glasgow Warehouse,Liverpool,Fashion,T-Shirt,London Trade Corp,BATCH-6620,Outbound,303,108,31,10,682.23,1175.71,D2,Amelia Clark,Slightly Delayed,5,Yes,Passed,5
TXN104646,19-11-2025,Birmingham Distribution,Leeds,Grocery,Cereal,Britannia Pharma,BATCH-2468,Outbound,910,467,27,9,210.44,374.15,C2,Noah Wilson,Slightly Delayed,5,No,Passed,15
TXN104647,27-04-2025,Manchester Storage,London,Fashion,Sneakers,Prime Wholesale UK,BATCH-1988,Inbound,274,125,8,3,903.2,1083.1,C1,Emily Harris,Delayed,8,No,Passed,13
TXN104648,04-09-2025,Leeds Fulfillment,Glasgow,Fashion,Jacket,London Trade Corp,BATCH-1562,Inbound,991,736,30,15,48.4,79.59,C1,George Brown,Slightly Delayed,5,Yes,Failed,25
TXN104649,07-12-2025,Glasgow Warehouse,Leeds,Pharma,Bandages,UK Retail Goods,BATCH-2427,Outbound,832,641,36,7,151.89,195.73,A1,Amelia Clark,Slightly Delayed,6,No,Passed,25
TXN104650,04-04-2026,Newcastle Depot,Birmingham,Home Appliances,Vacuum Cleaner,Northern Supply Chain,BATCH-4963,Inbound,445,268,27,0,818.43,1227.89,B1,Charlie Davies,Delayed,9,Yes,Failed,20
TXN104651,20-12-2025,Leeds Fulfillment,London,Home Appliances,Mixer,Britannia Pharma,BATCH-3342,Inbound,69,42,17,7,80.77,135.19,B1,Jack Taylor,Delayed,8,Yes,Failed,21
TXN104652,16-07-2025,Bristol Supply Hub,Bristol,Fashion,T-Shirt,UK Retail Goods,BATCH-9453,Inbound,780,450,1,12,307.0,542.27,A1,Noah Wilson,Slightly Delayed,5,Yes,Passed,3
TXN104653,14-08-2025,Liverpool Logistics,Manchester,Grocery,Tea Bags,UK Retail Goods,BATCH-2514,Inbound,426,291,29,16,61.92,87.73,D2,Charlie Davies,Delayed,8,No,Passed,4
TXN104654,05-03-2025,Manchester Storage,Liverpool,Home Appliances,Air Fryer,London Trade Corp,BATCH-6286,Outbound,320,288,39,20,264.67,392.95,B2,Jack Taylor,Delayed,7,Yes,Failed,10
TXN104655,29-01-2025,Manchester Storage,Newcastle,Pharma,Paracetamol,Northern Supply Chain,BATCH-8953,Outbound,461,442,11,10,1133.81,2038.27,B1,Emily Harris,Delayed,9,Yes,Passed,13
TXN104656,27-04-2026,Glasgow Warehouse,Birmingham,Electronics,Smartphone,London Trade Corp,BATCH-9219,Inbound,157,39,0,6,427.73,533.93,A1,Oliver Smith,Delayed,9,No,Passed,6
TXN104657,09-01-2026,Bristol Supply Hub,Bristol,Electronics,Keyboard,London Trade Corp,BATCH-4686,Outbound,92,24,36,17,869.56,1202.54,B2,Charlie Davies,Slightly Delayed,4,Yes,Passed,2
TXN104658,25-01-2026,Liverpool Logistics,London,Electronics,Tablet,ASDA Distribution,BATCH-3954,Outbound,581,62,0,12,118.72,180.22,C1,Harry Johnson,Delayed,9,Yes,Passed,7
TXN104659,25-12-2025,Manchester Storage,Glasgow,Pharma,Vitamin Tablets,Sainsbury Logistics,BATCH-9405,Outbound,205,64,18,14,105.19,163.89,C1,Charlie Davies,Slightly Delayed,6,No,Passed,23
TXN104660,23-04-2025,Bristol Supply Hub,Manchester,Electronics,Laptop,ASDA Distribution,BATCH-9898,Inbound,687,439,40,19,972.14,1090.39,C1,Emily Harris,On Time,2,No,Passed,4
TXN104661,12-09-2025,Manchester Storage,Manchester,Fashion,Jacket,Northern Supply Chain,BATCH-6096,Outbound,197,168,0,8,193.84,215.51,B2,Noah Wilson,On Time,3,No,Passed,6
TXN104662,17-03-2026,London Central Hub,Leeds,Electronics,Keyboard,ASDA Distribution,BATCH-1216,Outbound,101,24,37,1,482.71,740.07,A1,Amelia Clark,On Time,2,Yes,Passed,6
TXN104663,23-02-2025,Bristol Supply Hub,Manchester,Electronics,Smartphone,ASDA Distribution,BATCH-6134,Outbound,527,436,25,15,247.1,280.35,B2,Oliver Smith,Delayed,10,No,Passed,14
TXN104664,07-01-2026,Manchester Storage,London,Pharma,Bandages,UK Retail Goods,BATCH-7712,Inbound,299,59,36,9,415.34,502.08,D1,Charlie Davies,Slightly Delayed,4,No,Passed,7
TXN104665,04-04-2025,Bristol Supply Hub,Liverpool,Home Appliances,Microwave,Britannia Pharma,BATCH-6353,Outbound,309,81,8,13,274.14,425.24,B1,Amelia Clark,Delayed,7,Yes,Passed,11
TXN104666,16-03-2026,Bristol Supply Hub,Bristol,Grocery,Coffee,Northern Supply Chain,BATCH-1763,Outbound,862,148,10,14,845.09,1084.46,C2,Jack Taylor,Delayed,9,No,Passed,22
TXN104667,20-08-2025,Leeds Fulfillment,Birmingham,Home Appliances,Vacuum Cleaner,Britannia Pharma,BATCH-4940,Inbound,702,660,20,8,344.54,460.42,D2,Noah Wilson,On Time,2,No,Failed,17
TXN104668,05-03-2026,Birmingham Distribution,Newcastle,Home Appliances,Air Fryer,Tesco Supply Ltd,BATCH-7850,Inbound,479,58,0,1,790.95,1044.98,D2,Harry Johnson,Slightly Delayed,5,Yes,Passed,2
TXN104669,24-09-2025,Bristol Supply Hub,Leeds,Home Appliances,Air Fryer,Northern Supply Chain,BATCH-1379,Inbound,209,150,22,16,1112.27,1341.94,B2,Amelia Clark,On Time,1,No,Passed,15
TXN104670,20-01-2026,Manchester Storage,Bristol,Home Appliances,Air Fryer,Northern Supply Chain,BATCH-8696,Outbound,88,31,22,16,14.61,18.57,A1,Jack Taylor,Slightly Delayed,4,No,Passed,13
TXN104671,06-12-2025,Birmingham Distribution,Birmingham,Pharma,Vitamin Tablets,Prime Wholesale UK,BATCH-4681,Inbound,776,72,31,15,222.53,252.09,C2,Noah Wilson,Delayed,8,No,Passed,14
TXN104672,24-02-2026,Glasgow Warehouse,Liverpool,Pharma,Bandages,Prime Wholesale UK,BATCH-6086,Outbound,779,419,39,6,35.46,61.1,A1,Oliver Smith,Slightly Delayed,6,No,Passed,9
TXN104673,29-06-2025,Newcastle Depot,Leeds,Grocery,Coffee,UK Retail Goods,BATCH-7057,Inbound,122,87,32,13,780.17,1192.21,A2,Harry Johnson,Slightly Delayed,6,No,Passed,19
TXN104674,23-03-2026,London Central Hub,Glasgow,Home Appliances,Vacuum Cleaner,Prime Wholesale UK,BATCH-4638,Inbound,387,42,10,13,923.82,1116.06,D2,Emily Harris,Delayed,9,No,Passed,17
TXN104675,21-02-2025,Liverpool Logistics,Manchester,Electronics,Laptop,Northern Supply Chain,BATCH-7387,Inbound,594,583,6,7,53.11,74.73,A2,Noah Wilson,Slightly Delayed,5,Yes,Passed,6
TXN104676,17-03-2025,Birmingham Distribution,Birmingham,Home Appliances,Mixer,Britannia Pharma,BATCH-1151,Outbound,461,205,5,8,1165.74,1797.48,C1,Charlie Davies,Slightly Delayed,4,Yes,Passed,7
TXN104677,14-04-2026,Leeds Fulfillment,Manchester,Home Appliances,Microwave,Prime Wholesale UK,BATCH-4312,Outbound,418,103,19,14,870.72,1328.0,D2,Harry Johnson,Delayed,10,Yes,Passed,16
TXN104678,20-02-2025,Glasgow Warehouse,Leeds,Pharma,Vitamin Tablets,Prime Wholesale UK,BATCH-9870,Outbound,290,91,12,3,1142.2,1534.49,A1,Emily Harris,On Time,3,No,Failed,24
TXN104679,21-04-2025,Bristol Supply Hub,Liverpool,Fashion,T-Shirt,ASDA Distribution,BATCH-1409,Inbound,319,50,39,0,814.19,957.59,B2,George Brown,Slightly Delayed,5,Yes,Passed,3
TXN104680,27-11-2025,Manchester Storage,Leeds,Electronics,Smartphone,ASDA Distribution,BATCH-7710,Inbound,65,53,11,9,818.48,1398.64,C2,Charlie Davies,Delayed,7,No,Passed,15
TXN104681,15-10-2025,Glasgow Warehouse,Newcastle,Home Appliances,Microwave,Northern Supply Chain,BATCH-8852,Inbound,139,56,22,14,347.19,440.7,D1,Noah Wilson,Slightly Delayed,6,No,Failed,8
TXN104682,21-10-2025,Glasgow Warehouse,Newcastle,Fashion,T-Shirt,London Trade Corp,BATCH-5083,Inbound,626,587,28,7,243.58,399.08,C1,Charlie Davies,On Time,2,Yes,Passed,14
TXN104683,23-04-2026,Birmingham Distribution,Bristol,Electronics,Monitor,ASDA Distribution,BATCH-3093,Inbound,327,274,6,6,95.68,171.08,D2,Noah Wilson,Slightly Delayed,4,Yes,Passed,14
TXN104684,06-06-2025,Manchester Storage,Leeds,Pharma,Paracetamol,ASDA Distribution,BATCH-9113,Outbound,317,245,21,14,869.78,1432.12,C2,Oliver Smith,Delayed,8,Yes,Passed,21
TXN104685,08-04-2026,Manchester Storage,Newcastle,Electronics,Smartphone,London Trade Corp,BATCH-2419,Outbound,664,385,39,7,90.89,134.94,C1,Jack Taylor,Delayed,8,No,Passed,17
TXN104686,18-03-2026,London Central Hub,Newcastle,Pharma,Cough Syrup,Britannia Pharma,BATCH-6817,Outbound,794,280,12,19,557.28,940.46,B1,Oliver Smith,On Time,3,No,Passed,23
TXN104687,19-09-2025,Newcastle Depot,Liverpool,Home Appliances,Mixer,Tesco Supply Ltd,BATCH-9547,Outbound,289,190,6,19,20.15,29.09,D1,George Brown,On Time,2,No,Passed,5
TXN104688,10-12-2025,Newcastle Depot,Leeds,Grocery,Cereal,Prime Wholesale UK,BATCH-2672,Inbound,704,204,17,2,1132.27,1315.66,D1,Jack Taylor,Slightly Delayed,5,Yes,Passed,4
TXN104689,19-05-2025,Newcastle Depot,Liverpool,Pharma,Cough Syrup,Prime Wholesale UK,BATCH-7239,Outbound,170,153,37,10,26.59,45.56,A2,Emily Harris,Delayed,7,Yes,Passed,17
TXN104690,25-01-2026,Newcastle Depot,Manchester,Pharma,Vitamin Tablets,Prime Wholesale UK,BATCH-4684,Outbound,421,93,29,9,824.59,913.23,D2,Harry Johnson,Slightly Delayed,5,No,Passed,25
TXN104691,23-02-2026,Manchester Storage,Birmingham,Fashion,Handbag,Tesco Supply Ltd,BATCH-4106,Inbound,707,473,11,18,812.24,894.66,D1,Noah Wilson,On Time,1,No,Passed,10
TXN104692,08-01-2025,Birmingham Distribution,Birmingham,Grocery,Cooking Oil,ASDA Distribution,BATCH-3305,Outbound,851,361,32,15,1088.01,1887.82,C1,Amelia Clark,Delayed,8,No,Failed,3
TXN104693,09-06-2025,London Central Hub,Newcastle,Fashion,Jacket,Britannia Pharma,BATCH-2455,Inbound,723,409,24,19,788.7,1015.41,A2,Jack Taylor,Delayed,10,No,Passed,8
TXN104694,30-10-2025,Manchester Storage,Newcastle,Grocery,Cooking Oil,ASDA Distribution,BATCH-4889,Outbound,572,502,16,6,889.43,1279.74,A1,Noah Wilson,On Time,3,Yes,Passed,2
TXN104695,27-07-2025,Liverpool Logistics,Bristol,Fashion,T-Shirt,Tesco Supply Ltd,BATCH-6350,Outbound,796,178,8,8,91.66,159.63,A2,Oliver Smith,Slightly Delayed,6,No,Failed,5
TXN104696,25-04-2025,Liverpool Logistics,Liverpool,Electronics,Monitor,ASDA Distribution,BATCH-3425,Outbound,751,357,26,5,515.05,923.38,D1,Emily Harris,Slightly Delayed,4,No,Passed,15
TXN104697,07-12-2025,Leeds Fulfillment,Liverpool,Fashion,Jeans,Britannia Pharma,BATCH-7116,Inbound,883,468,36,17,666.65,1009.47,C2,Amelia Clark,On Time,1,Yes,Failed,6
TXN104698,26-10-2025,Liverpool Logistics,Birmingham,Grocery,Cooking Oil,London Trade Corp,BATCH-4502,Outbound,734,85,10,9,685.13,885.01,A2,Jack Taylor,On Time,3,No,Passed,7
TXN104699,18-08-2025,Liverpool Logistics,Leeds,Home Appliances,Mixer,Tesco Supply Ltd,BATCH-5712,Outbound,402,56,20,16,713.18,1168.76,D1,Charlie Davies,On Time,3,Yes,Passed,9
TXN104700,20-01-2025,Bristol Supply Hub,Liverpool,Fashion,Jeans,ASDA Distribution,BATCH-6855,Inbound,576,198,33,5,279.35,388.03,D2,Harry Johnson,Delayed,9,No,Passed,14
TXN104701,25-03-2026,Bristol Supply Hub,Bristol,Fashion,T-Shirt,Tesco Supply Ltd,BATCH-5324,Outbound,344,241,24,5,971.96,1583.0,D1,Emily Harris,On Time,1,No,Passed,25
TXN104702,06-07-2025,Newcastle Depot,Bristol,Pharma,Paracetamol,ASDA Distribution,BATCH-7159,Inbound,101,52,30,19,498.59,601.3,D1,Harry Johnson,On Time,3,Yes,Passed,17
TXN104703,30-03-2026,Glasgow Warehouse,Bristol,Electronics,Laptop,London Trade Corp,BATCH-9381,Outbound,568,480,6,15,760.73,1187.2,A1,George Brown,On Time,3,Yes,Passed,13
TXN104704,05-05-2025,Newcastle Depot,Newcastle,Grocery,Coffee,Northern Supply Chain,BATCH-3958,Outbound,534,128,17,3,867.46,1354.29,A1,Harry Johnson,Delayed,7,Yes,Passed,11
TXN104705,05-02-2025,London Central Hub,Bristol,Fashion,Handbag,London Trade Corp,BATCH-1085,Outbound,332,83,29,0,872.53,1288.79,D1,Charlie Davies,On Time,1,No,Passed,10
TXN104706,17-06-2025,Glasgow Warehouse,Newcastle,Pharma,Cough Syrup,Tesco Supply Ltd,BATCH-2142,Inbound,987,203,24,13,526.22,672.61,D2,Jack Taylor,On Time,2,No,Failed,20
TXN104707,10-05-2025,London Central Hub,Glasgow,Electronics,Monitor,Northern Supply Chain,BATCH-4363,Outbound,322,127,33,17,847.32,1381.4,C1,Charlie Davies,On Time,1,Yes,Passed,4
TXN104708,30-07-2025,Manchester Storage,Newcastle,Grocery,Rice Pack,London Trade Corp,BATCH-8043,Inbound,555,555,16,2,412.25,641.41,A2,Noah Wilson,Delayed,7,No,Failed,23
TXN104709,21-04-2026,Leeds Fulfillment,London,Pharma,Vitamin Tablets,UK Retail Goods,BATCH-4776,Inbound,761,692,37,12,865.28,1538.45,D2,George Brown,Delayed,10,No,Passed,22
TXN104710,06-08-2025,Bristol Supply Hub,Glasgow,Pharma,Paracetamol,London Trade Corp,BATCH-3412,Inbound,340,95,6,8,398.11,560.54,D1,George Brown,On Time,2,Yes,Failed,14
TXN104711,18-02-2025,Leeds Fulfillment,Newcastle,Fashion,T-Shirt,London Trade Corp,BATCH-8377,Outbound,638,295,8,2,537.78,595.87,B1,Harry Johnson,On Time,1,Yes,Passed,16
TXN104712,05-04-2026,Bristol Supply Hub,London,Electronics,Monitor,Britannia Pharma,BATCH-5486,Inbound,294,221,2,5,13.01,20.86,D2,Charlie Davies,On Time,3,No,Passed,1
TXN104713,31-03-2025,Liverpool Logistics,Newcastle,Fashion,Jacket,ASDA Distribution,BATCH-6187,Inbound,971,593,23,3,457.23,663.46,C1,Harry Johnson,Delayed,7,Yes,Passed,17
TXN104714,03-12-2025,Bristol Supply Hub,London,Home Appliances,Vacuum Cleaner,Prime Wholesale UK,BATCH-3797,Inbound,447,405,20,4,883.65,1195.92,C1,Jack Taylor,Slightly Delayed,6,Yes,Failed,20
TXN104715,27-08-2025,Glasgow Warehouse,Newcastle,Pharma,Bandages,London Trade Corp,BATCH-4343,Outbound,266,89,0,10,1010.53,1733.01,D1,Noah Wilson,On Time,2,No,Passed,6
TXN104716,26-01-2025,Birmingham Distribution,Birmingham,Electronics,Smartphone,London Trade Corp,BATCH-2436,Outbound,233,22,35,20,227.87,388.52,B1,Harry Johnson,Delayed,9,No,Passed,14
TXN104717,06-02-2025,Liverpool Logistics,Leeds,Grocery,Tea Bags,Britannia Pharma,BATCH-3708,Inbound,684,405,25,8,89.18,98.44,D2,Noah Wilson,On Time,1,Yes,Passed,0
TXN104718,11-09-2025,Glasgow Warehouse,Manchester,Home Appliances,Vacuum Cleaner,Northern Supply Chain,BATCH-6879,Inbound,760,516,1,17,737.67,814.86,C1,Jack Taylor,Slightly Delayed,4,No,Passed,9
TXN104719,19-03-2026,London Central Hub,Liverpool,Electronics,Monitor,Sainsbury Logistics,BATCH-4601,Outbound,330,270,29,13,651.62,931.15,A2,Charlie Davies,Delayed,10,Yes,Failed,0
TXN104720,18-05-2025,Liverpool Logistics,Birmingham,Electronics,Laptop,Tesco Supply Ltd,BATCH-5048,Outbound,839,395,36,12,717.97,893.87,C2,Charlie Davies,Slightly Delayed,6,No,Passed,5
TXN104721,10-03-2026,Glasgow Warehouse,Newcastle,Grocery,Tea Bags,UK Retail Goods,BATCH-9136,Inbound,481,108,26,8,1137.16,1607.86,B2,Emily Harris,Delayed,8,Yes,Passed,12
TXN104722,15-02-2026,Leeds Fulfillment,Newcastle,Grocery,Rice Pack,Britannia Pharma,BATCH-8664,Outbound,527,278,33,5,727.65,905.64,B2,George Brown,On Time,2,No,Failed,23
TXN104723,11-03-2025,Birmingham Distribution,Birmingham,Fashion,Jeans,Tesco Supply Ltd,BATCH-4755,Inbound,437,45,18,9,934.12,1569.73,A1,George Brown,Delayed,10,No,Passed,20
TXN104724,17-03-2025,Newcastle Depot,Newcastle,Grocery,Coffee,Prime Wholesale UK,BATCH-3892,Outbound,197,83,19,17,985.11,1388.79,C2,Amelia Clark,On Time,2,No,Passed,11
TXN104725,05-05-2025,Leeds Fulfillment,Birmingham,Electronics,Smartphone,Britannia Pharma,BATCH-7858,Outbound,755,156,33,8,288.27,319.06,C2,George Brown,Slightly Delayed,5,Yes,Passed,1
TXN104726,22-02-2025,Glasgow Warehouse,Leeds,Grocery,Cereal,UK Retail Goods,BATCH-9037,Inbound,345,307,2,11,1088.47,1386.92,D1,George Brown,Slightly Delayed,4,No,Passed,25
TXN104727,21-03-2026,Leeds Fulfillment,Glasgow,Home Appliances,Microwave,Prime Wholesale UK,BATCH-6470,Outbound,853,370,34,6,648.36,1092.52,D1,Emily Harris,Slightly Delayed,6,No,Passed,0
TXN104728,24-01-2026,Leeds Fulfillment,London,Grocery,Coffee,UK Retail Goods,BATCH-8816,Inbound,338,45,4,3,1084.46,1412.04,A2,Emily Harris,On Time,3,No,Passed,17
TXN104729,13-10-2025,Bristol Supply Hub,London,Pharma,Cough Syrup,Prime Wholesale UK,BATCH-5118,Outbound,128,115,22,1,442.48,659.48,B1,Amelia Clark,On Time,3,No,Failed,24
TXN104730,07-09-2025,London Central Hub,Manchester,Pharma,Cough Syrup,Prime Wholesale UK,BATCH-3595,Outbound,342,92,10,17,292.52,437.83,C2,Charlie Davies,Slightly Delayed,5,Yes,Passed,11
TXN104731,01-05-2026,Manchester Storage,Manchester,Home Appliances,Vacuum Cleaner,ASDA Distribution,BATCH-3961,Inbound,655,337,11,10,687.08,843.73,B2,Charlie Davies,Slightly Delayed,4,Yes,Passed,3
TXN104732,11-03-2026,Birmingham Distribution,London,Fashion,T-Shirt,Sainsbury Logistics,BATCH-2554,Outbound,256,133,16,19,597.66,1022.84,C1,Jack Taylor,On Time,3,Yes,Passed,7
TXN104733,24-05-2025,Newcastle Depot,London,Home Appliances,Vacuum Cleaner,Northern Supply Chain,BATCH-3074,Inbound,707,293,28,10,649.62,1090.06,B1,George Brown,Delayed,8,No,Passed,10
TXN104734,30-06-2025,Manchester Storage,Leeds,Electronics,Smartphone,Sainsbury Logistics,BATCH-5910,Outbound,619,365,22,4,1034.8,1296.54,D1,Noah Wilson,Slightly Delayed,5,No,Passed,3
TXN104735,28-10-2025,Bristol Supply Hub,Manchester,Electronics,Keyboard,ASDA Distribution,BATCH-3014,Inbound,883,619,39,12,330.41,384.24,B1,Harry Johnson,Slightly Delayed,5,No,Failed,25
TXN104736,20-08-2025,Liverpool Logistics,Leeds,Pharma,Vitamin Tablets,Northern Supply Chain,BATCH-7406,Inbound,488,335,17,3,1056.85,1735.15,B2,Oliver Smith,On Time,2,Yes,Passed,3
TXN104737,19-02-2026,Manchester Storage,Liverpool,Grocery,Rice Pack,Britannia Pharma,BATCH-8359,Inbound,556,128,33,15,112.42,128.05,A2,Oliver Smith,Delayed,7,Yes,Passed,22
TXN104738,10-06-2025,Bristol Supply Hub,Newcastle,Grocery,Cereal,ASDA Distribution,BATCH-5497,Inbound,745,524,40,3,579.96,1039.2,C2,Noah Wilson,Delayed,9,Yes,Passed,1
TXN104739,05-04-2026,Bristol Supply Hub,Birmingham,Electronics,Laptop,ASDA Distribution,BATCH-3636,Inbound,766,500,14,11,1050.97,1534.33,D1,Jack Taylor,On Time,2,Yes,Passed,8
TXN104740,26-02-2026,London Central Hub,Liverpool,Home Appliances,Air Fryer,ASDA Distribution,BATCH-2891,Outbound,296,231,21,0,650.74,1100.07,A1,Oliver Smith,Delayed,9,Yes,Passed,12
TXN104741,17-06-2025,Glasgow Warehouse,Liverpool,Fashion,T-Shirt,ASDA Distribution,BATCH-1840,Inbound,493,194,3,17,442.59,759.59,C1,George Brown,Slightly Delayed,5,No,Failed,12
TXN104742,19-02-2026,Glasgow Warehouse,Leeds,Pharma,Cough Syrup,London Trade Corp,BATCH-9593,Inbound,146,134,15,15,1172.43,1997.5,C1,Noah Wilson,Delayed,8,Yes,Passed,4
TXN104743,30-01-2026,Bristol Supply Hub,Birmingham,Grocery,Coffee,ASDA Distribution,BATCH-7706,Outbound,407,331,37,18,1067.82,1290.95,C2,Charlie Davies,Slightly Delayed,5,No,Passed,24
TXN104744,18-07-2025,London Central Hub,Birmingham,Fashion,T-Shirt,Northern Supply Chain,BATCH-5508,Inbound,55,41,32,15,665.87,1019.01,B1,Harry Johnson,Delayed,8,No,Passed,18
TXN104745,08-08-2025,Newcastle Depot,Manchester,Pharma,Paracetamol,Prime Wholesale UK,BATCH-9668,Inbound,463,158,21,19,988.96,1658.08,B2,Charlie Davies,Delayed,10,Yes,Passed,18
TXN104746,20-06-2025,Manchester Storage,Leeds,Fashion,Jacket,Prime Wholesale UK,BATCH-2704,Inbound,858,602,23,16,469.13,535.98,B1,Charlie Davies,On Time,1,Yes,Failed,10
TXN104747,20-12-2025,London Central Hub,Birmingham,Fashion,Sneakers,ASDA Distribution,BATCH-1996,Outbound,272,151,2,18,143.25,255.88,A2,Harry Johnson,Delayed,9,Yes,Passed,19
TXN104748,13-06-2025,London Central Hub,Leeds,Fashion,Handbag,Tesco Supply Ltd,BATCH-4320,Inbound,734,702,10,18,241.11,331.6,D2,Noah Wilson,On Time,3,Yes,Passed,12
TXN104749,30-01-2026,Glasgow Warehouse,Bristol,Electronics,Keyboard,London Trade Corp,BATCH-7615,Outbound,891,761,0,16,215.96,304.35,C2,Jack Taylor,On Time,3,No,Passed,23
TXN104750,07-01-2025,Leeds Fulfillment,Manchester,Grocery,Rice Pack,Northern Supply Chain,BATCH-6834,Outbound,182,117,13,12,904.29,1207.51,A2,Amelia Clark,On Time,1,No,Passed,20
TXN104751,26-08-2025,Liverpool Logistics,London,Electronics,Laptop,Northern Supply Chain,BATCH-9346,Inbound,493,461,12,19,899.82,1116.74,D2,Emily Harris,Delayed,10,No,Passed,22
TXN104752,27-10-2025,London Central Hub,Bristol,Electronics,Smartphone,London Trade Corp,BATCH-7898,Outbound,888,211,22,20,150.44,227.41,C2,Emily Harris,On Time,3,No,Passed,20
TXN104753,19-03-2026,Glasgow Warehouse,Leeds,Electronics,Smartphone,UK Retail Goods,BATCH-5780,Outbound,381,74,33,15,265.95,360.31,B1,Oliver Smith,Slightly Delayed,6,Yes,Failed,22
TXN104754,14-09-2025,Birmingham Distribution,London,Electronics,Tablet,Sainsbury Logistics,BATCH-8656,Inbound,350,305,9,1,211.59,295.1,C2,Noah Wilson,Slightly Delayed,4,No,Failed,3
TXN104755,15-03-2026,Bristol Supply Hub,Birmingham,Electronics,Monitor,London Trade Corp,BATCH-8773,Outbound,290,245,4,14,655.27,886.46,B2,Noah Wilson,Delayed,8,Yes,Passed,25
TXN104756,07-04-2025,London Central Hub,Newcastle,Electronics,Monitor,Britannia Pharma,BATCH-4113,Inbound,336,249,34,18,482.3,553.35,A1,Oliver Smith,Slightly Delayed,6,No,Passed,11
TXN104757,16-11-2025,Newcastle Depot,London,Electronics,Smartphone,Britannia Pharma,BATCH-7654,Inbound,843,263,14,3,442.41,662.46,A2,Charlie Davies,Delayed,10,Yes,Passed,6
TXN104758,16-01-2026,Bristol Supply Hub,Leeds,Fashion,Handbag,ASDA Distribution,BATCH-7296,Outbound,565,244,2,3,806.04,947.76,A2,Noah Wilson,Delayed,7,No,Passed,23
TXN104759,04-01-2026,Manchester Storage,Liverpool,Fashion,T-Shirt,ASDA Distribution,BATCH-7670,Inbound,294,56,7,18,930.99,1536.61,D2,Jack Taylor,On Time,3,No,Failed,25
TXN104760,27-04-2026,Newcastle Depot,Newcastle,Grocery,Coffee,Sainsbury Logistics,BATCH-7589,Outbound,135,86,28,17,1147.68,1434.57,C2,Oliver Smith,Slightly Delayed,6,Yes,Passed,10
TXN104761,08-11-2025,Leeds Fulfillment,Newcastle,Pharma,Paracetamol,Northern Supply Chain,BATCH-8269,Inbound,708,365,13,6,199.13,265.55,C1,George Brown,Slightly Delayed,6,Yes,Failed,25
TXN104762,01-01-2026,London Central Hub,Birmingham,Electronics,Tablet,Britannia Pharma,BATCH-1496,Inbound,360,163,21,16,736.73,898.77,C1,Harry Johnson,Slightly Delayed,4,No,Failed,18
TXN104763,13-10-2025,Newcastle Depot,Manchester,Home Appliances,Air Fryer,Britannia Pharma,BATCH-2281,Outbound,567,352,37,4,1084.9,1591.55,D1,Oliver Smith,Delayed,7,Yes,Failed,11
TXN104764,11-12-2025,Birmingham Distribution,Bristol,Home Appliances,Microwave,Britannia Pharma,BATCH-1318,Outbound,152,20,4,20,126.94,227.91,A2,Emily Harris,Slightly Delayed,5,No,Passed,16
TXN104765,16-04-2026,Bristol Supply Hub,Birmingham,Home Appliances,Vacuum Cleaner,Tesco Supply Ltd,BATCH-9156,Outbound,121,98,6,20,572.11,861.13,A2,Emily Harris,On Time,3,No,Passed,13
TXN104766,27-12-2025,Glasgow Warehouse,Glasgow,Fashion,Sneakers,Prime Wholesale UK,BATCH-3526,Inbound,984,725,2,1,535.98,601.15,C2,Emily Harris,On Time,3,Yes,Passed,4
TXN104767,09-10-2025,Newcastle Depot,Glasgow,Electronics,Smartphone,Tesco Supply Ltd,BATCH-5763,Inbound,530,291,22,11,65.74,86.35,A2,Amelia Clark,Delayed,7,Yes,Passed,2
TXN104768,05-11-2025,Liverpool Logistics,London,Fashion,T-Shirt,Tesco Supply Ltd,BATCH-7261,Inbound,444,251,38,14,591.36,1031.03,D2,Emily Harris,Slightly Delayed,6,No,Failed,9
TXN104769,01-02-2025,Newcastle Depot,Liverpool,Pharma,Cough Syrup,UK Retail Goods,BATCH-2245,Inbound,947,889,5,20,580.5,1021.76,C2,Jack Taylor,Slightly Delayed,4,Yes,Passed,22
TXN104770,03-04-2025,Newcastle Depot,Leeds,Electronics,Laptop,UK Retail Goods,BATCH-6360,Inbound,286,52,15,8,1183.39,1697.14,C1,Harry Johnson,Slightly Delayed,5,No,Failed,7
TXN104771,20-08-2025,London Central Hub,Manchester,Home Appliances,Microwave,Sainsbury Logistics,BATCH-8540,Outbound,69,27,1,9,1110.97,1657.17,B2,Emily Harris,On Time,1,No,Passed,5
TXN104772,12-03-2025,Manchester Storage,Leeds,Home Appliances,Vacuum Cleaner,London Trade Corp,BATCH-3979,Inbound,826,344,1,20,734.98,1124.01,C1,Noah Wilson,Slightly Delayed,5,Yes,Passed,24
TXN104773,15-04-2026,Leeds Fulfillment,Newcastle,Electronics,Smartphone,London Trade Corp,BATCH-6602,Inbound,719,51,26,6,1030.7,1652.27,D1,Charlie Davies,Delayed,7,No,Passed,3
TXN104774,20-03-2026,Glasgow Warehouse,Liverpool,Pharma,Paracetamol,Sainsbury Logistics,BATCH-6840,Outbound,902,795,12,10,330.29,424.17,C1,Amelia Clark,Delayed,7,No,Passed,2
TXN104775,06-05-2025,Newcastle Depot,Liverpool,Grocery,Rice Pack,Britannia Pharma,BATCH-2388,Inbound,57,46,39,16,1000.94,1359.41,D2,Oliver Smith,Delayed,8,Yes,Passed,9
TXN104776,17-06-2025,Birmingham Distribution,Bristol,Pharma,Bandages,London Trade Corp,BATCH-8368,Inbound,919,237,0,14,128.67,146.78,D2,Noah Wilson,On Time,3,Yes,Passed,9
TXN104777,06-07-2025,Leeds Fulfillment,Bristol,Electronics,Monitor,Northern Supply Chain,BATCH-7201,Inbound,813,811,9,0,427.33,546.26,D2,Harry Johnson,Delayed,7,Yes,Passed,2
TXN104778,21-04-2026,Newcastle Depot,Glasgow,Grocery,Coffee,Tesco Supply Ltd,BATCH-5064,Outbound,98,33,14,5,478.95,609.07,C2,George Brown,Slightly Delayed,4,Yes,Passed,7
TXN104779,14-07-2025,Glasgow Warehouse,London,Pharma,Cough Syrup,ASDA Distribution,BATCH-4909,Inbound,872,795,16,19,733.96,902.16,C1,Jack Taylor,Delayed,9,Yes,Passed,21
TXN104780,20-11-2025,Bristol Supply Hub,Glasgow,Fashion,Sneakers,ASDA Distribution,BATCH-5464,Inbound,756,596,7,10,268.38,388.59,B2,Emily Harris,Slightly Delayed,4,Yes,Passed,8
TXN104781,08-05-2026,Liverpool Logistics,Bristol,Home Appliances,Microwave,Northern Supply Chain,BATCH-2207,Inbound,428,71,12,3,997.06,1772.08,B2,Charlie Davies,Delayed,9,No,Passed,11
TXN104782,27-02-2026,London Central Hub,London,Fashion,T-Shirt,ASDA Distribution,BATCH-2862,Inbound,724,708,20,0,1142.7,1760.64,A2,Charlie Davies,Delayed,8,Yes,Passed,11
TXN104783,21-02-2025,Manchester Storage,London,Grocery,Cereal,Prime Wholesale UK,BATCH-9091,Inbound,393,306,37,7,867.62,980.91,D2,Jack Taylor,On Time,3,No,Passed,13
TXN104784,03-05-2025,Liverpool Logistics,London,Grocery,Coffee,Northern Supply Chain,BATCH-4520,Inbound,530,343,40,7,536.79,867.97,D1,Harry Johnson,Delayed,9,No,Passed,1
TXN104785,04-04-2026,Birmingham Distribution,Newcastle,Grocery,Cooking Oil,Prime Wholesale UK,BATCH-2195,Inbound,200,135,17,4,840.82,976.69,C2,Oliver Smith,Delayed,9,Yes,Failed,22
TXN104786,21-04-2025,Liverpool Logistics,Liverpool,Home Appliances,Vacuum Cleaner,UK Retail Goods,BATCH-4517,Outbound,223,110,20,2,186.99,232.48,D1,George Brown,Delayed,9,Yes,Failed,13
TXN104787,05-07-2025,Leeds Fulfillment,Leeds,Pharma,Vitamin Tablets,Prime Wholesale UK,BATCH-4912,Inbound,309,25,2,3,985.92,1277.11,B2,Noah Wilson,On Time,3,No,Passed,15
TXN104788,15-12-2025,Bristol Supply Hub,London,Electronics,Monitor,London Trade Corp,BATCH-3240,Outbound,486,103,33,0,820.05,1339.06,C1,Oliver Smith,Delayed,10,No,Passed,15
TXN104789,02-10-2025,Newcastle Depot,Newcastle,Fashion,Jacket,ASDA Distribution,BATCH-2975,Outbound,68,22,9,14,411.94,595.95,C1,Oliver Smith,Delayed,10,Yes,Failed,9
TXN104790,07-04-2026,Bristol Supply Hub,Liverpool,Home Appliances,Vacuum Cleaner,Tesco Supply Ltd,BATCH-8314,Inbound,810,541,36,13,1046.92,1395.15,D2,George Brown,Delayed,7,No,Passed,24
TXN104791,24-02-2025,Liverpool Logistics,Manchester,Pharma,Bandages,UK Retail Goods,BATCH-5089,Outbound,700,241,6,17,1039.45,1634.58,A1,Emily Harris,Delayed,10,Yes,Failed,15
TXN104792,07-04-2026,Liverpool Logistics,Bristol,Pharma,Bandages,UK Retail Goods,BATCH-3227,Outbound,803,161,10,5,166.73,214.89,D1,Harry Johnson,Delayed,7,No,Passed,12
TXN104793,25-01-2026,Leeds Fulfillment,Leeds,Home Appliances,Air Fryer,Northern Supply Chain,BATCH-8509,Outbound,251,70,0,5,967.28,1733.52,C1,Emily Harris,Slightly Delayed,6,Yes,Passed,23
TXN104794,23-11-2025,Liverpool Logistics,London,Fashion,T-Shirt,Tesco Supply Ltd,BATCH-2335,Outbound,430,402,24,18,799.05,1306.21,C2,Oliver Smith,Slightly Delayed,6,No,Passed,23
TXN104795,05-05-2026,Leeds Fulfillment,London,Pharma,Paracetamol,London Trade Corp,BATCH-6569,Outbound,885,226,13,11,782.35,1233.95,A2,Jack Taylor,Delayed,7,No,Failed,14
TXN104796,24-01-2025,Bristol Supply Hub,Newcastle,Grocery,Cooking Oil,ASDA Distribution,BATCH-7823,Outbound,624,122,24,1,884.17,1173.44,D2,Harry Johnson,Delayed,7,No,Passed,12
TXN104797,10-07-2025,Bristol Supply Hub,London,Fashion,Jeans,London Trade Corp,BATCH-1293,Inbound,174,97,35,2,191.31,316.21,A1,Amelia Clark,Delayed,10,No,Failed,2
TXN104798,30-01-2026,Liverpool Logistics,Bristol,Pharma,Bandages,Sainsbury Logistics,BATCH-8084,Inbound,968,162,1,5,305.6,480.67,D1,Noah Wilson,Delayed,10,No,Passed,23
TXN104799,09-07-2025,Manchester Storage,London,Fashion,Handbag,ASDA Distribution,BATCH-2768,Outbound,94,66,13,12,188.99,262.58,A1,Emily Harris,Delayed,7,Yes,Passed,21
TXN104800,31-10-2025,Bristol Supply Hub,Newcastle,Electronics,Laptop,London Trade Corp,BATCH-3282,Outbound,538,450,17,7,796.94,1338.69,D2,Charlie Davies,Delayed,10,Yes,Passed,15
TXN104801,05-05-2025,Birmingham Distribution,Newcastle,Electronics,Tablet,London Trade Corp,BATCH-5098,Inbound,681,476,10,11,654.89,970.68,A1,Oliver Smith,On Time,2,No,Passed,12
TXN104802,17-06-2025,Leeds Fulfillment,Liverpool,Fashion,Sneakers,ASDA Distribution,BATCH-8719,Inbound,120,86,9,20,677.47,1060.13,A1,Oliver Smith,On Time,1,No,Passed,23
TXN104803,31-08-2025,Birmingham Distribution,Leeds,Pharma,Bandages,UK Retail Goods,BATCH-3421,Inbound,609,495,36,15,941.18,1219.32,C2,Amelia Clark,Slightly Delayed,6,No,Passed,20
TXN104804,08-05-2025,Liverpool Logistics,Newcastle,Home Appliances,Vacuum Cleaner,Tesco Supply Ltd,BATCH-8931,Inbound,630,207,30,6,66.17,113.33,C1,Charlie Davies,Delayed,8,No,Passed,15
TXN104805,02-09-2025,Liverpool Logistics,Newcastle,Pharma,Cough Syrup,London Trade Corp,BATCH-8328,Inbound,715,600,38,0,768.35,1227.15,D2,Oliver Smith,Delayed,10,No,Passed,11
TXN104806,07-03-2026,Leeds Fulfillment,Bristol,Grocery,Rice Pack,Northern Supply Chain,BATCH-2813,Inbound,439,221,22,1,352.8,444.69,D2,Emily Harris,Slightly Delayed,5,Yes,Passed,13
TXN104807,09-03-2026,Manchester Storage,Liverpool,Grocery,Cooking Oil,Sainsbury Logistics,BATCH-1723,Inbound,107,43,17,16,1171.42,2030.52,D2,George Brown,Delayed,10,No,Passed,15
TXN104808,12-06-2025,Birmingham Distribution,Birmingham,Pharma,Vitamin Tablets,UK Retail Goods,BATCH-1613,Inbound,235,124,11,10,383.46,564.39,A2,Emily Harris,On Time,2,No,Failed,17
TXN104809,16-11-2025,Birmingham Distribution,Leeds,Pharma,Paracetamol,Northern Supply Chain,BATCH-8094,Inbound,925,326,22,1,884.23,1311.41,A1,Harry Johnson,Slightly Delayed,5,No,Passed,12
TXN104810,20-09-2025,Birmingham Distribution,London,Grocery,Rice Pack,Britannia Pharma,BATCH-5832,Outbound,323,128,29,14,26.91,31.54,B2,Charlie Davies,Slightly Delayed,4,No,Failed,4
TXN104811,16-03-2026,Newcastle Depot,Newcastle,Electronics,Laptop,Tesco Supply Ltd,BATCH-6754,Outbound,976,73,7,15,1020.61,1552.44,D2,George Brown,Delayed,10,No,Passed,11
TXN104812,29-10-2025,London Central Hub,Manchester,Grocery,Cooking Oil,Sainsbury Logistics,BATCH-9400,Outbound,270,224,21,13,441.03,545.38,C2,George Brown,On Time,3,No,Passed,22
TXN104813,28-10-2025,Newcastle Depot,London,Home Appliances,Vacuum Cleaner,Prime Wholesale UK,BATCH-3976,Outbound,281,276,39,8,600.86,736.65,A1,Emily Harris,Delayed,7,Yes,Passed,6
TXN104814,15-10-2025,Bristol Supply Hub,Glasgow,Grocery,Cereal,London Trade Corp,BATCH-2879,Inbound,698,105,24,19,574.91,776.18,C2,Jack Taylor,Delayed,8,No,Passed,22
TXN104815,03-01-2026,Bristol Supply Hub,Bristol,Fashion,Sneakers,Tesco Supply Ltd,BATCH-2092,Inbound,984,171,8,16,683.18,1198.93,B1,Charlie Davies,Slightly Delayed,4,No,Passed,21
TXN104816,01-02-2026,Bristol Supply Hub,Bristol,Home Appliances,Vacuum Cleaner,UK Retail Goods,BATCH-3128,Outbound,685,622,28,13,900.29,1350.44,D2,Charlie Davies,Delayed,8,No,Passed,0
TXN104817,22-05-2025,Bristol Supply Hub,Birmingham,Pharma,Cough Syrup,London Trade Corp,BATCH-6300,Outbound,417,40,34,20,236.65,303.71,C1,Jack Taylor,Delayed,9,No,Passed,18
TXN104818,25-09-2025,Manchester Storage,Birmingham,Grocery,Cereal,ASDA Distribution,BATCH-2643,Outbound,791,632,30,0,695.08,1244.97,C2,Noah Wilson,Delayed,7,Yes,Passed,19
TXN104819,25-02-2026,Glasgow Warehouse,Birmingham,Grocery,Cereal,London Trade Corp,BATCH-7447,Inbound,428,244,34,12,1000.18,1343.0,A1,Oliver Smith,On Time,1,Yes,Passed,1
TXN104820,31-03-2025,London Central Hub,London,Electronics,Tablet,ASDA Distribution,BATCH-1871,Inbound,757,580,7,0,925.81,1311.63,A2,George Brown,On Time,2,Yes,Passed,14
TXN104821,15-07-2025,Birmingham Distribution,Birmingham,Grocery,Cereal,Northern Supply Chain,BATCH-7336,Outbound,774,644,19,20,876.16,1425.42,A1,Emily Harris,Slightly Delayed,5,No,Failed,7
TXN104822,10-06-2025,Newcastle Depot,London,Home Appliances,Air Fryer,Northern Supply Chain,BATCH-1573,Outbound,278,64,32,12,1041.56,1331.85,A1,Charlie Davies,Slightly Delayed,6,No,Passed,0
TXN104823,05-01-2025,Newcastle Depot,Bristol,Fashion,Jacket,Sainsbury Logistics,BATCH-2336,Outbound,222,171,33,19,714.82,1251.3,D2,Noah Wilson,Delayed,10,Yes,Passed,8
TXN104824,28-03-2025,Glasgow Warehouse,Liverpool,Pharma,Paracetamol,Sainsbury Logistics,BATCH-3424,Inbound,725,257,15,3,447.75,558.59,A2,George Brown,Slightly Delayed,6,No,Passed,23
TXN104825,29-04-2026,Leeds Fulfillment,London,Pharma,Vitamin Tablets,ASDA Distribution,BATCH-9119,Inbound,658,100,38,1,1137.96,1839.4,B2,Jack Taylor,On Time,2,No,Passed,12
TXN104826,02-03-2026,London Central Hub,Birmingham,Fashion,T-Shirt,Northern Supply Chain,BATCH-9380,Inbound,696,663,36,20,441.51,721.91,C2,Jack Taylor,Delayed,9,Yes,Passed,7
TXN104827,24-12-2025,Manchester Storage,Manchester,Home Appliances,Vacuum Cleaner,Prime Wholesale UK,BATCH-1059,Inbound,646,101,37,13,732.32,1066.2,A2,Charlie Davies,On Time,1,Yes,Passed,18
TXN104828,31-08-2025,Birmingham Distribution,Manchester,Fashion,T-Shirt,Prime Wholesale UK,BATCH-4542,Inbound,58,48,19,8,272.77,420.26,C1,Charlie Davies,Slightly Delayed,5,No,Passed,0
TXN104829,05-06-2025,Birmingham Distribution,Glasgow,Pharma,Bandages,London Trade Corp,BATCH-3362,Outbound,706,337,40,5,24.57,31.84,B1,George Brown,Delayed,7,No,Failed,4
TXN104830,30-04-2025,Manchester Storage,Liverpool,Electronics,Keyboard,Prime Wholesale UK,BATCH-1615,Outbound,61,38,9,20,420.75,750.96,D2,George Brown,Slightly Delayed,5,Yes,Passed,8
TXN104831,11-10-2025,Leeds Fulfillment,Glasgow,Pharma,Paracetamol,UK Retail Goods,BATCH-1411,Outbound,990,306,25,7,229.79,411.81,A1,Amelia Clark,Delayed,9,No,Failed,11
TXN104832,17-10-2025,Newcastle Depot,Bristol,Home Appliances,Microwave,Britannia Pharma,BATCH-1320,Inbound,204,109,31,5,330.84,501.74,D1,Amelia Clark,Slightly Delayed,6,No,Failed,13
TXN104833,05-01-2025,Leeds Fulfillment,Manchester,Home Appliances,Mixer,London Trade Corp,BATCH-6988,Inbound,166,124,18,8,799.96,1282.77,A1,Charlie Davies,Delayed,8,Yes,Passed,14
TXN104834,04-05-2026,Bristol Supply Hub,Bristol,Fashion,Sneakers,Sainsbury Logistics,BATCH-7450,Inbound,531,406,5,20,187.46,313.94,A2,Harry Johnson,Delayed,9,No,Passed,7
TXN104835,19-01-2025,London Central Hub,Manchester,Grocery,Cooking Oil,UK Retail Goods,BATCH-3031,Outbound,447,415,10,11,230.1,337.57,D2,Oliver Smith,Slightly Delayed,4,Yes,Failed,7
TXN104836,06-04-2026,Manchester Storage,Newcastle,Grocery,Cooking Oil,Tesco Supply Ltd,BATCH-6273,Inbound,151,128,19,18,1116.62,1645.67,B2,Oliver Smith,Slightly Delayed,5,No,Passed,25
TXN104837,21-09-2025,Leeds Fulfillment,Leeds,Electronics,Smartphone,ASDA Distribution,BATCH-2436,Inbound,946,913,26,1,139.21,213.49,B2,Emily Harris,Slightly Delayed,6,Yes,Passed,0
TXN104838,12-02-2025,Bristol Supply Hub,Manchester,Grocery,Rice Pack,Tesco Supply Ltd,BATCH-8280,Outbound,876,83,23,3,944.11,1293.26,C1,Noah Wilson,Delayed,9,Yes,Passed,12
TXN104839,12-05-2025,Birmingham Distribution,Glasgow,Grocery,Rice Pack,ASDA Distribution,BATCH-7139,Inbound,340,115,16,7,1078.21,1293.78,C1,Harry Johnson,On Time,3,Yes,Passed,24
TXN104840,20-12-2025,Glasgow Warehouse,Leeds,Grocery,Coffee,UK Retail Goods,BATCH-3018,Inbound,80,58,30,10,224.43,360.3,B2,Oliver Smith,On Time,1,No,Passed,7
TXN104841,18-09-2025,Birmingham Distribution,London,Fashion,T-Shirt,Britannia Pharma,BATCH-4288,Inbound,351,51,40,2,731.36,939.72,A1,Oliver Smith,On Time,3,No,Passed,5
TXN104842,11-04-2025,Glasgow Warehouse,Newcastle,Grocery,Rice Pack,UK Retail Goods,BATCH-5642,Outbound,375,35,17,14,653.19,1149.73,C2,George Brown,Delayed,8,No,Passed,15
TXN104843,20-04-2026,Bristol Supply Hub,Bristol,Pharma,Vitamin Tablets,Tesco Supply Ltd,BATCH-8020,Inbound,986,879,21,2,748.18,888.37,C2,Noah Wilson,Delayed,8,No,Passed,15
TXN104844,18-04-2025,Bristol Supply Hub,London,Grocery,Coffee,Northern Supply Chain,BATCH-1723,Outbound,376,250,18,8,1054.4,1775.38,C1,Oliver Smith,Slightly Delayed,6,Yes,Passed,17
TXN104845,04-05-2026,Leeds Fulfillment,Glasgow,Pharma,Paracetamol,Northern Supply Chain,BATCH-2423,Inbound,937,933,18,18,513.65,761.43,B2,Jack Taylor,Slightly Delayed,4,Yes,Passed,22
TXN104846,20-04-2026,Liverpool Logistics,Birmingham,Electronics,Monitor,London Trade Corp,BATCH-7197,Inbound,945,502,23,10,838.41,1298.66,D2,Emily Harris,On Time,2,Yes,Passed,23
TXN104847,12-04-2026,Liverpool Logistics,Manchester,Fashion,T-Shirt,Britannia Pharma,BATCH-3126,Inbound,592,552,35,0,1119.42,1690.36,A2,George Brown,Delayed,7,No,Passed,7
TXN104848,23-01-2026,Manchester Storage,Manchester,Pharma,Paracetamol,Sainsbury Logistics,BATCH-6232,Outbound,330,153,17,20,355.81,601.59,D1,Emily Harris,On Time,3,No,Passed,13
TXN104849,08-02-2026,Liverpool Logistics,Liverpool,Electronics,Laptop,London Trade Corp,BATCH-8981,Outbound,266,176,12,11,291.73,335.3,D2,Emily Harris,Slightly Delayed,4,No,Passed,25
TXN104850,21-12-2025,Leeds Fulfillment,Manchester,Fashion,T-Shirt,Tesco Supply Ltd,BATCH-1988,Outbound,154,63,28,13,435.57,764.77,A1,Oliver Smith,Slightly Delayed,5,No,Passed,2
TXN104851,17-07-2025,Manchester Storage,London,Home Appliances,Mixer,Sainsbury Logistics,BATCH-1645,Inbound,867,667,15,13,491.27,589.96,A2,Emily Harris,Delayed,7,No,Passed,11
TXN104852,30-01-2025,London Central Hub,Bristol,Electronics,Keyboard,Tesco Supply Ltd,BATCH-1046,Inbound,711,563,37,7,320.27,455.08,A1,Charlie Davies,On Time,2,No,Passed,7
TXN104853,07-07-2025,Liverpool Logistics,Birmingham,Fashion,Jacket,Sainsbury Logistics,BATCH-3182,Outbound,448,78,11,8,396.5,534.01,D1,Charlie Davies,Delayed,10,Yes,Failed,19
TXN104854,19-10-2025,Leeds Fulfillment,London,Home Appliances,Mixer,Britannia Pharma,BATCH-6338,Outbound,174,142,40,1,978.63,1548.61,C1,Emily Harris,Delayed,7,Yes,Failed,8
TXN104855,11-06-2025,Leeds Fulfillment,Liverpool,Grocery,Coffee,Northern Supply Chain,BATCH-6405,Outbound,124,42,0,1,337.89,540.52,C2,Amelia Clark,On Time,2,No,Passed,20
TXN104856,09-02-2025,Leeds Fulfillment,Glasgow,Pharma,Cough Syrup,Northern Supply Chain,BATCH-2769,Outbound,844,254,1,4,544.19,833.21,A2,George Brown,On Time,2,Yes,Passed,11
TXN104857,23-04-2026,Birmingham Distribution,Glasgow,Pharma,Paracetamol,Britannia Pharma,BATCH-2104,Inbound,324,280,12,9,423.3,679.93,B1,Harry Johnson,Delayed,7,No,Failed,21
TXN104858,15-04-2025,Liverpool Logistics,Glasgow,Fashion,Jacket,Prime Wholesale UK,BATCH-9972,Outbound,539,506,35,2,1055.45,1782.3,D2,Amelia Clark,Slightly Delayed,5,No,Failed,0
TXN104859,11-02-2025,Bristol Supply Hub,Newcastle,Pharma,Cough Syrup,Sainsbury Logistics,BATCH-4267,Outbound,561,404,31,8,962.51,1498.12,B1,Emily Harris,Slightly Delayed,4,No,Passed,23
TXN104860,07-02-2026,Newcastle Depot,Liverpool,Grocery,Cooking Oil,Sainsbury Logistics,BATCH-3397,Inbound,890,507,18,1,379.26,441.18,D1,Harry Johnson,On Time,2,Yes,Passed,16
TXN104861,18-12-2025,London Central Hub,Liverpool,Electronics,Smartphone,Northern Supply Chain,BATCH-3945,Outbound,236,24,3,4,657.83,1026.14,C2,Amelia Clark,Slightly Delayed,4,Yes,Passed,18
TXN104862,27-12-2025,Birmingham Distribution,London,Pharma,Vitamin Tablets,Sainsbury Logistics,BATCH-7930,Inbound,181,95,8,19,270.04,378.21,D2,Charlie Davies,Slightly Delayed,5,Yes,Passed,14
TXN104863,28-05-2025,London Central Hub,Liverpool,Grocery,Rice Pack,Northern Supply Chain,BATCH-1891,Inbound,834,120,27,0,1063.99,1699.95,D1,Oliver Smith,On Time,3,Yes,Failed,15
TXN104864,01-09-2025,Glasgow Warehouse,Birmingham,Home Appliances,Mixer,ASDA Distribution,BATCH-1734,Inbound,408,383,28,11,838.65,1085.12,A2,Noah Wilson,Delayed,9,No,Passed,7
TXN104865,05-01-2026,Bristol Supply Hub,Glasgow,Pharma,Cough Syrup,Tesco Supply Ltd,BATCH-4832,Outbound,240,79,5,7,293.06,520.88,A1,Jack Taylor,Delayed,9,No,Passed,25
TXN104866,15-11-2025,London Central Hub,Leeds,Home Appliances,Air Fryer,Sainsbury Logistics,BATCH-2707,Inbound,718,70,6,1,98.71,154.3,D1,Oliver Smith,On Time,3,No,Passed,6
TXN104867,23-01-2025,Manchester Storage,Leeds,Grocery,Rice Pack,Tesco Supply Ltd,BATCH-3529,Outbound,237,114,26,12,90.97,116.91,B2,Jack Taylor,On Time,3,Yes,Passed,3
TXN104868,30-11-2025,Leeds Fulfillment,Manchester,Fashion,Jacket,London Trade Corp,BATCH-4004,Outbound,723,141,20,4,185.88,220.49,D2,Amelia Clark,Delayed,9,No,Passed,23
TXN104869,22-12-2025,Glasgow Warehouse,Glasgow,Pharma,Vitamin Tablets,Prime Wholesale UK,BATCH-7371,Inbound,418,147,9,8,201.37,342.96,C1,George Brown,Slightly Delayed,5,No,Passed,21
TXN104870,22-09-2025,London Central Hub,Birmingham,Electronics,Keyboard,Northern Supply Chain,BATCH-3166,Outbound,992,488,20,5,625.1,981.97,C2,Charlie Davies,On Time,3,Yes,Passed,4
TXN104871,22-09-2025,Leeds Fulfillment,Bristol,Pharma,Vitamin Tablets,ASDA Distribution,BATCH-1332,Outbound,132,75,28,4,67.43,85.02,B1,George Brown,Delayed,9,No,Failed,25
TXN104872,11-03-2025,London Central Hub,Glasgow,Pharma,Paracetamol,London Trade Corp,BATCH-7226,Inbound,663,308,0,13,1072.46,1648.79,D2,Charlie Davies,Slightly Delayed,5,No,Passed,18
TXN104873,19-09-2025,Manchester Storage,Glasgow,Grocery,Cooking Oil,London Trade Corp,BATCH-4099,Outbound,617,280,7,18,834.38,1014.68,D1,Emily Harris,Delayed,10,No,Passed,21
TXN104874,10-09-2025,Bristol Supply Hub,Manchester,Grocery,Cereal,ASDA Distribution,BATCH-4303,Inbound,350,257,13,12,1169.33,1752.3,D2,Amelia Clark,On Time,3,Yes,Passed,10
TXN104875,30-01-2025,Newcastle Depot,Birmingham,Home Appliances,Air Fryer,Britannia Pharma,BATCH-1698,Inbound,424,396,0,8,850.75,1236.47,A1,Amelia Clark,Delayed,8,No,Failed,23
TXN104876,16-03-2026,Manchester Storage,Newcastle,Fashion,Sneakers,UK Retail Goods,BATCH-3505,Outbound,936,664,22,8,44.78,62.6,D1,Charlie Davies,On Time,3,Yes,Passed,20
TXN104877,03-08-2025,Liverpool Logistics,Birmingham,Home Appliances,Mixer,Britannia Pharma,BATCH-1390,Inbound,408,341,15,16,23.14,36.34,A1,Emily Harris,Slightly Delayed,5,Yes,Passed,22
TXN104878,05-05-2026,Leeds Fulfillment,Liverpool,Grocery,Rice Pack,Prime Wholesale UK,BATCH-7761,Inbound,617,532,21,20,332.3,514.5,C2,Amelia Clark,Slightly Delayed,4,Yes,Failed,16
TXN104879,31-07-2025,Manchester Storage,Manchester,Home Appliances,Air Fryer,Tesco Supply Ltd,BATCH-5376,Inbound,693,212,25,10,354.15,510.68,A1,Harry Johnson,Slightly Delayed,5,No,Passed,24
TXN104880,13-03-2025,London Central Hub,London,Grocery,Coffee,London Trade Corp,BATCH-9445,Outbound,580,529,22,3,311.01,346.48,A1,Noah Wilson,On Time,1,No,Passed,9
TXN104881,31-05-2025,Glasgow Warehouse,London,Home Appliances,Mixer,UK Retail Goods,BATCH-6176,Outbound,793,603,23,8,8.85,15.37,C1,George Brown,Delayed,8,No,Failed,7
TXN104882,22-03-2026,Leeds Fulfillment,London,Electronics,Smartphone,Tesco Supply Ltd,BATCH-4311,Outbound,855,552,5,6,393.36,463.15,C2,Charlie Davies,On Time,3,No,Passed,17
TXN104883,22-09-2025,London Central Hub,Birmingham,Electronics,Monitor,Prime Wholesale UK,BATCH-9948,Outbound,746,435,27,8,239.95,335.08,B2,Amelia Clark,Slightly Delayed,4,Yes,Passed,24
TXN104884,12-06-2025,Leeds Fulfillment,Manchester,Electronics,Keyboard,ASDA Distribution,BATCH-7870,Outbound,352,281,4,14,552.54,939.25,A2,Emily Harris,Slightly Delayed,6,Yes,Passed,20
TXN104885,20-02-2025,London Central Hub,Newcastle,Pharma,Bandages,Tesco Supply Ltd,BATCH-8888,Inbound,348,111,11,2,698.14,802.31,A1,George Brown,Slightly Delayed,4,Yes,Passed,24
TXN104886,12-02-2025,Liverpool Logistics,London,Grocery,Cooking Oil,UK Retail Goods,BATCH-9353,Outbound,341,330,11,11,53.56,95.13,B1,Harry Johnson,Delayed,7,Yes,Passed,5
TXN104887,17-04-2025,Liverpool Logistics,Birmingham,Home Appliances,Microwave,Britannia Pharma,BATCH-2713,Inbound,923,63,3,14,617.35,739.04,A1,Oliver Smith,Delayed,10,Yes,Failed,4
TXN104888,04-04-2025,London Central Hub,Glasgow,Pharma,Paracetamol,London Trade Corp,BATCH-9874,Inbound,476,134,13,8,406.75,660.42,A2,Noah Wilson,Slightly Delayed,5,Yes,Passed,1
TXN104889,11-05-2025,Leeds Fulfillment,Leeds,Grocery,Rice Pack,Tesco Supply Ltd,BATCH-5923,Inbound,815,721,22,4,938.51,1045.81,A1,Emily Harris,Slightly Delayed,5,No,Passed,11
TXN104890,03-03-2026,Glasgow Warehouse,Birmingham,Pharma,Paracetamol,Northern Supply Chain,BATCH-5675,Outbound,390,342,40,11,804.32,1063.93,C2,Oliver Smith,Delayed,7,No,Passed,5
TXN104891,19-03-2025,Leeds Fulfillment,Leeds,Grocery,Rice Pack,UK Retail Goods,BATCH-7082,Outbound,881,704,15,8,133.88,156.47,C2,Noah Wilson,Delayed,7,Yes,Failed,9
TXN104892,17-04-2025,Bristol Supply Hub,Manchester,Home Appliances,Mixer,UK Retail Goods,BATCH-1333,Inbound,588,120,3,5,948.19,1128.96,B1,Oliver Smith,Slightly Delayed,4,No,Passed,19
TXN104893,19-01-2025,Manchester Storage,Newcastle,Electronics,Monitor,Britannia Pharma,BATCH-5999,Inbound,918,320,28,6,1019.96,1646.22,A2,Emily Harris,Delayed,9,Yes,Passed,24
TXN104894,27-07-2025,Manchester Storage,Newcastle,Fashion,Jeans,UK Retail Goods,BATCH-6666,Outbound,787,266,1,17,971.31,1473.84,B2,Jack Taylor,Delayed,7,Yes,Passed,15
TXN104895,11-01-2025,Manchester Storage,Birmingham,Fashion,Sneakers,Prime Wholesale UK,BATCH-2058,Inbound,113,51,27,0,203.37,235.13,A1,Jack Taylor,Slightly Delayed,4,No,Passed,25
TXN104896,01-07-2025,Leeds Fulfillment,Liverpool,Fashion,Sneakers,Tesco Supply Ltd,BATCH-6021,Inbound,865,158,19,20,994.86,1484.04,D1,Noah Wilson,Delayed,7,Yes,Passed,11
TXN104897,05-01-2026,Manchester Storage,Glasgow,Grocery,Cereal,Britannia Pharma,BATCH-5823,Outbound,429,216,37,2,22.07,29.97,C2,Harry Johnson,Slightly Delayed,5,No,Failed,22
TXN104898,30-04-2026,Liverpool Logistics,Leeds,Electronics,Laptop,Prime Wholesale UK,BATCH-1254,Inbound,217,25,33,6,619.95,1090.33,D1,Charlie Davies,On Time,2,No,Passed,3
TXN104899,18-11-2025,Liverpool Logistics,Manchester,Home Appliances,Vacuum Cleaner,Prime Wholesale UK,BATCH-7663,Inbound,738,670,32,8,163.07,257.34,D2,Noah Wilson,Slightly Delayed,4,Yes,Passed,3
TXN104900,15-09-2025,London Central Hub,Glasgow,Pharma,Paracetamol,Northern Supply Chain,BATCH-8747,Outbound,146,32,2,19,1153.68,1811.61,D1,Jack Taylor,Delayed,10,Yes,Passed,15
TXN104901,02-08-2025,Liverpool Logistics,Leeds,Home Appliances,Air Fryer,Tesco Supply Ltd,BATCH-3008,Outbound,171,157,19,1,328.28,509.78,D1,Noah Wilson,On Time,2,Yes,Passed,3
TXN104902,07-10-2025,Liverpool Logistics,Glasgow,Grocery,Cereal,Prime Wholesale UK,BATCH-6049,Outbound,263,76,30,6,485.55,702.46,C2,Noah Wilson,Delayed,10,Yes,Passed,4
TXN104903,09-04-2026,Newcastle Depot,London,Pharma,Paracetamol,Britannia Pharma,BATCH-8084,Outbound,559,403,39,3,960.86,1515.57,A1,Oliver Smith,Slightly Delayed,5,Yes,Passed,24
TXN104904,22-07-2025,Bristol Supply Hub,Liverpool,Pharma,Paracetamol,ASDA Distribution,BATCH-6540,Outbound,254,83,31,1,683.98,880.75,D2,Amelia Clark,On Time,3,Yes,Passed,11
TXN104905,15-07-2025,Liverpool Logistics,London,Fashion,Sneakers,ASDA Distribution,BATCH-7294,Outbound,936,840,14,11,396.2,465.78,C2,George Brown,Slightly Delayed,4,No,Passed,14
TXN104906,08-06-2025,Newcastle Depot,Manchester,Grocery,Coffee,Tesco Supply Ltd,BATCH-3667,Outbound,699,262,18,20,590.98,1008.78,D2,Jack Taylor,On Time,2,Yes,Passed,16
TXN104907,26-05-2025,Leeds Fulfillment,Leeds,Home Appliances,Mixer,Prime Wholesale UK,BATCH-8041,Outbound,449,223,36,1,329.82,418.2,D2,Harry Johnson,Delayed,7,No,Passed,14
TXN104908,11-05-2026,London Central Hub,London,Fashion,Jacket,Sainsbury Logistics,BATCH-5909,Inbound,467,269,0,0,904.33,1584.96,A2,Harry Johnson,On Time,3,Yes,Passed,0
TXN104909,14-04-2026,Leeds Fulfillment,Newcastle,Home Appliances,Vacuum Cleaner,Tesco Supply Ltd,BATCH-3925,Inbound,795,677,23,6,260.35,326.44,D1,George Brown,Slightly Delayed,6,Yes,Failed,12
TXN104910,20-09-2025,Glasgow Warehouse,Newcastle,Pharma,Cough Syrup,Britannia Pharma,BATCH-5927,Outbound,485,256,39,18,1018.32,1165.25,B1,George Brown,Delayed,7,No,Passed,24
TXN104911,05-12-2025,Birmingham Distribution,Birmingham,Electronics,Keyboard,Prime Wholesale UK,BATCH-4139,Outbound,848,246,13,20,867.94,1237.46,C2,Emily Harris,On Time,1,No,Passed,14
TXN104912,18-02-2026,Newcastle Depot,Leeds,Grocery,Cereal,Northern Supply Chain,BATCH-9839,Outbound,577,535,28,4,409.71,617.84,B2,Jack Taylor,Slightly Delayed,4,Yes,Passed,11
TXN104913,13-04-2026,London Central Hub,Liverpool,Pharma,Vitamin Tablets,Northern Supply Chain,BATCH-1741,Outbound,548,204,32,11,634.03,949.64,B2,Emily Harris,On Time,2,No,Passed,2
TXN104914,02-11-2025,Birmingham Distribution,London,Pharma,Paracetamol,Prime Wholesale UK,BATCH-4234,Inbound,448,57,15,20,636.49,1046.55,B2,Oliver Smith,Slightly Delayed,5,No,Passed,1
TXN104915,10-07-2025,Liverpool Logistics,Liverpool,Pharma,Bandages,UK Retail Goods,BATCH-6341,Outbound,671,331,5,13,1143.21,1380.82,C2,Emily Harris,Delayed,7,No,Passed,9
TXN104916,04-04-2025,Liverpool Logistics,Liverpool,Pharma,Vitamin Tablets,Britannia Pharma,BATCH-6402,Inbound,410,353,29,8,209.94,303.78,A1,Noah Wilson,Delayed,8,No,Passed,3
TXN104917,12-11-2025,London Central Hub,Liverpool,Home Appliances,Microwave,London Trade Corp,BATCH-5388,Inbound,449,295,30,16,1075.94,1702.01,B2,Amelia Clark,Slightly Delayed,4,No,Passed,11
TXN104918,30-04-2026,Birmingham Distribution,Glasgow,Home Appliances,Mixer,Northern Supply Chain,BATCH-6574,Outbound,674,272,10,0,727.25,1020.16,C1,Noah Wilson,On Time,3,No,Passed,14
TXN104919,10-12-2025,Bristol Supply Hub,Glasgow,Pharma,Cough Syrup,Sainsbury Logistics,BATCH-9255,Outbound,57,55,3,16,788.23,902.34,D1,Harry Johnson,Slightly Delayed,6,No,Passed,18
TXN104920,08-08-2025,Bristol Supply Hub,Newcastle,Fashion,Sneakers,UK Retail Goods,BATCH-9549,Inbound,357,136,36,3,888.79,1197.34,B1,Amelia Clark,On Time,1,No,Passed,11
TXN104921,03-03-2025,Glasgow Warehouse,Birmingham,Home Appliances,Vacuum Cleaner,UK Retail Goods,BATCH-1146,Inbound,265,230,6,4,737.14,1132.47,C2,Harry Johnson,Slightly Delayed,4,No,Failed,25
TXN104922,16-01-2026,Leeds Fulfillment,Manchester,Fashion,Sneakers,Northern Supply Chain,BATCH-5770,Outbound,197,73,18,7,86.02,111.2,D1,George Brown,Slightly Delayed,6,No,Failed,23
TXN104923,07-04-2026,Birmingham Distribution,Glasgow,Grocery,Rice Pack,London Trade Corp,BATCH-5565,Inbound,351,122,21,13,21.87,27.92,B1,Oliver Smith,On Time,2,No,Passed,25
TXN104924,31-10-2025,Newcastle Depot,Leeds,Home Appliances,Vacuum Cleaner,Tesco Supply Ltd,BATCH-5499,Inbound,58,41,20,6,335.23,383.1,A2,Jack Taylor,On Time,1,No,Passed,14
TXN104925,09-01-2025,Newcastle Depot,London,Pharma,Vitamin Tablets,UK Retail Goods,BATCH-2527,Inbound,277,188,4,11,770.89,993.55,C1,Amelia Clark,Delayed,7,No,Passed,6
TXN104926,16-03-2025,Newcastle Depot,Birmingham,Electronics,Monitor,UK Retail Goods,BATCH-2620,Outbound,788,177,11,18,904.95,1553.57,D2,Charlie Davies,Slightly Delayed,6,No,Passed,11
TXN104927,08-10-2025,Glasgow Warehouse,Bristol,Home Appliances,Air Fryer,Tesco Supply Ltd,BATCH-6136,Outbound,568,286,7,6,667.1,1068.93,B1,Oliver Smith,Delayed,9,Yes,Passed,17
TXN104928,15-07-2025,Newcastle Depot,Liverpool,Grocery,Coffee,ASDA Distribution,BATCH-7059,Outbound,186,149,28,12,979.54,1407.14,A2,Emily Harris,Slightly Delayed,6,Yes,Failed,8
TXN104929,04-01-2025,Glasgow Warehouse,Manchester,Fashion,Handbag,London Trade Corp,BATCH-3324,Inbound,881,410,35,10,101.62,174.76,B2,Charlie Davies,Delayed,10,Yes,Passed,16
TXN104930,08-06-2025,Bristol Supply Hub,Leeds,Grocery,Tea Bags,ASDA Distribution,BATCH-3009,Inbound,588,439,1,13,570.08,977.06,C2,George Brown,Slightly Delayed,5,No,Passed,21
TXN104931,07-11-2025,Leeds Fulfillment,Glasgow,Electronics,Laptop,Tesco Supply Ltd,BATCH-8203,Outbound,710,409,38,17,938.6,1089.31,B1,Jack Taylor,On Time,3,No,Passed,8
TXN104932,19-05-2025,London Central Hub,Birmingham,Pharma,Paracetamol,ASDA Distribution,BATCH-9067,Inbound,923,375,37,10,122.36,207.4,B1,Oliver Smith,Delayed,8,No,Passed,7
TXN104933,07-07-2025,Birmingham Distribution,Manchester,Pharma,Vitamin Tablets,UK Retail Goods,BATCH-7900,Outbound,223,77,19,16,511.44,657.46,C1,Harry Johnson,On Time,2,No,Passed,3
TXN104934,09-05-2025,Bristol Supply Hub,Leeds,Pharma,Cough Syrup,London Trade Corp,BATCH-7202,Inbound,577,380,39,0,944.46,1082.82,D1,George Brown,Delayed,9,No,Passed,16
TXN104935,22-12-2025,Leeds Fulfillment,Leeds,Pharma,Vitamin Tablets,ASDA Distribution,BATCH-9558,Outbound,862,817,35,16,1069.56,1754.9,A2,George Brown,Slightly Delayed,4,Yes,Passed,23
TXN104936,02-08-2025,Newcastle Depot,London,Home Appliances,Air Fryer,Britannia Pharma,BATCH-1589,Inbound,515,132,37,14,721.28,807.04,B2,George Brown,Delayed,9,No,Passed,6
TXN104937,13-08-2025,Liverpool Logistics,Bristol,Electronics,Tablet,Prime Wholesale UK,BATCH-2969,Inbound,865,704,21,20,1199.71,1973.95,A1,Charlie Davies,Delayed,8,Yes,Passed,16
TXN104938,04-09-2025,Glasgow Warehouse,Leeds,Pharma,Cough Syrup,Sainsbury Logistics,BATCH-2433,Inbound,206,90,2,3,1038.88,1706.29,C2,Emily Harris,On Time,3,Yes,Passed,12
TXN104939,10-05-2026,Manchester Storage,Leeds,Pharma,Bandages,ASDA Distribution,BATCH-7099,Outbound,856,73,11,8,323.62,438.98,A1,Charlie Davies,On Time,1,Yes,Passed,1
TXN104940,06-05-2025,Leeds Fulfillment,Manchester,Home Appliances,Microwave,Tesco Supply Ltd,BATCH-8424,Inbound,144,140,27,16,451.3,596.94,D2,George Brown,Delayed,10,Yes,Passed,16
TXN104941,24-11-2025,London Central Hub,Bristol,Home Appliances,Vacuum Cleaner,UK Retail Goods,BATCH-5311,Outbound,236,111,28,8,470.37,620.6,D1,Oliver Smith,Slightly Delayed,5,Yes,Passed,7
TXN104942,09-05-2026,Birmingham Distribution,Bristol,Pharma,Paracetamol,Tesco Supply Ltd,BATCH-2773,Inbound,550,43,11,13,1115.39,1935.59,B2,Harry Johnson,Delayed,8,No,Passed,10
TXN104943,18-01-2026,Manchester Storage,Leeds,Home Appliances,Mixer,Britannia Pharma,BATCH-5625,Inbound,943,637,31,0,554.91,814.72,A2,Harry Johnson,Slightly Delayed,5,No,Passed,24
TXN104944,03-11-2025,Leeds Fulfillment,Bristol,Pharma,Bandages,London Trade Corp,BATCH-5252,Outbound,306,163,34,18,807.73,1153.65,A1,Oliver Smith,On Time,1,Yes,Passed,20
TXN104945,22-05-2025,Birmingham Distribution,Manchester,Home Appliances,Mixer,Britannia Pharma,BATCH-9130,Inbound,550,268,23,1,1062.81,1414.85,A1,Oliver Smith,Slightly Delayed,4,Yes,Passed,14
TXN104946,26-02-2026,Liverpool Logistics,Liverpool,Electronics,Monitor,Sainsbury Logistics,BATCH-8815,Inbound,84,36,38,0,216.74,349.05,A2,Harry Johnson,On Time,1,Yes,Passed,9
TXN104947,06-02-2025,Leeds Fulfillment,Glasgow,Home Appliances,Vacuum Cleaner,London Trade Corp,BATCH-7668,Inbound,524,270,13,11,1016.43,1420.21,A2,Oliver Smith,Delayed,8,No,Passed,19
TXN104948,13-12-2025,Bristol Supply Hub,Bristol,Electronics,Keyboard,Sainsbury Logistics,BATCH-4202,Outbound,604,325,1,6,655.25,1174.6,C1,Amelia Clark,Slightly Delayed,4,No,Passed,24
TXN104949,20-06-2025,London Central Hub,Glasgow,Home Appliances,Microwave,Prime Wholesale UK,BATCH-4125,Outbound,871,244,34,6,531.96,806.28,D1,Oliver Smith,Delayed,10,Yes,Passed,17
TXN104950,11-01-2025,Leeds Fulfillment,Bristol,Home Appliances,Microwave,ASDA Distribution,BATCH-5743,Inbound,426,376,9,18,916.01,1557.33,B1,George Brown,Delayed,9,No,Passed,17
TXN104951,28-02-2025,Glasgow Warehouse,Bristol,Electronics,Smartphone,Prime Wholesale UK,BATCH-3189,Outbound,925,702,32,8,1005.22,1358.69,C1,Harry Johnson,On Time,2,No,Passed,12
TXN104952,27-10-2025,Glasgow Warehouse,Newcastle,Fashion,Handbag,Sainsbury Logistics,BATCH-5136,Outbound,576,435,13,5,868.58,1190.9,C1,Noah Wilson,Slightly Delayed,4,Yes,Passed,14
TXN104953,16-05-2026,Newcastle Depot,Leeds,Fashion,Sneakers,Prime Wholesale UK,BATCH-7701,Outbound,317,112,5,9,718.87,1201.2,C1,Harry Johnson,On Time,1,No,Passed,1
TXN104954,08-03-2025,Birmingham Distribution,Newcastle,Fashion,Handbag,ASDA Distribution,BATCH-8025,Outbound,740,357,33,10,239.22,336.14,C1,Jack Taylor,Delayed,7,Yes,Passed,20
TXN104955,22-02-2025,Liverpool Logistics,Leeds,Pharma,Bandages,London Trade Corp,BATCH-2447,Inbound,637,446,15,10,583.98,759.34,A1,George Brown,On Time,2,Yes,Passed,7
TXN104956,23-03-2026,London Central Hub,Glasgow,Electronics,Tablet,Prime Wholesale UK,BATCH-6996,Inbound,812,788,30,4,36.32,55.44,A2,Jack Taylor,Delayed,7,No,Passed,8
TXN104957,02-03-2026,Newcastle Depot,Bristol,Grocery,Rice Pack,Tesco Supply Ltd,BATCH-8099,Outbound,98,74,27,8,471.45,660.24,B1,Oliver Smith,Delayed,8,Yes,Passed,4
TXN104958,21-05-2025,Leeds Fulfillment,Newcastle,Grocery,Coffee,Britannia Pharma,BATCH-8867,Outbound,854,571,33,11,1157.23,1779.62,A1,Harry Johnson,Delayed,9,Yes,Passed,15
TXN104959,30-04-2025,Manchester Storage,Leeds,Fashion,Handbag,Britannia Pharma,BATCH-3738,Inbound,167,78,1,2,1152.1,1991.67,D1,Harry Johnson,On Time,1,Yes,Passed,25
TXN104960,18-05-2025,Manchester Storage,Manchester,Fashion,T-Shirt,Prime Wholesale UK,BATCH-1751,Inbound,547,286,28,14,254.16,319.15,D2,George Brown,Slightly Delayed,4,Yes,Passed,10
TXN104961,01-12-2025,London Central Hub,Birmingham,Pharma,Bandages,Britannia Pharma,BATCH-9284,Inbound,298,99,32,12,661.03,950.98,A2,George Brown,Delayed,8,Yes,Passed,12
TXN104962,18-04-2025,Newcastle Depot,Glasgow,Electronics,Smartphone,Sainsbury Logistics,BATCH-3450,Inbound,397,330,33,18,894.21,1568.45,C2,Amelia Clark,Delayed,9,No,Passed,11
TXN104963,18-02-2025,Bristol Supply Hub,Newcastle,Electronics,Smartphone,London Trade Corp,BATCH-9422,Outbound,1000,818,7,18,174.61,270.72,B2,Jack Taylor,Slightly Delayed,5,No,Passed,4
TXN104964,08-04-2026,Birmingham Distribution,Manchester,Pharma,Paracetamol,Sainsbury Logistics,BATCH-6380,Outbound,349,77,37,2,86.83,142.03,C1,George Brown,Delayed,9,No,Passed,1
TXN104965,16-02-2025,Leeds Fulfillment,London,Pharma,Vitamin Tablets,Tesco Supply Ltd,BATCH-5200,Outbound,357,170,8,13,804.88,898.27,D2,Charlie Davies,Delayed,8,Yes,Passed,9
TXN104966,21-01-2026,Bristol Supply Hub,Birmingham,Grocery,Cooking Oil,UK Retail Goods,BATCH-9721,Inbound,105,68,25,13,488.46,632.0,B1,Oliver Smith,On Time,3,No,Failed,0
TXN104967,15-05-2025,Liverpool Logistics,London,Grocery,Coffee,London Trade Corp,BATCH-4786,Outbound,913,831,34,1,184.73,275.38,C1,Oliver Smith,Delayed,10,No,Passed,13
TXN104968,05-02-2026,Bristol Supply Hub,Bristol,Home Appliances,Mixer,London Trade Corp,BATCH-4264,Outbound,669,567,24,8,833.72,1384.56,B1,Noah Wilson,Delayed,7,No,Passed,15
TXN104969,20-10-2025,Liverpool Logistics,Glasgow,Electronics,Tablet,Prime Wholesale UK,BATCH-4897,Outbound,175,59,10,15,1057.39,1250.2,B2,Noah Wilson,On Time,2,Yes,Passed,11
TXN104970,19-04-2026,Newcastle Depot,London,Electronics,Laptop,UK Retail Goods,BATCH-2964,Inbound,900,869,38,5,193.41,302.01,C2,Noah Wilson,On Time,2,No,Passed,3
TXN104971,03-12-2025,Newcastle Depot,Newcastle,Home Appliances,Mixer,London Trade Corp,BATCH-4596,Inbound,656,561,9,0,1050.09,1850.13,B1,Jack Taylor,Slightly Delayed,4,No,Passed,23
TXN104972,11-08-2025,Leeds Fulfillment,Leeds,Home Appliances,Microwave,London Trade Corp,BATCH-1184,Outbound,301,133,5,11,900.24,1079.76,C1,George Brown,Delayed,7,Yes,Passed,15
TXN104973,16-02-2026,Glasgow Warehouse,Liverpool,Home Appliances,Air Fryer,Northern Supply Chain,BATCH-5649,Inbound,581,252,1,1,416.64,595.85,D1,Amelia Clark,On Time,3,Yes,Passed,0
TXN104974,20-12-2025,Glasgow Warehouse,Liverpool,Fashion,Jeans,Sainsbury Logistics,BATCH-2890,Inbound,58,21,30,5,120.7,204.84,A1,Amelia Clark,Delayed,7,No,Passed,4
TXN104975,27-04-2025,Glasgow Warehouse,Leeds,Home Appliances,Microwave,Britannia Pharma,BATCH-2902,Inbound,732,258,11,2,990.14,1411.45,D2,Charlie Davies,Delayed,10,No,Failed,23
TXN104976,17-08-2025,Liverpool Logistics,Glasgow,Fashion,T-Shirt,Britannia Pharma,BATCH-3646,Outbound,721,624,33,15,690.06,1149.7,D1,George Brown,Delayed,9,Yes,Failed,2
TXN104977,09-12-2025,Bristol Supply Hub,Bristol,Fashion,T-Shirt,Britannia Pharma,BATCH-2759,Outbound,86,82,28,4,947.24,1202.32,B1,Oliver Smith,On Time,1,Yes,Failed,3
TXN104978,02-07-2025,Manchester Storage,Bristol,Pharma,Paracetamol,Tesco Supply Ltd,BATCH-6945,Inbound,387,258,12,3,377.97,631.96,C2,Oliver Smith,On Time,1,Yes,Passed,10
TXN104979,10-01-2025,Birmingham Distribution,Birmingham,Electronics,Keyboard,Sainsbury Logistics,BATCH-9944,Inbound,895,861,13,16,849.22,958.87,B1,Oliver Smith,On Time,1,Yes,Passed,12
TXN104980,05-02-2025,Birmingham Distribution,Liverpool,Pharma,Cough Syrup,Northern Supply Chain,BATCH-2670,Inbound,444,173,10,8,385.62,685.93,C1,George Brown,Delayed,9,Yes,Passed,20
TXN104981,08-07-2025,Leeds Fulfillment,Leeds,Grocery,Tea Bags,London Trade Corp,BATCH-3724,Outbound,153,122,28,7,296.62,485.52,A1,Charlie Davies,On Time,1,No,Passed,23
TXN104982,01-11-2025,Leeds Fulfillment,Glasgow,Electronics,Tablet,London Trade Corp,BATCH-3069,Inbound,214,72,28,2,431.17,585.31,C2,Harry Johnson,Delayed,8,No,Passed,9
TXN104983,23-06-2025,London Central Hub,Liverpool,Fashion,Jeans,London Trade Corp,BATCH-5469,Outbound,440,207,12,2,688.72,852.12,A2,George Brown,Delayed,7,Yes,Passed,11
TXN104984,25-01-2026,London Central Hub,London,Pharma,Vitamin Tablets,ASDA Distribution,BATCH-1966,Inbound,639,122,13,4,192.38,296.22,C1,Charlie Davies,Delayed,7,No,Passed,15
TXN104985,11-12-2025,Birmingham Distribution,Liverpool,Home Appliances,Vacuum Cleaner,Sainsbury Logistics,BATCH-7719,Inbound,488,160,14,14,316.01,516.43,A2,Amelia Clark,On Time,3,Yes,Passed,11
TXN104986,12-05-2025,London Central Hub,Birmingham,Home Appliances,Mixer,ASDA Distribution,BATCH-5676,Inbound,195,87,28,0,336.67,415.63,A2,Jack Taylor,On Time,3,Yes,Passed,2
TXN104987,26-05-2025,Birmingham Distribution,Leeds,Pharma,Paracetamol,Tesco Supply Ltd,BATCH-7796,Outbound,929,468,6,0,851.81,1295.94,B1,Oliver Smith,Slightly Delayed,6,No,Passed,22
TXN104988,20-09-2025,Newcastle Depot,London,Home Appliances,Air Fryer,Tesco Supply Ltd,BATCH-8550,Inbound,249,73,10,0,814.76,1305.91,C1,Charlie Davies,Delayed,7,Yes,Passed,17
TXN104989,03-04-2026,Bristol Supply Hub,Leeds,Electronics,Laptop,Prime Wholesale UK,BATCH-6815,Outbound,169,82,27,2,1136.26,1317.67,D1,Harry Johnson,Slightly Delayed,6,Yes,Passed,19
TXN104990,21-08-2025,London Central Hub,Liverpool,Fashion,Jacket,Northern Supply Chain,BATCH-2660,Outbound,131,26,30,12,915.97,1412.79,A1,Amelia Clark,Slightly Delayed,5,Yes,Passed,8
TXN104991,16-09-2025,Glasgow Warehouse,London,Home Appliances,Microwave,UK Retail Goods,BATCH-3127,Inbound,964,298,27,1,988.37,1442.34,D2,Emily Harris,On Time,2,Yes,Passed,12
TXN104992,28-11-2025,Newcastle Depot,Bristol,Electronics,Smartphone,Britannia Pharma,BATCH-7614,Inbound,491,446,34,8,738.33,1162.92,B2,Jack Taylor,On Time,2,No,Passed,20
TXN104993,22-12-2025,Birmingham Distribution,Leeds,Grocery,Rice Pack,UK Retail Goods,BATCH-2842,Inbound,123,87,35,9,377.33,638.26,C2,Jack Taylor,On Time,1,Yes,Passed,3
TXN104994,23-11-2025,London Central Hub,London,Grocery,Rice Pack,Northern Supply Chain,BATCH-8303,Inbound,295,211,11,18,1133.01,1492.66,B1,Charlie Davies,On Time,3,Yes,Passed,9
TXN104995,17-04-2025,Newcastle Depot,Liverpool,Pharma,Vitamin Tablets,Britannia Pharma,BATCH-3283,Inbound,946,942,13,7,801.39,1310.94,D2,Amelia Clark,On Time,2,No,Passed,18
TXN104996,26-03-2025,Birmingham Distribution,London,Fashion,Jacket,London Trade Corp,BATCH-8870,Outbound,937,797,38,19,805.68,1249.59,C2,Charlie Davies,Slightly Delayed,6,No,Passed,5
TXN104997,17-09-2025,Liverpool Logistics,Birmingham,Fashion,Jeans,ASDA Distribution,BATCH-6838,Outbound,53,42,33,3,496.23,626.73,D2,George Brown,On Time,1,No,Failed,14
TXN104998,27-11-2025,Newcastle Depot,Birmingham,Fashion,Handbag,Sainsbury Logistics,BATCH-5159,Outbound,541,495,25,1,412.64,480.14,B2,Charlie Davies,On Time,3,No,Passed,22
TXN104999,15-06-2025,Bristol Supply Hub,London,Home Appliances,Vacuum Cleaner,ASDA Distribution,BATCH-9145,Inbound,198,38,3,19,669.85,1184.88,B1,Amelia Clark,Delayed,7,No,Passed,2
